_id.authPayerId,_id.firstSix,_id.merchantId,_id.threeDsProviderName,_id.createdAt,_id.terminal_id,_id.eci,_id.transStatus,_id.authenticationStatus,_id.directoryServerErrorCode,_id.directoryServerErrorDescription,_id.veresEnrolled,_id.paresStatus,_id.authenticationResult,_id.statusReasonCode,_id.result,count
auth_payer_5KIZ56241120EQbA14Ah7a871,485932,20189822,CYBERSOURCE,2024-08-14T11:20:56.871Z,ter_352f806f61114893b8ad32e5,07,R,FAILED,[],[],["Y"],["R"],[],[],"[""AUTHENTICATION_FAILED"",""COMPLETED""]",1
auth_payer_qNdD13241122gdIO14nc7s508,445827,20189822,CYBERSOURCE,2024-08-14T11:22:13.508Z,ter_352f806f61114893b8ad32e5,05,Y,AUTHENTICATED,[],[],["Y"],["Y"],["0"],[],"[""PENDING_AUTHENTICATION"",""AUTHENTICATION_SUCCESSFUL"",""COMPLETED""]",1
auth_payer_10US56241124B9Hz14cF7I121,445827,20189822,CYBERSOURCE,2024-08-14T11:24:56.121Z,ter_352f806f61114893b8ad32e5,05,Y,AUTHENTICATED,[],[],["Y"],["Y"],["0"],[],"[""PENDING_AUTHENTICATION"",""AUTHENTICATION_SUCCESSFUL"",""COMPLETED""]",1
auth_payer_99tv59241124pyLU14sJ7Y937,445827,20189822,CYBERSOURCE,2024-08-14T11:24:59.937Z,ter_352f806f61114893b8ad32e5,05,Y,AUTHENTICATED,[],[],["Y"],["Y"],["0"],[],"[""PENDING_AUTHENTICATION"",""AUTHENTICATION_SUCCESSFUL"",""COMPLETED""]",1
auth_payer_ds9i15241126NTmi14cY72627,445827,20189822,CYBERSOURCE,2024-08-14T11:26:15.627Z,ter_352f806f61114893b8ad32e5,05,Y,AUTHENTICATED,[],[],["Y"],["Y"],["0"],[],"[""PENDING_AUTHENTICATION"",""AUTHENTICATION_SUCCESSFUL"",""COMPLETED""]",1
auth_payer_49Tz51241126Wsjm14kg7B384,445827,20189822,CYBERSOURCE,2024-08-14T11:26:51.384Z,ter_352f806f61114893b8ad32e5,05,Y,AUTHENTICATED,[],[],["Y"],["Y"],["0"],[],"[""PENDING_AUTHENTICATION"",""AUTHENTICATION_SUCCESSFUL"",""COMPLETED""]",1
auth_payer_Ll4N18241127jVBb14Bl7g821,445827,20189822,CYBERSOURCE,2024-08-14T11:27:18.821Z,ter_352f806f61114893b8ad32e5,05,Y,AUTHENTICATED,[],[],["Y"],["Y"],["0"],[],"[""PENDING_AUTHENTICATION"",""AUTHENTICATION_SUCCESSFUL"",""COMPLETED""]",1
auth_payer_Ojk019241128Qmzj14Dq7620,445827,20189822,CYBERSOURCE,2024-08-14T11:28:19.021Z,ter_352f806f61114893b8ad32e5,05,Y,AUTHENTICATED,[],[],["Y"],["Y"],["0"],[],"[""PENDING_AUTHENTICATION"",""AUTHENTICATION_SUCCESSFUL"",""COMPLETED""]",1
auth_payer_qsgn25241129N4G814y27d314,445827,20189822,CYBERSOURCE,2024-08-14T11:29:25.314Z,ter_352f806f61114893b8ad32e5,05,Y,AUTHENTICATED,[],[],["Y"],["Y"],["0"],[],"[""PENDING_AUTHENTICATION"",""AUTHENTICATION_SUCCESSFUL"",""COMPLETED""]",1
auth_payer_CphX6241130gioV14An7d518,445827,20189822,CYBERSOURCE,2024-08-14T11:30:06.518Z,ter_352f806f61114893b8ad32e5,,,PENDING,[],[],["Y"],[],[],[],"[""PENDING_AUTHENTICATION"",""COMPLETED""]",1
auth_payer_VpRy31241130e6J314DW7E99,454887,20189822,CYBERSOURCE,2024-08-14T11:30:31.099Z,ter_352f806f61114893b8ad32e5,,,INITIATED,[],[],[],[],[],[],["COMPLETED"],1
auth_payer_etdz39241131TLGN148n7L904,445827,20189822,CYBERSOURCE,2024-08-14T11:31:39.904Z,ter_352f806f61114893b8ad32e5,05,Y,AUTHENTICATED,[],[],["Y"],["Y"],["0"],[],"[""PENDING_AUTHENTICATION"",""AUTHENTICATION_SUCCESSFUL"",""COMPLETED""]",1
auth_payer_oyQn1241133hcl214Z47J425,445827,20189822,CYBERSOURCE,2024-08-14T11:33:01.426Z,ter_352f806f61114893b8ad32e5,05,Y,AUTHENTICATED,[],[],["Y"],["Y"],["0"],[],"[""PENDING_AUTHENTICATION"",""AUTHENTICATION_SUCCESSFUL"",""COMPLETED""]",1
auth_payer_Xf5v232411357Kbp148H7h978,524197,20189822,CYBERSOURCE,2024-08-14T11:35:23.978Z,ter_352f806f61114893b8ad32e5,02,Y,AUTHENTICATED,[],[],["Y"],["Y"],["0"],[],"[""PENDING_AUTHENTICATION"",""AUTHENTICATION_SUCCESSFUL"",""COMPLETED""]",1
auth_payer_JWds0241136S2LL14vN7h287,445827,20189822,CYBERSOURCE,2024-08-14T11:36:00.287Z,ter_352f806f61114893b8ad32e5,05,Y,AUTHENTICATED,[],[],["Y"],["Y"],["0"],[],"[""PENDING_AUTHENTICATION"",""AUTHENTICATION_SUCCESSFUL"",""COMPLETED""]",1
auth_payer_uUS735241136MvAS143n7946,445827,20189822,CYBERSOURCE,2024-08-14T11:36:35.046Z,ter_352f806f61114893b8ad32e5,05,Y,AUTHENTICATED,[],[],["Y"],["Y"],["0"],[],"[""PENDING_AUTHENTICATION"",""AUTHENTICATION_SUCCESSFUL"",""COMPLETED""]",1
auth_payer_87vs37241138CTnA14pc78542,445827,20189822,CYBERSOURCE,2024-08-14T11:38:37.542Z,ter_352f806f61114893b8ad32e5,05,Y,AUTHENTICATED,[],[],["Y"],["Y"],["0"],[],"[""PENDING_AUTHENTICATION"",""AUTHENTICATION_SUCCESSFUL"",""COMPLETED""]",1
auth_payer_pFsa14241139vBab143E77276,414627,20189822,CYBERSOURCE,2024-08-14T11:39:14.276Z,ter_352f806f61114893b8ad32e5,05,Y,AUTHENTICATED,[],[],["Y"],["Y"],[],[],"[""AUTHENTICATION_SUCCESSFUL"",""COMPLETED""]",1
auth_payer_9Zdk58241139jpPp14W37g524,445827,20189822,CYBERSOURCE,2024-08-14T11:39:58.524Z,ter_352f806f61114893b8ad32e5,05,Y,AUTHENTICATED,[],[],["Y"],["Y"],["0"],[],"[""PENDING_AUTHENTICATION"",""AUTHENTICATION_SUCCESSFUL"",""COMPLETED""]",1
auth_payer_mSNj21241140BWuD14Uc7E367,445827,20189822,CYBERSOURCE,2024-08-14T11:40:21.367Z,ter_352f806f61114893b8ad32e5,05,Y,AUTHENTICATED,[],[],["Y"],["Y"],[],[],"[""AUTHENTICATION_SUCCESSFUL"",""COMPLETED""]",1
auth_payer_dRjm38241140pzfq14UY7E747,457553,20189822,CYBERSOURCE,2024-08-14T11:40:38.747Z,ter_352f806f61114893b8ad32e5,05,Y,AUTHENTICATED,[],[],["Y"],["Y"],["0"],[],"[""PENDING_AUTHENTICATION"",""AUTHENTICATION_SUCCESSFUL"",""COMPLETED""]",1
auth_payer_Ri2A54241140oumn143y7z396,445827,20189822,CYBERSOURCE,2024-08-14T11:40:54.396Z,ter_352f806f61114893b8ad32e5,05,Y,AUTHENTICATED,[],[],["Y"],["Y"],["0"],[],"[""PENDING_AUTHENTICATION"",""AUTHENTICATION_SUCCESSFUL"",""COMPLETED""]",1
auth_payer_UrQz162411417ITB14t27i677,445827,20189822,CYBERSOURCE,2024-08-14T11:41:16.677Z,ter_352f806f61114893b8ad32e5,05,Y,AUTHENTICATED,[],[],["Y"],["Y"],["0"],[],"[""PENDING_AUTHENTICATION"",""AUTHENTICATION_SUCCESSFUL"",""COMPLETED""]",1
auth_payer_QN3X492411417G5M14Vy73446,445827,20189822,CYBERSOURCE,2024-08-14T11:41:49.446Z,ter_352f806f61114893b8ad32e5,05,Y,AUTHENTICATED,[],[],["Y"],["Y"],["0"],[],"[""PENDING_AUTHENTICATION"",""AUTHENTICATION_SUCCESSFUL"",""COMPLETED""]",1
auth_payer_pDSS58241142VFWv14GZ7b637,445827,20189822,CYBERSOURCE,2024-08-14T11:42:58.638Z,ter_352f806f61114893b8ad32e5,,,AUTHENTICATED,["201"],"[""A message element required as defined in Table A.1 is missing from the message. deviceChannel,""]",["U"],[],[],[],"[""AUTHENTICATION_SUCCESSFUL"",""COMPLETED""]",1
auth_payer_sqyA24241143JvtV14kj7b431,445827,20189822,CYBERSOURCE,2024-08-14T11:43:24.432Z,ter_352f806f61114893b8ad32e5,05,Y,AUTHENTICATED,[],[],["Y"],["Y"],["0"],[],"[""PENDING_AUTHENTICATION"",""AUTHENTICATION_SUCCESSFUL"",""COMPLETED""]",1
auth_payer_1mDn14241144RrB414537T769,517531,20189822,CYBERSOURCE,2024-08-14T11:44:14.769Z,ter_352f806f61114893b8ad32e5,,,PENDING,[],[],["Y"],[],[],[],"[""PENDING_AUTHENTICATION"",""COMPLETED""]",1
auth_payer_RmWm20241144bS9T14bc7t754,445827,20189822,CYBERSOURCE,2024-08-14T11:44:20.754Z,ter_352f806f61114893b8ad32e5,05,Y,AUTHENTICATED,[],[],["Y"],["Y"],["0"],[],"[""PENDING_AUTHENTICATION"",""AUTHENTICATION_SUCCESSFUL"",""COMPLETED""]",1
auth_payer_caBs31241144fzsO14TK7o154,445827,20189822,CYBERSOURCE,2024-08-14T11:44:31.154Z,ter_352f806f61114893b8ad32e5,05,Y,AUTHENTICATED,[],[],["Y"],["Y"],["0"],[],"[""PENDING_AUTHENTICATION"",""AUTHENTICATION_SUCCESSFUL"",""COMPLETED""]",1
auth_payer_yEeO42241144InMd14mr7V139,445827,20189822,CYBERSOURCE,2024-08-14T11:44:42.139Z,ter_352f806f61114893b8ad32e5,05,Y,AUTHENTICATED,[],[],["Y"],["Y"],["0"],[],"[""PENDING_AUTHENTICATION"",""AUTHENTICATION_SUCCESSFUL"",""COMPLETED""]",1
auth_payer_tc2L57241144AxiT14D27p41,445827,20189822,CYBERSOURCE,2024-08-14T11:44:57.041Z,ter_352f806f61114893b8ad32e5,05,Y,AUTHENTICATED,[],[],["Y"],["Y"],["0"],[],"[""PENDING_AUTHENTICATION"",""AUTHENTICATION_SUCCESSFUL"",""COMPLETED""]",1
auth_payer_vF5p47241145QQUU14qr7G538,445827,20189822,CYBERSOURCE,2024-08-14T11:45:47.538Z,ter_352f806f61114893b8ad32e5,05,Y,AUTHENTICATED,[],[],["Y"],["Y"],["0"],[],"[""PENDING_AUTHENTICATION"",""AUTHENTICATION_SUCCESSFUL"",""COMPLETED""]",1
auth_payer_cagO50241146Iqkp14ZX7A648,445827,20189822,CYBERSOURCE,2024-08-14T11:46:50.648Z,ter_352f806f61114893b8ad32e5,05,Y,AUTHENTICATED,[],[],["Y"],["Y"],[],[],"[""AUTHENTICATION_SUCCESSFUL"",""COMPLETED""]",1
auth_payer_rjpG342411470tu414To7O603,517531,20189822,CYBERSOURCE,2024-08-14T11:47:34.603Z,ter_352f806f61114893b8ad32e5,02,Y,AUTHENTICATED,[],[],["Y"],["Y"],["0"],[],"[""PENDING_AUTHENTICATION"",""AUTHENTICATION_SUCCESSFUL"",""COMPLETED""]",1
auth_payer_FYtv59241147u26p14aB7a441,445827,20189822,CYBERSOURCE,2024-08-14T11:47:59.441Z,ter_352f806f61114893b8ad32e5,05,Y,AUTHENTICATED,[],[],["Y"],["Y"],["0"],[],"[""PENDING_AUTHENTICATION"",""AUTHENTICATION_SUCCESSFUL"",""COMPLETED""]",1
auth_payer_k5B282411489CtJ14bd7d489,445827,20189822,CYBERSOURCE,2024-08-14T11:48:08.490Z,ter_352f806f61114893b8ad32e5,05,Y,AUTHENTICATED,[],[],["Y"],["Y"],["0"],[],"[""PENDING_AUTHENTICATION"",""AUTHENTICATION_SUCCESSFUL"",""COMPLETED""]",1
auth_payer_hIgp34241148IBRY14eN7y168,445827,20189822,CYBERSOURCE,2024-08-14T11:48:34.168Z,ter_352f806f61114893b8ad32e5,05,Y,AUTHENTICATED,[],[],["Y"],["Y"],["0"],[],"[""PENDING_AUTHENTICATION"",""AUTHENTICATION_SUCCESSFUL"",""COMPLETED""]",1
auth_payer_AhQm292411499ozu148V7n11,445827,20189822,CYBERSOURCE,2024-08-14T11:49:29.012Z,ter_352f806f61114893b8ad32e5,,,INITIATED,[],[],[],[],[],[],["COMPLETED"],1
auth_payer_rJuP0241150CFvI14JC7d294,445827,20189822,CYBERSOURCE,2024-08-14T11:50:00.294Z,ter_352f806f61114893b8ad32e5,05,Y,AUTHENTICATED,[],[],["Y"],["Y"],["0"],[],"[""PENDING_AUTHENTICATION"",""AUTHENTICATION_SUCCESSFUL"",""COMPLETED""]",1
auth_payer_Gg1849241151GY2S14St7e803,445827,20189822,CYBERSOURCE,2024-08-14T11:51:49.803Z,ter_352f806f61114893b8ad32e5,05,Y,AUTHENTICATED,[],[],["Y"],["Y"],["0"],[],"[""PENDING_AUTHENTICATION"",""AUTHENTICATION_SUCCESSFUL"",""COMPLETED""]",1
auth_payer_qosQ54241151Q2Of14jv7q163,485932,20189822,CYBERSOURCE,2024-08-14T11:51:54.163Z,ter_352f806f61114893b8ad32e5,07,R,FAILED,[],[],["Y"],["R"],[],[],"[""AUTHENTICATION_FAILED"",""COMPLETED""]",1
auth_payer_K66b8241152Q6J614aD7P403,445827,20189822,CYBERSOURCE,2024-08-14T11:52:08.403Z,ter_352f806f61114893b8ad32e5,,,INITIATED,[],[],[],[],[],[],["COMPLETED"],1
auth_payer_RGAM9241152TpiF14cK72411,489671,20189822,CYBERSOURCE,2024-08-14T11:52:09.411Z,ter_352f806f61114893b8ad32e5,05,Y,AUTHENTICATED,[],[],["Y"],["Y"],["0"],[],"[""PENDING_AUTHENTICATION"",""AUTHENTICATION_SUCCESSFUL"",""COMPLETED""]",1
auth_payer_iHtL532411521Ben14PY7c646,445827,20189822,CYBERSOURCE,2024-08-14T11:52:53.647Z,ter_352f806f61114893b8ad32e5,,,INITIATED,[],[],[],[],[],[],["COMPLETED"],1
auth_payer_BmaJ42411535yFW14WZ7z849,445827,20189822,CYBERSOURCE,2024-08-14T11:53:04.849Z,ter_352f806f61114893b8ad32e5,05,Y,AUTHENTICATED,[],[],["Y"],["Y"],["0"],[],"[""PENDING_AUTHENTICATION"",""AUTHENTICATION_SUCCESSFUL"",""COMPLETED""]",1
auth_payer_BAVL6241153jRCL14c07R69,445827,20189822,CYBERSOURCE,2024-08-14T11:53:06.069Z,ter_352f806f61114893b8ad32e5,05,Y,AUTHENTICATED,[],[],["Y"],["Y"],["0"],[],"[""PENDING_AUTHENTICATION"",""AUTHENTICATION_SUCCESSFUL"",""COMPLETED""]",1
auth_payer_z8IH28241154fbcI14aa7427,445827,20189822,CYBERSOURCE,2024-08-14T11:54:28.027Z,ter_352f806f61114893b8ad32e5,05,Y,AUTHENTICATED,[],[],["Y"],["Y"],["0"],[],"[""PENDING_AUTHENTICATION"",""AUTHENTICATION_SUCCESSFUL"",""COMPLETED""]",1
auth_payer_KBgn6241155lnZt14rC7q723,445827,20189822,CYBERSOURCE,2024-08-14T11:55:06.723Z,ter_352f806f61114893b8ad32e5,05,Y,AUTHENTICATED,[],[],["Y"],["Y"],[],[],"[""AUTHENTICATION_SUCCESSFUL"",""COMPLETED""]",1
auth_payer_y3kG25241156bImB144x76997,445827,20189822,CYBERSOURCE,2024-08-14T11:56:25.997Z,ter_352f806f61114893b8ad32e5,05,Y,AUTHENTICATED,[],[],["Y"],["Y"],["0"],[],"[""PENDING_AUTHENTICATION"",""AUTHENTICATION_SUCCESSFUL"",""COMPLETED""]",1
auth_payer_SX4L27241156Y2v5145u7Y413,445827,20189822,CYBERSOURCE,2024-08-14T11:56:27.413Z,ter_352f806f61114893b8ad32e5,05,Y,AUTHENTICATED,[],[],["Y"],["Y"],["0"],[],"[""PENDING_AUTHENTICATION"",""AUTHENTICATION_SUCCESSFUL"",""COMPLETED""]",1
auth_payer_UHAl5241157zgeq148b72262,445827,20189822,CYBERSOURCE,2024-08-14T11:57:05.262Z,ter_352f806f61114893b8ad32e5,05,Y,AUTHENTICATED,[],[],["Y"],["Y"],["0"],[],"[""PENDING_AUTHENTICATION"",""AUTHENTICATION_SUCCESSFUL"",""COMPLETED""]",1
auth_payer_hKBQ44241159GFdb14Ie7c882,445827,20189822,CYBERSOURCE,2024-08-14T11:59:44.882Z,ter_352f806f61114893b8ad32e5,05,Y,AUTHENTICATED,[],[],["Y"],["Y"],["0"],[],"[""PENDING_AUTHENTICATION"",""AUTHENTICATION_SUCCESSFUL"",""COMPLETED""]",1
auth_payer_YH9H49241159YPRX14es74273,483432,20189822,CYBERSOURCE,2024-08-14T11:59:49.273Z,ter_352f806f61114893b8ad32e5,05,Y,AUTHENTICATED,[],[],["Y"],["Y"],["0"],[],"[""PENDING_AUTHENTICATION"",""AUTHENTICATION_SUCCESSFUL"",""COMPLETED""]",1
auth_payer_RdgC2524120RjBI14yp7t252,445827,20189822,CYBERSOURCE,2024-08-14T12:00:25.252Z,ter_352f806f61114893b8ad32e5,05,Y,AUTHENTICATED,[],[],["Y"],["Y"],["0"],[],"[""PENDING_AUTHENTICATION"",""AUTHENTICATION_SUCCESSFUL"",""COMPLETED""]",1
auth_payer_0ykm3424120JCuL14FC7E157,454807,20189822,CYBERSOURCE,2024-08-14T12:00:34.157Z,ter_352f806f61114893b8ad32e5,05,Y,AUTHENTICATED,[],[],["Y"],["Y"],["0"],[],"[""PENDING_AUTHENTICATION"",""AUTHENTICATION_SUCCESSFUL"",""COMPLETED""]",1
auth_payer_u5yv4024120JZF614XO7N303,457927,20189822,CYBERSOURCE,2024-08-14T12:00:40.303Z,ter_352f806f61114893b8ad32e5,05,Y,AUTHENTICATED,[],[],["Y"],["Y"],["0"],[],"[""PENDING_AUTHENTICATION"",""AUTHENTICATION_SUCCESSFUL"",""COMPLETED""]",1
auth_payer_7qhX2724121FvHp14Gq7T102,445827,20189822,CYBERSOURCE,2024-08-14T12:01:27.102Z,ter_352f806f61114893b8ad32e5,05,Y,AUTHENTICATED,[],[],["Y"],["Y"],["0"],[],"[""PENDING_AUTHENTICATION"",""AUTHENTICATION_SUCCESSFUL"",""COMPLETED""]",1
auth_payer_Zq6N2924121KVHr143A7T255,489674,20189822,CYBERSOURCE,2024-08-14T12:01:29.255Z,ter_352f806f61114893b8ad32e5,,,PENDING,[],[],["Y"],[],[],[],"[""PENDING_AUTHENTICATION"",""COMPLETED""]",1
auth_payer_4yMS3424122jtUL14qZ70897,445827,20189822,CYBERSOURCE,2024-08-14T12:02:34.898Z,ter_352f806f61114893b8ad32e5,05,Y,AUTHENTICATED,[],[],["Y"],["Y"],["0"],[],"[""PENDING_AUTHENTICATION"",""AUTHENTICATION_SUCCESSFUL"",""COMPLETED""]",1
auth_payer_V4Ic5124122lVjH14ng7M922,445827,20189822,CYBERSOURCE,2024-08-14T12:02:51.922Z,ter_352f806f61114893b8ad32e5,05,Y,AUTHENTICATED,[],[],["Y"],["Y"],["0"],[],"[""PENDING_AUTHENTICATION"",""AUTHENTICATION_SUCCESSFUL"",""COMPLETED""]",1
auth_payer_Smc152241228oDB14nk7c436,445827,20189822,CYBERSOURCE,2024-08-14T12:02:52.436Z,ter_352f806f61114893b8ad32e5,05,Y,AUTHENTICATED,[],[],["Y"],["Y"],["0"],[],"[""PENDING_AUTHENTICATION"",""AUTHENTICATION_SUCCESSFUL"",""COMPLETED""]",1
auth_payer_EBAm1824123WL2g14vq7G683,445827,20189822,CYBERSOURCE,2024-08-14T12:03:18.683Z,ter_352f806f61114893b8ad32e5,05,Y,AUTHENTICATED,[],[],["Y"],["Y"],["0"],[],"[""PENDING_AUTHENTICATION"",""AUTHENTICATION_SUCCESSFUL"",""COMPLETED""]",1
auth_payer_nWqA2524124FWff14yK7h522,445827,20189822,CYBERSOURCE,2024-08-14T12:04:25.522Z,ter_352f806f61114893b8ad32e5,05,Y,AUTHENTICATED,[],[],["Y"],["Y"],["0"],[],"[""PENDING_AUTHENTICATION"",""AUTHENTICATION_SUCCESSFUL"",""COMPLETED""]",1
auth_payer_5d1x024125fOlY142N7J882,445827,20189822,CYBERSOURCE,2024-08-14T12:05:00.883Z,ter_352f806f61114893b8ad32e5,05,Y,AUTHENTICATED,[],[],["Y"],["Y"],["0"],[],"[""PENDING_AUTHENTICATION"",""AUTHENTICATION_SUCCESSFUL"",""COMPLETED""]",1
auth_payer_9AXK3324126Dz7J14fu7R621,432159,20189822,CYBERSOURCE,2024-08-14T12:06:33.621Z,ter_352f806f61114893b8ad32e5,07,N,FAILED,[],[],["Y"],["N"],["9"],[],"[""PENDING_AUTHENTICATION"",""AUTHENTICATION_FAILED"",""COMPLETED""]",1
auth_payer_qhfQ582412650kd14Hi7P143,445827,20189822,CYBERSOURCE,2024-08-14T12:06:58.143Z,ter_352f806f61114893b8ad32e5,05,Y,AUTHENTICATED,[],[],["Y"],["Y"],["0"],[],"[""PENDING_AUTHENTICATION"",""AUTHENTICATION_SUCCESSFUL"",""COMPLETED""]",1
auth_payer_XTjO3224127MTRv14is7v368,445827,20189822,CYBERSOURCE,2024-08-14T12:07:32.368Z,ter_352f806f61114893b8ad32e5,05,Y,AUTHENTICATED,[],[],["Y"],["Y"],[],[],"[""AUTHENTICATION_SUCCESSFUL"",""COMPLETED""]",1
auth_payer_8s212824128mncD14N67s645,445827,20189822,CYBERSOURCE,2024-08-14T12:08:28.645Z,ter_352f806f61114893b8ad32e5,05,Y,AUTHENTICATED,[],[],["Y"],["Y"],["0"],[],"[""PENDING_AUTHENTICATION"",""AUTHENTICATION_SUCCESSFUL"",""COMPLETED""]",1
auth_payer_cgoc142412934hC14EO7J210,445827,20189822,CYBERSOURCE,2024-08-14T12:09:14.210Z,ter_352f806f61114893b8ad32e5,05,Y,AUTHENTICATED,[],[],["Y"],["Y"],["0"],[],"[""PENDING_AUTHENTICATION"",""AUTHENTICATION_SUCCESSFUL"",""COMPLETED""]",1
auth_payer_7Ujm1324121042n014Fp7E280,521069,20189822,CYBERSOURCE,2024-08-14T12:10:13.280Z,ter_352f806f61114893b8ad32e5,00,R,FAILED,[],[],["Y"],["R"],[],[],"[""AUTHENTICATION_FAILED"",""COMPLETED""]",1
auth_payer_FREQ49241210emuM14J37C171,445827,20189822,CYBERSOURCE,2024-08-14T12:10:49.171Z,ter_352f806f61114893b8ad32e5,05,Y,AUTHENTICATED,[],[],["Y"],["Y"],["0"],[],"[""PENDING_AUTHENTICATION"",""AUTHENTICATION_SUCCESSFUL"",""COMPLETED""]",1
auth_payer_PkC8572412114MNV14RO74736,445827,20189822,CYBERSOURCE,2024-08-14T12:11:57.736Z,ter_352f806f61114893b8ad32e5,05,Y,AUTHENTICATED,[],[],["Y"],["Y"],["0"],[],"[""PENDING_AUTHENTICATION"",""AUTHENTICATION_SUCCESSFUL"",""COMPLETED""]",1
auth_payer_6l7I0241212qH9Q14NA7G604,445827,20189822,CYBERSOURCE,2024-08-14T12:12:00.604Z,ter_352f806f61114893b8ad32e5,05,Y,AUTHENTICATED,[],[],["Y"],["Y"],["0"],[],"[""PENDING_AUTHENTICATION"",""AUTHENTICATION_SUCCESSFUL"",""COMPLETED""]",1
auth_payer_rLPH16241213ha8q14Bm71264,445827,20189822,CYBERSOURCE,2024-08-14T12:13:16.264Z,ter_352f806f61114893b8ad32e5,05,Y,AUTHENTICATED,[],[],["Y"],["Y"],["0"],[],"[""PENDING_AUTHENTICATION"",""AUTHENTICATION_SUCCESSFUL"",""COMPLETED""]",1
auth_payer_tyBE13241214KTAq14z67L509,445827,20189822,CYBERSOURCE,2024-08-14T12:14:13.509Z,ter_352f806f61114893b8ad32e5,05,Y,AUTHENTICATED,[],[],["Y"],["Y"],["0"],[],"[""PENDING_AUTHENTICATION"",""AUTHENTICATION_SUCCESSFUL"",""COMPLETED""]",1
auth_payer_rDX042241214jbFN14Dp7G517,445827,20189822,CYBERSOURCE,2024-08-14T12:14:42.517Z,ter_352f806f61114893b8ad32e5,05,Y,AUTHENTICATED,[],[],["Y"],["Y"],["0"],[],"[""PENDING_AUTHENTICATION"",""AUTHENTICATION_SUCCESSFUL"",""COMPLETED""]",1
auth_payer_vDz810241215YFMF14se7W379,445827,20189822,CYBERSOURCE,2024-08-14T12:15:10.379Z,ter_352f806f61114893b8ad32e5,05,Y,AUTHENTICATED,[],[],["Y"],["Y"],["0"],[],"[""PENDING_AUTHENTICATION"",""AUTHENTICATION_SUCCESSFUL"",""COMPLETED""]",1
auth_payer_DChb1924121568qg14SC7b115,445827,20189822,CYBERSOURCE,2024-08-14T12:15:19.115Z,ter_352f806f61114893b8ad32e5,05,Y,AUTHENTICATED,[],[],["Y"],["Y"],["0"],[],"[""PENDING_AUTHENTICATION"",""AUTHENTICATION_SUCCESSFUL"",""COMPLETED""]",1
auth_payer_nflB24241215LSLO14hH7i135,536347,20189822,CYBERSOURCE,2024-08-14T12:15:24.135Z,ter_352f806f61114893b8ad32e5,02,Y,AUTHENTICATED,[],[],["Y"],["Y"],["0"],[],"[""PENDING_AUTHENTICATION"",""AUTHENTICATION_SUCCESSFUL"",""COMPLETED""]",1
auth_payer_si5M39241215sZ6d14IR7g638,445827,20189822,CYBERSOURCE,2024-08-14T12:15:39.638Z,ter_352f806f61114893b8ad32e5,05,Y,AUTHENTICATED,[],[],["Y"],["Y"],["0"],[],"[""PENDING_AUTHENTICATION"",""AUTHENTICATION_SUCCESSFUL"",""COMPLETED""]",1
auth_payer_UdGF36241216txpG14iM7h344,489022,20189822,CYBERSOURCE,2024-08-14T12:16:36.344Z,ter_352f806f61114893b8ad32e5,05,Y,AUTHENTICATED,[],[],["Y"],["Y"],["0"],[],"[""PENDING_AUTHENTICATION"",""AUTHENTICATION_SUCCESSFUL"",""COMPLETED""]",1
auth_payer_nLy59241217FWCb14nq7a65,445827,20189822,CYBERSOURCE,2024-08-14T12:17:09.065Z,ter_352f806f61114893b8ad32e5,,,INITIATED,[],[],[],[],[],[],["COMPLETED"],1
auth_payer_t0O642241219NG9p14xz7s121,445827,20189822,CYBERSOURCE,2024-08-14T12:19:42.121Z,ter_352f806f61114893b8ad32e5,05,Y,AUTHENTICATED,[],[],["Y"],["Y"],["0"],[],"[""PENDING_AUTHENTICATION"",""AUTHENTICATION_SUCCESSFUL"",""COMPLETED""]",1
auth_payer_Pq1L50241219qjDK14Tc7l208,445827,20189822,CYBERSOURCE,2024-08-14T12:19:50.208Z,ter_352f806f61114893b8ad32e5,,,PENDING,[],[],["Y"],[],[],[],"[""PENDING_AUTHENTICATION"",""COMPLETED""]",1
auth_payer_HjlF272412200Xfm14107d43,497401,20189822,CYBERSOURCE,2024-08-14T12:20:27.044Z,ter_352f806f61114893b8ad32e5,05,Y,AUTHENTICATED,[],[],["Y"],["Y"],["0"],[],"[""PENDING_AUTHENTICATION"",""AUTHENTICATION_SUCCESSFUL"",""COMPLETED""]",1
auth_payer_KzlA142412211dYW14tm7j524,445827,20189822,CYBERSOURCE,2024-08-14T12:21:14.524Z,ter_352f806f61114893b8ad32e5,05,Y,AUTHENTICATED,[],[],["Y"],["Y"],["0"],[],"[""PENDING_AUTHENTICATION"",""AUTHENTICATION_SUCCESSFUL"",""COMPLETED""]",1
auth_payer_tOil30241221Ks3B14d37i553,445827,20189822,CYBERSOURCE,2024-08-14T12:21:30.553Z,ter_352f806f61114893b8ad32e5,05,Y,AUTHENTICATED,[],[],["Y"],["Y"],["0"],[],"[""PENDING_AUTHENTICATION"",""AUTHENTICATION_SUCCESSFUL"",""COMPLETED""]",1
auth_payer_ZS5S43241222cSBI14Ep7j628,445827,20189822,CYBERSOURCE,2024-08-14T12:22:43.629Z,ter_352f806f61114893b8ad32e5,05,Y,AUTHENTICATED,[],[],["Y"],["Y"],["0"],[],"[""PENDING_AUTHENTICATION"",""AUTHENTICATION_SUCCESSFUL"",""COMPLETED""]",1
auth_payer_JGfa58241222B3UC14Xe7V769,445827,20189822,CYBERSOURCE,2024-08-14T12:22:58.769Z,ter_352f806f61114893b8ad32e5,,,INITIATED,[],[],[],[],[],[],["COMPLETED"],1
auth_payer_KXy120241223b4Za14S97L569,445827,20189822,CYBERSOURCE,2024-08-14T12:23:20.569Z,ter_352f806f61114893b8ad32e5,05,Y,AUTHENTICATED,[],[],["Y"],["Y"],["0"],[],"[""PENDING_AUTHENTICATION"",""AUTHENTICATION_SUCCESSFUL"",""COMPLETED""]",1
auth_payer_Aa9M102412240sFq14Ly7P716,457927,20189822,CYBERSOURCE,2024-08-14T12:24:10.716Z,ter_352f806f61114893b8ad32e5,,,PENDING,[],[],["Y"],[],[],[],"[""PENDING_AUTHENTICATION"",""COMPLETED""]",1
auth_payer_gdoX13241225ZsJT14Jk7W553,445827,20189822,CYBERSOURCE,2024-08-14T12:25:13.553Z,ter_352f806f61114893b8ad32e5,05,Y,AUTHENTICATED,[],[],["Y"],["Y"],["0"],[],"[""PENDING_AUTHENTICATION"",""AUTHENTICATION_SUCCESSFUL"",""COMPLETED""]",1
auth_payer_AecX59241226cAUe14EJ7R286,445827,20189822,CYBERSOURCE,2024-08-14T12:26:59.286Z,ter_352f806f61114893b8ad32e5,05,Y,AUTHENTICATED,[],[],["Y"],["Y"],["0"],[],"[""PENDING_AUTHENTICATION"",""AUTHENTICATION_SUCCESSFUL"",""COMPLETED""]",1
auth_payer_414W46241228td6v14uR7D775,445827,20189822,CYBERSOURCE,2024-08-14T12:28:46.775Z,ter_352f806f61114893b8ad32e5,05,Y,AUTHENTICATED,[],[],["Y"],["Y"],["0"],[],"[""PENDING_AUTHENTICATION"",""AUTHENTICATION_SUCCESSFUL"",""COMPLETED""]",1
auth_payer_4A3y1241229vWSI141c74301,445827,20189822,CYBERSOURCE,2024-08-14T12:29:01.301Z,ter_352f806f61114893b8ad32e5,05,Y,AUTHENTICATED,[],[],["Y"],["Y"],["0"],[],"[""PENDING_AUTHENTICATION"",""AUTHENTICATION_SUCCESSFUL"",""COMPLETED""]",1
auth_payer_uQfd29241229RJS714Sh7g646,435240,20189822,CYBERSOURCE,2024-08-14T12:29:29.646Z,ter_352f806f61114893b8ad32e5,05,Y,AUTHENTICATED,[],[],["Y"],["Y"],["0"],[],"[""PENDING_AUTHENTICATION"",""AUTHENTICATION_SUCCESSFUL"",""COMPLETED""]",1
auth_payer_pdTu22241230ld2q149H7J205,445827,20189822,CYBERSOURCE,2024-08-14T12:30:22.205Z,ter_352f806f61114893b8ad32e5,05,Y,AUTHENTICATED,[],[],["Y"],["Y"],["0"],[],"[""PENDING_AUTHENTICATION"",""AUTHENTICATION_SUCCESSFUL"",""COMPLETED""]",1
auth_payer_ATC01241234xAe214Nk7z511,485932,20189822,CYBERSOURCE,2024-08-14T12:34:01.511Z,ter_352f806f61114893b8ad32e5,07,R,FAILED,[],[],["Y"],["R"],[],[],"[""AUTHENTICATION_FAILED"",""COMPLETED""]",1
auth_payer_pjzZ2241234pxKS14p77z171,445827,20189822,CYBERSOURCE,2024-08-14T12:34:02.171Z,ter_352f806f61114893b8ad32e5,05,Y,AUTHENTICATED,[],[],["Y"],["Y"],[],[],"[""AUTHENTICATION_SUCCESSFUL"",""COMPLETED""]",1
auth_payer_YRGR18241235Wv8q14ld7B306,445827,20189822,CYBERSOURCE,2024-08-14T12:35:18.306Z,ter_352f806f61114893b8ad32e5,05,Y,AUTHENTICATED,[],[],["Y"],["Y"],["0"],[],"[""PENDING_AUTHENTICATION"",""AUTHENTICATION_SUCCESSFUL"",""COMPLETED""]",1
auth_payer_W2CU57241235Lini14Oj7y720,489022,20189822,CYBERSOURCE,2024-08-14T12:35:57.720Z,ter_352f806f61114893b8ad32e5,05,Y,AUTHENTICATED,[],[],["Y"],["Y"],["0"],[],"[""PENDING_AUTHENTICATION"",""AUTHENTICATION_SUCCESSFUL"",""COMPLETED""]",1
auth_payer_vm5I56241238JmbY142n7P485,405433,20189822,CYBERSOURCE,2024-08-14T12:38:56.485Z,ter_352f806f61114893b8ad32e5,05,Y,AUTHENTICATED,[],[],["Y"],["Y"],["0"],[],"[""PENDING_AUTHENTICATION"",""AUTHENTICATION_SUCCESSFUL"",""COMPLETED""]",1
auth_payer_u4ie12241239F8QC14iX7t742,445827,20189822,CYBERSOURCE,2024-08-14T12:39:12.742Z,ter_352f806f61114893b8ad32e5,05,Y,AUTHENTICATED,[],[],["Y"],["Y"],["0"],[],"[""PENDING_AUTHENTICATION"",""AUTHENTICATION_SUCCESSFUL"",""COMPLETED""]",1
auth_payer_cCRU32241239yhci14VF7x326,457553,20189822,CYBERSOURCE,2024-08-14T12:39:32.326Z,ter_352f806f61114893b8ad32e5,05,Y,AUTHENTICATED,[],[],["Y"],["Y"],["0"],[],"[""PENDING_AUTHENTICATION"",""AUTHENTICATION_SUCCESSFUL"",""COMPLETED""]",1
auth_payer_pDUX43241239DCTb14hk7N767,517531,20189822,CYBERSOURCE,2024-08-14T12:39:43.767Z,ter_352f806f61114893b8ad32e5,,,INITIATED,[],[],[],[],[],[],["COMPLETED"],1
auth_payer_8Pod41241240B7Zc14qY7T36,517531,20189822,CYBERSOURCE,2024-08-14T12:40:41.036Z,ter_352f806f61114893b8ad32e5,,,INITIATED,[],[],[],[],[],[],["COMPLETED"],1
auth_payer_2PeG532412408grv14Sd7C806,445827,20189822,CYBERSOURCE,2024-08-14T12:40:53.806Z,ter_352f806f61114893b8ad32e5,05,Y,AUTHENTICATED,[],[],["Y"],["Y"],["0"],[],"[""PENDING_AUTHENTICATION"",""AUTHENTICATION_SUCCESSFUL"",""COMPLETED""]",1
auth_payer_SpyP24241242tE6Q14z97Q374,457553,20189822,CYBERSOURCE,2024-08-14T12:42:24.374Z,ter_352f806f61114893b8ad32e5,05,Y,AUTHENTICATED,[],[],["Y"],["Y"],["0"],[],"[""PENDING_AUTHENTICATION"",""AUTHENTICATION_SUCCESSFUL"",""COMPLETED""]",1
auth_payer_NWTB42241242fqRY14AQ7t926,445827,20189822,CYBERSOURCE,2024-08-14T12:42:42.926Z,ter_352f806f61114893b8ad32e5,05,Y,AUTHENTICATED,[],[],["Y"],["Y"],["0"],[],"[""PENDING_AUTHENTICATION"",""AUTHENTICATION_SUCCESSFUL"",""COMPLETED""]",1
auth_payer_CXS0142412437eJk14Uv77186,445827,20189822,CYBERSOURCE,2024-08-14T12:43:14.186Z,ter_352f806f61114893b8ad32e5,05,Y,AUTHENTICATED,[],[],["Y"],["Y"],["0"],[],"[""PENDING_AUTHENTICATION"",""AUTHENTICATION_SUCCESSFUL"",""COMPLETED""]",1
auth_payer_j1ND212412442hug14jk76380,489022,20189822,CYBERSOURCE,2024-08-14T12:44:21.380Z,ter_352f806f61114893b8ad32e5,05,Y,AUTHENTICATED,[],[],["Y"],["Y"],["0"],[],"[""PENDING_AUTHENTICATION"",""AUTHENTICATION_SUCCESSFUL"",""COMPLETED""]",1
auth_payer_Xxsj32241244aD3H14I07A532,445827,20189822,CYBERSOURCE,2024-08-14T12:44:32.533Z,ter_352f806f61114893b8ad32e5,05,Y,AUTHENTICATED,[],[],["Y"],["Y"],["0"],[],"[""PENDING_AUTHENTICATION"",""AUTHENTICATION_SUCCESSFUL"",""COMPLETED""]",1
auth_payer_uzFF4241245PjJT14Th7U465,475774,20189822,CYBERSOURCE,2024-08-14T12:45:04.465Z,ter_352f806f61114893b8ad32e5,07,R,FAILED,[],[],["Y"],["R"],[],[],"[""AUTHENTICATION_FAILED"",""COMPLETED""]",1
auth_payer_qI5z8241245Ieeu14DG75755,445827,20189822,CYBERSOURCE,2024-08-14T12:45:08.755Z,ter_352f806f61114893b8ad32e5,05,Y,AUTHENTICATED,[],[],["Y"],["Y"],["0"],[],"[""PENDING_AUTHENTICATION"",""AUTHENTICATION_SUCCESSFUL"",""COMPLETED""]",1
auth_payer_PUgu37241245n0uW14jY7d120,445827,20189822,CYBERSOURCE,2024-08-14T12:45:37.120Z,ter_352f806f61114893b8ad32e5,05,Y,AUTHENTICATED,[],[],["Y"],["Y"],["0"],[],"[""PENDING_AUTHENTICATION"",""AUTHENTICATION_SUCCESSFUL"",""COMPLETED""]",1
auth_payer_bXIW5624124619I714xB7r887,445827,20189822,CYBERSOURCE,2024-08-14T12:46:56.887Z,ter_352f806f61114893b8ad32e5,05,Y,AUTHENTICATED,[],[],["Y"],["Y"],["0"],[],"[""PENDING_AUTHENTICATION"",""AUTHENTICATION_SUCCESSFUL"",""COMPLETED""]",1
auth_payer_MRNA412412472jKa148U7225,483115,20189822,CYBERSOURCE,2024-08-14T12:47:41.025Z,ter_352f806f61114893b8ad32e5,05,Y,AUTHENTICATED,[],[],["Y"],["Y"],["0"],[],"[""PENDING_AUTHENTICATION"",""AUTHENTICATION_SUCCESSFUL"",""COMPLETED""]",1
auth_payer_Ljak59241247gfM714Z17S78,445827,20189822,CYBERSOURCE,2024-08-14T12:47:59.079Z,ter_352f806f61114893b8ad32e5,05,Y,AUTHENTICATED,[],[],["Y"],["Y"],["0"],[],"[""PENDING_AUTHENTICATION"",""AUTHENTICATION_SUCCESSFUL"",""COMPLETED""]",1
auth_payer_Ut8v2241248KJ0f14Ft7D427,445827,20189822,CYBERSOURCE,2024-08-14T12:48:02.428Z,ter_352f806f61114893b8ad32e5,05,Y,AUTHENTICATED,[],[],["Y"],["Y"],["0"],[],"[""PENDING_AUTHENTICATION"",""AUTHENTICATION_SUCCESSFUL"",""COMPLETED""]",1
auth_payer_ObJT6241248Zs7114vN7I175,445827,20189822,CYBERSOURCE,2024-08-14T12:48:06.176Z,ter_352f806f61114893b8ad32e5,05,Y,AUTHENTICATED,[],[],["Y"],["Y"],["0"],[],"[""PENDING_AUTHENTICATION"",""AUTHENTICATION_SUCCESSFUL"",""COMPLETED""]",1
auth_payer_5V6a13241250onK914tn7c322,445827,20189822,CYBERSOURCE,2024-08-14T12:50:13.322Z,ter_352f806f61114893b8ad32e5,05,Y,AUTHENTICATED,[],[],["Y"],["Y"],["0"],[],"[""PENDING_AUTHENTICATION"",""AUTHENTICATION_SUCCESSFUL"",""COMPLETED""]",1
auth_payer_dA0l42241250jXTe14UI7q728,445827,20189822,CYBERSOURCE,2024-08-14T12:50:42.728Z,ter_352f806f61114893b8ad32e5,05,Y,AUTHENTICATED,[],[],["Y"],["Y"],["0"],[],"[""PENDING_AUTHENTICATION"",""AUTHENTICATION_SUCCESSFUL"",""COMPLETED""]",1
auth_payer_zZX738241251VS53143x7g434,414627,20189822,CYBERSOURCE,2024-08-14T12:51:38.434Z,ter_352f806f61114893b8ad32e5,05,Y,AUTHENTICATED,[],[],["Y"],["Y"],[],[],"[""AUTHENTICATION_SUCCESSFUL"",""COMPLETED""]",1
auth_payer_4kvC49241251Icok14KL7M914,445827,20189822,CYBERSOURCE,2024-08-14T12:51:49.914Z,ter_352f806f61114893b8ad32e5,05,Y,AUTHENTICATED,[],[],["Y"],["Y"],["0"],[],"[""PENDING_AUTHENTICATION"",""AUTHENTICATION_SUCCESSFUL"",""COMPLETED""]",1
auth_payer_rllb29241252XCKy14SJ7i189,523968,20189822,CYBERSOURCE,2024-08-14T12:52:29.189Z,ter_352f806f61114893b8ad32e5,02,Y,AUTHENTICATED,[],[],["Y"],["Y"],["0"],[],"[""PENDING_AUTHENTICATION"",""AUTHENTICATION_SUCCESSFUL"",""COMPLETED""]",1
auth_payer_s5Ay14241253lVeJ14MG7320,445827,20189822,CYBERSOURCE,2024-08-14T12:53:14.020Z,ter_352f806f61114893b8ad32e5,05,Y,AUTHENTICATED,[],[],["Y"],["Y"],["0"],[],"[""PENDING_AUTHENTICATION"",""AUTHENTICATION_SUCCESSFUL"",""COMPLETED""]",1
auth_payer_XH5X47241253PbQK14197l953,445827,20189822,CYBERSOURCE,2024-08-14T12:53:47.953Z,ter_352f806f61114893b8ad32e5,,,INITIATED,[],[],[],[],[],[],["COMPLETED"],1
auth_payer_ixbM19241255u3gl14eR7x523,445827,20189822,CYBERSOURCE,2024-08-14T12:55:19.523Z,ter_352f806f61114893b8ad32e5,05,Y,AUTHENTICATED,[],[],["Y"],["Y"],["0"],[],"[""PENDING_AUTHENTICATION"",""AUTHENTICATION_SUCCESSFUL"",""COMPLETED""]",1
auth_payer_Js0V25241255NmV414sB7M421,414627,20189822,CYBERSOURCE,2024-08-14T12:55:25.421Z,ter_352f806f61114893b8ad32e5,05,Y,AUTHENTICATED,[],[],["Y"],["Y"],[],[],"[""AUTHENTICATION_SUCCESSFUL"",""COMPLETED""]",1
auth_payer_sz1o3241256hqaG149a73987,445827,20189822,CYBERSOURCE,2024-08-14T12:56:03.987Z,ter_352f806f61114893b8ad32e5,05,Y,AUTHENTICATED,[],[],["Y"],["Y"],[],[],"[""AUTHENTICATION_SUCCESSFUL"",""COMPLETED""]",1
auth_payer_LUUq39241256bYSz14Yp7f496,445827,20189822,CYBERSOURCE,2024-08-14T12:56:39.496Z,ter_352f806f61114893b8ad32e5,05,Y,AUTHENTICATED,[],[],["Y"],["Y"],["0"],[],"[""PENDING_AUTHENTICATION"",""AUTHENTICATION_SUCCESSFUL"",""COMPLETED""]",1
auth_payer_2omh11241257tS7F14TO77328,489022,20189822,CYBERSOURCE,2024-08-14T12:57:11.328Z,ter_352f806f61114893b8ad32e5,05,Y,AUTHENTICATED,[],[],["Y"],["Y"],["0"],[],"[""PENDING_AUTHENTICATION"",""AUTHENTICATION_SUCCESSFUL"",""COMPLETED""]",1
auth_payer_l4QB222412581MDg14cH7J385,445827,20189822,CYBERSOURCE,2024-08-14T12:58:22.385Z,ter_352f806f61114893b8ad32e5,05,Y,AUTHENTICATED,[],[],["Y"],["Y"],["0"],[],"[""PENDING_AUTHENTICATION"",""AUTHENTICATION_SUCCESSFUL"",""COMPLETED""]",1
auth_payer_3M8U1241314zkT14CX7T722,445687,20189822,CYBERSOURCE,2024-08-14T13:01:01.722Z,ter_352f806f61114893b8ad32e5,05,Y,AUTHENTICATED,[],[],["Y"],["Y"],["0"],[],"[""PENDING_AUTHENTICATION"",""AUTHENTICATION_SUCCESSFUL"",""COMPLETED""]",1
auth_payer_1v0V2424133SDUo14fW7h845,457553,20189822,CYBERSOURCE,2024-08-14T13:03:24.845Z,ter_352f806f61114893b8ad32e5,05,Y,AUTHENTICATED,[],[],["Y"],["Y"],["0"],[],"[""PENDING_AUTHENTICATION"",""AUTHENTICATION_SUCCESSFUL"",""COMPLETED""]",1
auth_payer_0ppA3924133ffOt14H17J589,445827,20189822,CYBERSOURCE,2024-08-14T13:03:39.589Z,ter_352f806f61114893b8ad32e5,,,INITIATED,[],[],[],[],[],[],["COMPLETED"],1
auth_payer_UrCH1324134r7uJ14fW7t110,445827,20189822,CYBERSOURCE,2024-08-14T13:04:13.110Z,ter_352f806f61114893b8ad32e5,07,R,FAILED,[],[],["Y"],["R"],[],[],"[""AUTHENTICATION_FAILED"",""COMPLETED""]",1
auth_payer_eyDy5724136kkKR14Op7R222,445827,20189822,CYBERSOURCE,2024-08-14T13:06:57.223Z,ter_352f806f61114893b8ad32e5,05,Y,AUTHENTICATED,[],[],["Y"],["Y"],[],[],"[""AUTHENTICATION_SUCCESSFUL"",""COMPLETED""]",1
auth_payer_bWGn024137K4nc14NI7s582,524646,20189822,CYBERSOURCE,2024-08-14T13:07:00.582Z,ter_352f806f61114893b8ad32e5,02,Y,AUTHENTICATED,[],[],["Y"],["Y"],["0"],[],"[""PENDING_AUTHENTICATION"",""AUTHENTICATION_SUCCESSFUL"",""COMPLETED""]",1
auth_payer_oLBp4124138fr8e146E72175,445827,20189822,CYBERSOURCE,2024-08-14T13:08:41.175Z,ter_352f806f61114893b8ad32e5,05,Y,AUTHENTICATED,[],[],["Y"],["Y"],[],[],"[""AUTHENTICATION_SUCCESSFUL"",""COMPLETED""]",1
auth_payer_EuVg024139CgK2144C7T684,445827,20189822,CYBERSOURCE,2024-08-14T13:09:00.684Z,ter_352f806f61114893b8ad32e5,05,Y,AUTHENTICATED,[],[],["Y"],["Y"],[],[],"[""AUTHENTICATION_SUCCESSFUL"",""COMPLETED""]",1
auth_payer_HLEb4241312SYqj14cz7u955,524646,20189822,CYBERSOURCE,2024-08-14T13:12:04.955Z,ter_352f806f61114893b8ad32e5,02,Y,AUTHENTICATED,[],[],["Y"],["Y"],["0"],[],"[""PENDING_AUTHENTICATION"",""AUTHENTICATION_SUCCESSFUL"",""COMPLETED""]",1
auth_payer_xVXs3241314pSs114Ui7H301,520090,20189822,CYBERSOURCE,2024-08-14T13:14:03.301Z,ter_352f806f61114893b8ad32e5,02,Y,AUTHENTICATED,[],[],["Y"],["Y"],["0"],[],"[""PENDING_AUTHENTICATION"",""AUTHENTICATION_SUCCESSFUL"",""COMPLETED""]",1
auth_payer_pzpl26241314sHYA14pP75370,445827,20189822,CYBERSOURCE,2024-08-14T13:14:26.370Z,ter_352f806f61114893b8ad32e5,,,INITIATED,[],[],[],[],[],[],["COMPLETED"],1
auth_payer_TEi282413189tfG14jO7f308,549699,20189822,CYBERSOURCE,2024-08-14T13:18:08.308Z,ter_352f806f61114893b8ad32e5,02,Y,AUTHENTICATED,[],[],["Y"],["Y"],["0"],[],"[""PENDING_AUTHENTICATION"",""AUTHENTICATION_SUCCESSFUL"",""COMPLETED""]",1
auth_payer_yR3A492413190Qbb14kS74588,445827,20189822,CYBERSOURCE,2024-08-14T13:19:49.588Z,ter_352f806f61114893b8ad32e5,05,Y,AUTHENTICATED,[],[],["Y"],["Y"],["0"],[],"[""PENDING_AUTHENTICATION"",""AUTHENTICATION_SUCCESSFUL"",""COMPLETED""]",1
auth_payer_pYl424241321gk4k14J373160,451461,28056094,CYBERSOURCE,2024-08-14T13:21:24.160Z,ter_352f806f61114893b8ad32e5,05,Y,AUTHENTICATED,[],[],["Y"],["Y"],["0"],[],"[""PENDING_AUTHENTICATION"",""AUTHENTICATION_SUCCESSFUL"",""COMPLETED""]",1
auth_payer_XE6e33241322VTm414ZB72566,485932,20189822,CYBERSOURCE,2024-08-14T13:22:33.566Z,ter_352f806f61114893b8ad32e5,07,R,FAILED,[],[],["Y"],["R"],[],[],"[""AUTHENTICATION_FAILED"",""COMPLETED""]",1
auth_payer_Tplf52241322O2oa143g75400,445827,20189822,CYBERSOURCE,2024-08-14T13:22:52.400Z,ter_352f806f61114893b8ad32e5,05,Y,AUTHENTICATED,[],[],["Y"],["Y"],["0"],[],"[""PENDING_AUTHENTICATION"",""AUTHENTICATION_SUCCESSFUL"",""COMPLETED""]",1
auth_payer_vHeI29241324EmUo140m7Z338,485932,20189822,CYBERSOURCE,2024-08-14T13:24:29.339Z,ter_352f806f61114893b8ad32e5,,,INITIATED,[],[],[],[],[],[],["COMPLETED"],1
auth_payer_7tvT50241325e3T614W37p568,445827,20189822,CYBERSOURCE,2024-08-14T13:25:50.568Z,ter_352f806f61114893b8ad32e5,05,Y,AUTHENTICATED,[],[],["Y"],["Y"],["0"],[],"[""PENDING_AUTHENTICATION"",""AUTHENTICATION_SUCCESSFUL"",""COMPLETED""]",1
auth_payer_gF2u22241326HygC14Jc7s278,457927,20189822,CYBERSOURCE,2024-08-14T13:26:22.278Z,ter_352f806f61114893b8ad32e5,05,Y,AUTHENTICATED,[],[],["Y"],["Y"],["0"],[],"[""PENDING_AUTHENTICATION"",""AUTHENTICATION_SUCCESSFUL"",""COMPLETED""]",1
auth_payer_yOLx0241327EZJt146y7T533,445827,20189822,CYBERSOURCE,2024-08-14T13:27:00.533Z,ter_352f806f61114893b8ad32e5,05,Y,AUTHENTICATED,[],[],["Y"],["Y"],["0"],[],"[""PENDING_AUTHENTICATION"",""AUTHENTICATION_SUCCESSFUL"",""COMPLETED""]",1
auth_payer_GHUp17241327Q95u14Ya7c951,475774,20189822,CYBERSOURCE,2024-08-14T13:27:17.951Z,ter_352f806f61114893b8ad32e5,,,INITIATED,[],[],[],[],[],[],["COMPLETED"],1
auth_payer_9fGs31241327tA1t14sQ7u173,405433,20189822,CYBERSOURCE,2024-08-14T13:27:31.173Z,ter_352f806f61114893b8ad32e5,05,Y,AUTHENTICATED,[],[],["Y"],["Y"],[],[],"[""AUTHENTICATION_SUCCESSFUL"",""COMPLETED""]",1
auth_payer_dOSm15241328ch8l14uu7D929,445827,20189822,CYBERSOURCE,2024-08-14T13:28:15.929Z,ter_352f806f61114893b8ad32e5,,,INITIATED,[],[],[],[],[],[],["COMPLETED"],1
auth_payer_lnm924241329uDOT14vQ79520,445827,20189822,CYBERSOURCE,2024-08-14T13:29:24.520Z,ter_352f806f61114893b8ad32e5,,,INITIATED,[],[],[],[],[],[],["COMPLETED"],1
auth_payer_QdZQ13241330QVp614nc7K428,445827,20189822,CYBERSOURCE,2024-08-14T13:30:13.428Z,ter_352f806f61114893b8ad32e5,05,Y,AUTHENTICATED,[],[],["Y"],["Y"],["0"],[],"[""PENDING_AUTHENTICATION"",""AUTHENTICATION_SUCCESSFUL"",""COMPLETED""]",1
auth_payer_T9Ym13241331Gy7c14VL7K613,445827,20189822,CYBERSOURCE,2024-08-14T13:31:13.613Z,ter_352f806f61114893b8ad32e5,05,Y,AUTHENTICATED,[],[],["Y"],["Y"],["0"],[],"[""PENDING_AUTHENTICATION"",""AUTHENTICATION_SUCCESSFUL"",""COMPLETED""]",1
auth_payer_OR1y132413320hEZ14nX7r327,445827,20189822,CYBERSOURCE,2024-08-14T13:32:13.327Z,ter_352f806f61114893b8ad32e5,05,Y,AUTHENTICATED,[],[],["Y"],["Y"],[],[],"[""AUTHENTICATION_SUCCESSFUL"",""COMPLETED""]",1
auth_payer_5So6412413321NdP14MV7t91,445827,20189822,CYBERSOURCE,2024-08-14T13:32:41.092Z,ter_352f806f61114893b8ad32e5,05,Y,AUTHENTICATED,[],[],["Y"],["Y"],["0"],[],"[""PENDING_AUTHENTICATION"",""AUTHENTICATION_SUCCESSFUL"",""COMPLETED""]",1
auth_payer_PDBC41241332u9Jt14pY7p783,485932,20189822,CYBERSOURCE,2024-08-14T13:32:41.783Z,ter_352f806f61114893b8ad32e5,07,R,FAILED,[],[],["Y"],["R"],[],[],"[""AUTHENTICATION_FAILED"",""COMPLETED""]",1
auth_payer_jhzZ25241334gfyp14LX79600,445827,20189822,CYBERSOURCE,2024-08-14T13:34:25.600Z,ter_352f806f61114893b8ad32e5,05,Y,AUTHENTICATED,[],[],["Y"],["Y"],["0"],[],"[""PENDING_AUTHENTICATION"",""AUTHENTICATION_SUCCESSFUL"",""COMPLETED""]",1
auth_payer_U4BH54241334vbWj14kQ7t858,445827,20189822,CYBERSOURCE,2024-08-14T13:34:54.858Z,ter_352f806f61114893b8ad32e5,,,INITIATED,[],[],[],[],[],[],["COMPLETED"],1
auth_payer_3DFA29241335FsBS14F87S522,414627,20189822,CYBERSOURCE,2024-08-14T13:35:29.522Z,ter_352f806f61114893b8ad32e5,05,Y,AUTHENTICATED,[],[],["Y"],["Y"],[],[],"[""AUTHENTICATION_SUCCESSFUL"",""COMPLETED""]",1
auth_payer_JI7n36241335LS8h141i7s663,445827,20189822,CYBERSOURCE,2024-08-14T13:35:36.664Z,ter_352f806f61114893b8ad32e5,05,Y,AUTHENTICATED,[],[],["Y"],["Y"],["0"],[],"[""PENDING_AUTHENTICATION"",""AUTHENTICATION_SUCCESSFUL"",""COMPLETED""]",1
auth_payer_ERh957241336AKke14i47d745,445827,20189822,CYBERSOURCE,2024-08-14T13:36:57.746Z,ter_352f806f61114893b8ad32e5,05,Y,AUTHENTICATED,[],[],["Y"],["Y"],["0"],[],"[""PENDING_AUTHENTICATION"",""AUTHENTICATION_SUCCESSFUL"",""COMPLETED""]",1
auth_payer_MvY453241338mCR8145j7R796,445827,20189822,CYBERSOURCE,2024-08-14T13:38:53.796Z,ter_352f806f61114893b8ad32e5,05,Y,AUTHENTICATED,[],[],["Y"],["Y"],["0"],[],"[""PENDING_AUTHENTICATION"",""AUTHENTICATION_SUCCESSFUL"",""COMPLETED""]",1
auth_payer_U5Cg38241340Mzkd14JM7Q898,445827,20189822,CYBERSOURCE,2024-08-14T13:40:38.898Z,ter_352f806f61114893b8ad32e5,05,Y,AUTHENTICATED,[],[],["Y"],["Y"],["0"],[],"[""PENDING_AUTHENTICATION"",""AUTHENTICATION_SUCCESSFUL"",""COMPLETED""]",1
auth_payer_sYz755241344bGrn14Af78315,428374,20189822,CYBERSOURCE,2024-08-14T13:44:55.315Z,ter_352f806f61114893b8ad32e5,05,Y,AUTHENTICATED,[],[],["Y"],["Y"],["0"],[],"[""PENDING_AUTHENTICATION"",""AUTHENTICATION_SUCCESSFUL"",""COMPLETED""]",1
auth_payer_ahn24241345o972147I7q243,405433,20189822,CYBERSOURCE,2024-08-14T13:45:04.243Z,ter_352f806f61114893b8ad32e5,05,Y,AUTHENTICATED,[],[],["Y"],["Y"],[],[],"[""AUTHENTICATION_SUCCESSFUL"",""COMPLETED""]",1
auth_payer_VzWW17241345oMzV14fu7B40,489022,20189822,CYBERSOURCE,2024-08-14T13:45:17.040Z,ter_352f806f61114893b8ad32e5,05,Y,AUTHENTICATED,[],[],["Y"],["Y"],["0"],[],"[""PENDING_AUTHENTICATION"",""AUTHENTICATION_SUCCESSFUL"",""COMPLETED""]",1
auth_payer_iQxZ46241345xQOT14KD72994,445687,20189822,CYBERSOURCE,2024-08-14T13:45:46.994Z,ter_352f806f61114893b8ad32e5,07,N,FAILED,[],[],["Y"],["N"],["9"],[],"[""PENDING_AUTHENTICATION"",""AUTHENTICATION_FAILED"",""COMPLETED""]",1
auth_payer_q9W910241347iEh514xT7y436,405433,20189822,CYBERSOURCE,2024-08-14T13:47:10.436Z,ter_352f806f61114893b8ad32e5,05,Y,AUTHENTICATED,[],[],["Y"],["Y"],[],[],"[""AUTHENTICATION_SUCCESSFUL"",""COMPLETED""]",1
auth_payer_jlYr52241349Lm9t14Wn7c452,428374,20189822,CYBERSOURCE,2024-08-14T13:49:52.452Z,ter_352f806f61114893b8ad32e5,05,Y,AUTHENTICATED,[],[],["Y"],["Y"],["0"],[],"[""PENDING_AUTHENTICATION"",""AUTHENTICATION_SUCCESSFUL"",""COMPLETED""]",1
auth_payer_ZRYE2241351uGUq14rp7Q243,445687,20189822,CYBERSOURCE,2024-08-14T13:51:02.243Z,ter_352f806f61114893b8ad32e5,05,Y,AUTHENTICATED,[],[],["Y"],["Y"],["0"],[],"[""PENDING_AUTHENTICATION"",""AUTHENTICATION_SUCCESSFUL"",""COMPLETED""]",1
auth_payer_xBm6562413515g6O14dr7T224,445827,20189822,CYBERSOURCE,2024-08-14T13:51:56.224Z,ter_352f806f61114893b8ad32e5,,,INITIATED,[],[],[],[],[],[],["COMPLETED"],1
auth_payer_oHcc49241352VO6414cl7e747,445827,20189822,CYBERSOURCE,2024-08-14T13:52:49.747Z,ter_352f806f61114893b8ad32e5,05,Y,AUTHENTICATED,[],[],["Y"],["Y"],["0"],[],"[""PENDING_AUTHENTICATION"",""AUTHENTICATION_SUCCESSFUL"",""COMPLETED""]",1
auth_payer_Fee656241352iGsI148g7A429,428335,20189822,CYBERSOURCE,2024-08-14T13:52:56.429Z,ter_352f806f61114893b8ad32e5,05,Y,AUTHENTICATED,[],[],["Y"],["Y"],["0"],[],"[""PENDING_AUTHENTICATION"",""AUTHENTICATION_SUCCESSFUL"",""COMPLETED""]",1
auth_payer_UQ9H15241354TdK114617S953,445827,20189822,CYBERSOURCE,2024-08-14T13:54:15.953Z,ter_352f806f61114893b8ad32e5,05,Y,AUTHENTICATED,[],[],["Y"],["Y"],["0"],[],"[""PENDING_AUTHENTICATION"",""AUTHENTICATION_SUCCESSFUL"",""COMPLETED""]",1
auth_payer_JFP717241356STjO14U47v199,445827,20189822,CYBERSOURCE,2024-08-14T13:56:17.199Z,ter_352f806f61114893b8ad32e5,05,Y,AUTHENTICATED,[],[],["Y"],["Y"],["0"],[],"[""PENDING_AUTHENTICATION"",""AUTHENTICATION_SUCCESSFUL"",""COMPLETED""]",1
auth_payer_hSn853241357M9vD14Vd7F30,445827,20189822,CYBERSOURCE,2024-08-14T13:57:53.030Z,ter_352f806f61114893b8ad32e5,,,INITIATED,[],[],[],[],[],[],["COMPLETED"],1
auth_payer_HbZL02413588UZI14rD7V216,445827,20189822,CYBERSOURCE,2024-08-14T13:58:00.217Z,ter_352f806f61114893b8ad32e5,,,INITIATED,[],[],[],[],[],[],["COMPLETED"],1
auth_payer_tqKO5241359O38714Ca7B437,445827,20189822,CYBERSOURCE,2024-08-14T13:59:05.437Z,ter_352f806f61114893b8ad32e5,,,INITIATED,[],[],[],[],[],[],["COMPLETED"],1
auth_payer_OQhG56241359QCt714bC7L299,445827,20189822,CYBERSOURCE,2024-08-14T13:59:56.299Z,ter_352f806f61114893b8ad32e5,05,Y,AUTHENTICATED,[],[],["Y"],["Y"],["0"],[],"[""PENDING_AUTHENTICATION"",""AUTHENTICATION_SUCCESSFUL"",""COMPLETED""]",1
auth_payer_rVoj424141Zbt014RA7e524,428679,20189822,CYBERSOURCE,2024-08-14T14:01:04.524Z,ter_352f806f61114893b8ad32e5,05,Y,AUTHENTICATED,[],[],["Y"],["Y"],["0"],[],"[""PENDING_AUTHENTICATION"",""AUTHENTICATION_SUCCESSFUL"",""COMPLETED""]",1
auth_payer_Hl0I4524141LgTs14JV7C243,485932,20189822,CYBERSOURCE,2024-08-14T14:01:45.243Z,ter_352f806f61114893b8ad32e5,07,R,FAILED,[],[],["Y"],["R"],[],[],"[""AUTHENTICATION_FAILED"",""COMPLETED""]",1
auth_payer_EoqB924142VvKn14xP7J281,445827,20189822,CYBERSOURCE,2024-08-14T14:02:09.281Z,ter_352f806f61114893b8ad32e5,,,INITIATED,[],[],[],[],[],[],["COMPLETED"],1
auth_payer_l8oj4124142X4Op14ml7g576,532448,20189822,CYBERSOURCE,2024-08-14T14:02:41.576Z,ter_352f806f61114893b8ad32e5,02,Y,AUTHENTICATED,[],[],["Y"],["Y"],["0"],[],"[""PENDING_AUTHENTICATION"",""AUTHENTICATION_SUCCESSFUL"",""COMPLETED""]",1
auth_payer_I7nA1524144GbRU14UZ7f129,489022,20189822,CYBERSOURCE,2024-08-14T14:04:15.129Z,ter_352f806f61114893b8ad32e5,05,Y,AUTHENTICATED,[],[],["Y"],["Y"],["0"],[],"[""PENDING_AUTHENTICATION"",""AUTHENTICATION_SUCCESSFUL"",""COMPLETED""]",1
auth_payer_3R9c16241448Ek014qb72933,454887,20189822,CYBERSOURCE,2024-08-14T14:04:16.933Z,ter_352f806f61114893b8ad32e5,05,Y,AUTHENTICATED,[],[],["Y"],["Y"],["0"],[],"[""PENDING_AUTHENTICATION"",""AUTHENTICATION_SUCCESSFUL"",""COMPLETED""]",1
auth_payer_L4CN4124144cGNj14Lq7R55,405433,20189822,CYBERSOURCE,2024-08-14T14:04:41.055Z,ter_352f806f61114893b8ad32e5,05,Y,AUTHENTICATED,[],[],["Y"],["Y"],[],[],"[""AUTHENTICATION_SUCCESSFUL"",""COMPLETED""]",1
auth_payer_Z0Yu1024145TlPU14zP7z451,548793,20189822,CYBERSOURCE,2024-08-14T14:05:10.451Z,ter_352f806f61114893b8ad32e5,,,INITIATED,[],[],[],[],[],[],["COMPLETED"],1
auth_payer_e6iW522414520Lh14Qz7b873,445827,20189822,CYBERSOURCE,2024-08-14T14:05:52.873Z,ter_352f806f61114893b8ad32e5,,,INITIATED,[],[],[],[],[],[],["COMPLETED"],1
auth_payer_lcsg4724146W5ac14e77d86,445827,20189822,CYBERSOURCE,2024-08-14T14:06:47.086Z,ter_352f806f61114893b8ad32e5,,,INITIATED,[],[],[],[],[],[],["COMPLETED"],1
auth_payer_uW7n1324148iNFH143h7j60,445827,20189822,CYBERSOURCE,2024-08-14T14:08:13.060Z,ter_352f806f61114893b8ad32e5,,,INITIATED,[],[],[],[],[],[],["COMPLETED"],1
auth_payer_x49g4424148D60n14p77D281,445827,20189822,CYBERSOURCE,2024-08-14T14:08:44.281Z,ter_352f806f61114893b8ad32e5,,,INITIATED,[],[],[],[],[],[],["COMPLETED"],1
auth_payer_yj8j2524149dM1I14547O140,445827,20189822,CYBERSOURCE,2024-08-14T14:09:25.140Z,ter_352f806f61114893b8ad32e5,,,INITIATED,[],[],[],[],[],[],["COMPLETED"],1
auth_payer_EfC247241494CD014DB7J249,428679,20189822,CYBERSOURCE,2024-08-14T14:09:47.249Z,ter_352f806f61114893b8ad32e5,05,Y,AUTHENTICATED,[],[],["Y"],["Y"],["0"],[],"[""PENDING_AUTHENTICATION"",""AUTHENTICATION_SUCCESSFUL"",""COMPLETED""]",1
auth_payer_smVr36241410f7pT14jA7c273,457553,20189822,CYBERSOURCE,2024-08-14T14:10:36.273Z,ter_352f806f61114893b8ad32e5,05,Y,AUTHENTICATED,[],[],["Y"],["Y"],["0"],[],"[""PENDING_AUTHENTICATION"",""AUTHENTICATION_SUCCESSFUL"",""COMPLETED""]",1
auth_payer_B7Ti5924141014g514FX7d710,445827,20189822,CYBERSOURCE,2024-08-14T14:10:59.710Z,ter_352f806f61114893b8ad32e5,05,Y,AUTHENTICATED,[],[],["Y"],["Y"],[],[],"[""AUTHENTICATION_SUCCESSFUL"",""COMPLETED""]",1
auth_payer_b0Mv16241412tvhY14ON7R658,489022,20189822,CYBERSOURCE,2024-08-14T14:12:16.658Z,ter_352f806f61114893b8ad32e5,,,AUTHENTICATED,["201"],"[""A message element required as defined in Table A.1 is missing from the message. deviceChannel,""]",["U"],[],[],[],"[""AUTHENTICATION_SUCCESSFUL"",""COMPLETED""]",1
auth_payer_K99F32241414mp76147x79742,489022,20189822,CYBERSOURCE,2024-08-14T14:14:32.742Z,ter_352f806f61114893b8ad32e5,05,Y,AUTHENTICATED,[],[],["Y"],["Y"],["0"],[],"[""PENDING_AUTHENTICATION"",""AUTHENTICATION_SUCCESSFUL"",""COMPLETED""]",1
auth_payer_7b0a18241417gq5U14dN7q298,445827,20189822,CYBERSOURCE,2024-08-14T14:17:18.298Z,ter_352f806f61114893b8ad32e5,,,INITIATED,[],[],[],[],[],[],["COMPLETED"],1
auth_payer_ZFjB10241418IbOD14Sn7v969,489022,20189822,CYBERSOURCE,2024-08-14T14:18:10.969Z,ter_352f806f61114893b8ad32e5,05,Y,AUTHENTICATED,[],[],["Y"],["Y"],["0"],[],"[""PENDING_AUTHENTICATION"",""AUTHENTICATION_SUCCESSFUL"",""COMPLETED""]",1
auth_payer_E90X14241418CjQ314ei70208,534524,20189822,CYBERSOURCE,2024-08-14T14:18:14.208Z,ter_352f806f61114893b8ad32e5,02,Y,AUTHENTICATED,[],[],["Y"],["Y"],["0"],[],"[""PENDING_AUTHENTICATION"",""AUTHENTICATION_SUCCESSFUL"",""COMPLETED""]",1
auth_payer_4z2E20241418X9dL14Mj7X241,566566,20189822,CYBERSOURCE,2024-08-14T14:18:20.241Z,ter_352f806f61114893b8ad32e5,,,FAILED,[],[],[],[],[],[],["INVALID_REQUEST"],1
auth_payer_LTnn37241418xWbl146r7q160,445827,20189822,CYBERSOURCE,2024-08-14T14:18:37.161Z,ter_352f806f61114893b8ad32e5,05,Y,AUTHENTICATED,[],[],["Y"],["Y"],[],[],"[""AUTHENTICATION_SUCCESSFUL"",""COMPLETED""]",1
auth_payer_ScYU182414196Xtr14dz7K740,454887,20189822,CYBERSOURCE,2024-08-14T14:19:18.741Z,ter_352f806f61114893b8ad32e5,05,Y,AUTHENTICATED,[],[],["Y"],["Y"],["0"],[],"[""PENDING_AUTHENTICATION"",""AUTHENTICATION_SUCCESSFUL"",""COMPLETED""]",1
auth_payer_mPjb40241419p2NX14Mz7T159,445827,20189822,CYBERSOURCE,2024-08-14T14:19:40.159Z,ter_352f806f61114893b8ad32e5,05,Y,AUTHENTICATED,[],[],["Y"],["Y"],["0"],[],"[""PENDING_AUTHENTICATION"",""AUTHENTICATION_SUCCESSFUL"",""COMPLETED""]",1
auth_payer_UHaj37241420y4ev14mQ7z960,445827,20189822,CYBERSOURCE,2024-08-14T14:20:37.960Z,ter_352f806f61114893b8ad32e5,,,INITIATED,[],[],[],[],[],[],["COMPLETED"],1
auth_payer_QQuG50241420bal014kL7B286,445827,20189822,CYBERSOURCE,2024-08-14T14:20:50.287Z,ter_352f806f61114893b8ad32e5,05,Y,AUTHENTICATED,[],[],["Y"],["Y"],["0"],[],"[""PENDING_AUTHENTICATION"",""AUTHENTICATION_SUCCESSFUL"",""COMPLETED""]",1
auth_payer_19Kh58241421Tfqs14aX7k612,445520,20189822,CYBERSOURCE,2024-08-14T14:21:58.612Z,ter_352f806f61114893b8ad32e5,05,Y,AUTHENTICATED,[],[],["Y"],["Y"],[],[],"[""AUTHENTICATION_SUCCESSFUL"",""COMPLETED""]",1
auth_payer_nlNA43241424B2pc14bh7U360,445827,20189822,CYBERSOURCE,2024-08-14T14:24:43.360Z,ter_352f806f61114893b8ad32e5,05,Y,AUTHENTICATED,[],[],["Y"],["Y"],["0"],[],"[""PENDING_AUTHENTICATION"",""AUTHENTICATION_SUCCESSFUL"",""COMPLETED""]",1
auth_payer_u69h312414260piR14uN7Q517,429927,20189822,CYBERSOURCE,2024-08-14T14:26:31.518Z,ter_352f806f61114893b8ad32e5,05,Y,AUTHENTICATED,[],[],["Y"],["Y"],[],[],"[""AUTHENTICATION_SUCCESSFUL"",""COMPLETED""]",1
auth_payer_PZue37241426QO4b14T670244,445827,20189822,CYBERSOURCE,2024-08-14T14:26:37.244Z,ter_352f806f61114893b8ad32e5,,,INITIATED,[],[],[],[],[],[],["COMPLETED"],1
auth_payer_l7IT48241426FYfi14x175699,445827,20189822,CYBERSOURCE,2024-08-14T14:26:48.700Z,ter_352f806f61114893b8ad32e5,05,Y,AUTHENTICATED,[],[],["Y"],["Y"],["0"],[],"[""PENDING_AUTHENTICATION"",""AUTHENTICATION_SUCCESSFUL"",""COMPLETED""]",1
auth_payer_RRHT26241427F2Y314cz78436,445827,20189822,CYBERSOURCE,2024-08-14T14:27:26.436Z,ter_352f806f61114893b8ad32e5,05,Y,AUTHENTICATED,[],[],["Y"],["Y"],["0"],[],"[""PENDING_AUTHENTICATION"",""AUTHENTICATION_SUCCESSFUL"",""COMPLETED""]",1
auth_payer_3ebt9241428CgDK14NM7F694,405433,20189822,CYBERSOURCE,2024-08-14T14:28:09.694Z,ter_352f806f61114893b8ad32e5,05,Y,AUTHENTICATED,[],[],["Y"],["Y"],[],[],"[""AUTHENTICATION_SUCCESSFUL"",""COMPLETED""]",1
auth_payer_2Z6N48241428rIyK14WU7q95,445827,20189822,CYBERSOURCE,2024-08-14T14:28:48.095Z,ter_352f806f61114893b8ad32e5,,,INITIATED,[],[],[],[],[],[],["COMPLETED"],1
auth_payer_1CLK22241429G4mY142D7M978,445520,20189822,CYBERSOURCE,2024-08-14T14:29:22.978Z,ter_352f806f61114893b8ad32e5,05,Y,AUTHENTICATED,[],[],["Y"],["Y"],[],[],"[""AUTHENTICATION_SUCCESSFUL"",""COMPLETED""]",1
auth_payer_edzd11241430CYfm143F7c942,446914,20189822,CYBERSOURCE,2024-08-14T14:30:11.942Z,ter_352f806f61114893b8ad32e5,05,Y,AUTHENTICATED,[],[],["Y"],["Y"],["0"],[],"[""PENDING_AUTHENTICATION"",""AUTHENTICATION_SUCCESSFUL"",""COMPLETED""]",1
auth_payer_JPjt18241430DjTY14fH7g126,445827,20189822,CYBERSOURCE,2024-08-14T14:30:18.126Z,ter_352f806f61114893b8ad32e5,,,INITIATED,[],[],[],[],[],[],["COMPLETED"],1
auth_payer_eyzB262414300kgi141B7O312,445827,20189822,CYBERSOURCE,2024-08-14T14:30:26.312Z,ter_352f806f61114893b8ad32e5,,,INITIATED,[],[],[],[],[],[],["COMPLETED"],1
auth_payer_gS7R59241430uHii14CX7M508,485932,20189822,CYBERSOURCE,2024-08-14T14:30:59.508Z,ter_352f806f61114893b8ad32e5,07,R,FAILED,[],[],["Y"],["R"],[],[],"[""AUTHENTICATION_FAILED"",""COMPLETED""]",1
auth_payer_cbWQ26241432UHjW14tl75112,445827,20189822,CYBERSOURCE,2024-08-14T14:32:26.112Z,ter_352f806f61114893b8ad32e5,,,INITIATED,[],[],[],[],[],[],["COMPLETED"],1
auth_payer_Xn3o382414326h5k14ry7t305,405433,20189822,CYBERSOURCE,2024-08-14T14:32:38.305Z,ter_352f806f61114893b8ad32e5,05,Y,AUTHENTICATED,[],[],["Y"],["Y"],[],[],"[""AUTHENTICATION_SUCCESSFUL"",""COMPLETED""]",1
auth_payer_BKZJ6241433PGJ0143V7t647,445827,20189822,CYBERSOURCE,2024-08-14T14:33:06.647Z,ter_352f806f61114893b8ad32e5,05,Y,AUTHENTICATED,[],[],["Y"],["Y"],[],[],"[""AUTHENTICATION_SUCCESSFUL"",""COMPLETED""]",1
auth_payer_V4Lm49241433Q1j2147P7L393,445827,20189822,CYBERSOURCE,2024-08-14T14:33:49.393Z,ter_352f806f61114893b8ad32e5,,,INITIATED,[],[],[],[],[],[],["COMPLETED"],1
auth_payer_6E5t16241435Y2PN14SZ7I690,445827,20189822,CYBERSOURCE,2024-08-14T14:35:16.690Z,ter_352f806f61114893b8ad32e5,,,INITIATED,[],[],[],[],[],[],["COMPLETED"],1
auth_payer_Ym9m21241435cILC14zR7Z449,457553,20189822,CYBERSOURCE,2024-08-14T14:35:21.449Z,ter_352f806f61114893b8ad32e5,05,Y,AUTHENTICATED,[],[],["Y"],["Y"],["0"],[],"[""PENDING_AUTHENTICATION"",""AUTHENTICATION_SUCCESSFUL"",""COMPLETED""]",1
auth_payer_KQ9r14241438HZvQ14cD7n691,432159,20189822,CYBERSOURCE,2024-08-14T14:38:14.691Z,ter_352f806f61114893b8ad32e5,05,Y,AUTHENTICATED,[],[],["Y"],["Y"],[],[],"[""AUTHENTICATION_SUCCESSFUL"",""COMPLETED""]",1
auth_payer_R1vD32241438Wibm14Nr73924,445827,20189822,CYBERSOURCE,2024-08-14T14:38:32.924Z,ter_352f806f61114893b8ad32e5,05,Y,AUTHENTICATED,[],[],["Y"],["Y"],["0"],[],"[""PENDING_AUTHENTICATION"",""AUTHENTICATION_SUCCESSFUL"",""COMPLETED""]",1
auth_payer_RV3C15241440mT0j14b07f55,445827,20189822,CYBERSOURCE,2024-08-14T14:40:15.055Z,ter_352f806f61114893b8ad32e5,05,Y,AUTHENTICATED,[],[],["Y"],["Y"],[],[],"[""AUTHENTICATION_SUCCESSFUL"",""COMPLETED""]",1
auth_payer_R1tt57241443HDRt14To7V429,405433,20189822,CYBERSOURCE,2024-08-14T14:43:57.429Z,ter_352f806f61114893b8ad32e5,05,Y,AUTHENTICATED,[],[],["Y"],["Y"],["0"],[],"[""PENDING_AUTHENTICATION"",""AUTHENTICATION_SUCCESSFUL"",""COMPLETED""]",1
auth_payer_eq2k342414445N8a144E7d705,428679,20189822,CYBERSOURCE,2024-08-14T14:44:34.705Z,ter_352f806f61114893b8ad32e5,05,Y,AUTHENTICATED,[],[],["Y"],["Y"],["0"],[],"[""PENDING_AUTHENTICATION"",""AUTHENTICATION_SUCCESSFUL"",""COMPLETED""]",1
auth_payer_zWBr14241445pu6L14ck7I342,445827,20189822,CYBERSOURCE,2024-08-14T14:45:14.342Z,ter_352f806f61114893b8ad32e5,05,Y,AUTHENTICATED,[],[],["Y"],["Y"],["0"],[],"[""PENDING_AUTHENTICATION"",""AUTHENTICATION_SUCCESSFUL"",""COMPLETED""]",1
auth_payer_h89N0241446IgnM14bW7R288,445827,20189822,CYBERSOURCE,2024-08-14T14:46:00.288Z,ter_352f806f61114893b8ad32e5,05,Y,AUTHENTICATED,[],[],["Y"],["Y"],[],[],"[""AUTHENTICATION_SUCCESSFUL"",""COMPLETED""]",1
auth_payer_AZs831241446sY9q14SE73479,445827,20189822,CYBERSOURCE,2024-08-14T14:46:31.479Z,ter_352f806f61114893b8ad32e5,05,Y,AUTHENTICATED,[],[],["Y"],["Y"],[],[],"[""AUTHENTICATION_SUCCESSFUL"",""COMPLETED""]",1
auth_payer_yg1b20241448Guu514rm7o952,457553,20189822,CYBERSOURCE,2024-08-14T14:48:20.952Z,ter_352f806f61114893b8ad32e5,05,Y,AUTHENTICATED,[],[],["Y"],["Y"],["0"],[],"[""PENDING_AUTHENTICATION"",""AUTHENTICATION_SUCCESSFUL"",""COMPLETED""]",1
auth_payer_XrXS32241448J0KL149z7u794,445827,20189822,CYBERSOURCE,2024-08-14T14:48:32.794Z,ter_352f806f61114893b8ad32e5,05,Y,AUTHENTICATED,[],[],["Y"],["Y"],["0"],[],"[""PENDING_AUTHENTICATION"",""AUTHENTICATION_SUCCESSFUL"",""COMPLETED""]",1
auth_payer_a9E252241449Ldv614nF7z227,432159,20189822,CYBERSOURCE,2024-08-14T14:49:52.227Z,ter_352f806f61114893b8ad32e5,05,Y,AUTHENTICATED,[],[],["Y"],["Y"],[],[],"[""AUTHENTICATION_SUCCESSFUL"",""COMPLETED""]",1
auth_payer_CrCK382414506Bu514aU7A442,445827,20189822,CYBERSOURCE,2024-08-14T14:50:38.442Z,ter_352f806f61114893b8ad32e5,05,Y,AUTHENTICATED,[],[],["Y"],["Y"],[],[],"[""AUTHENTICATION_SUCCESSFUL"",""COMPLETED""]",1
auth_payer_UTZU48241450lMJQ14Lt7R806,536813,20189822,CYBERSOURCE,2024-08-14T14:50:48.806Z,ter_352f806f61114893b8ad32e5,01,A,AUTHENTICATED,[],[],["Y"],["A"],[],[],"[""AUTHENTICATION_SUCCESSFUL"",""COMPLETED""]",1
auth_payer_9slc3241451oL8f14Fh7H721,457553,20189822,CYBERSOURCE,2024-08-14T14:51:03.721Z,ter_352f806f61114893b8ad32e5,05,Y,AUTHENTICATED,[],[],["Y"],["Y"],["0"],[],"[""PENDING_AUTHENTICATION"",""AUTHENTICATION_SUCCESSFUL"",""COMPLETED""]",1
auth_payer_BWll0241454XNyv144N7k348,445827,20189822,CYBERSOURCE,2024-08-14T14:54:00.349Z,ter_352f806f61114893b8ad32e5,05,Y,AUTHENTICATED,[],[],["Y"],["Y"],[],[],"[""AUTHENTICATION_SUCCESSFUL"",""COMPLETED""]",1
auth_payer_6fvr332414553fWv14N075676,445827,20189822,CYBERSOURCE,2024-08-14T14:55:33.676Z,ter_352f806f61114893b8ad32e5,,,AUTHENTICATED,["201"],"[""A message element required as defined in Table A.1 is missing from the message. deviceChannel,""]",["U"],[],[],[],"[""AUTHENTICATION_SUCCESSFUL"",""COMPLETED""]",1
auth_payer_sfzN42241455n9PG149M7Y370,445827,20189822,CYBERSOURCE,2024-08-14T14:55:42.370Z,ter_352f806f61114893b8ad32e5,05,Y,AUTHENTICATED,[],[],["Y"],["Y"],["0"],[],"[""PENDING_AUTHENTICATION"",""AUTHENTICATION_SUCCESSFUL"",""COMPLETED""]",1
auth_payer_oWZn46241455kiaa14pK7D485,524646,20189822,CYBERSOURCE,2024-08-14T14:55:46.485Z,ter_352f806f61114893b8ad32e5,02,Y,AUTHENTICATED,[],[],["Y"],["Y"],["0"],[],"[""PENDING_AUTHENTICATION"",""AUTHENTICATION_SUCCESSFUL"",""COMPLETED""]",1
auth_payer_8uL721241456R07d14vO7499,524646,20189822,CYBERSOURCE,2024-08-14T14:56:21.099Z,ter_352f806f61114893b8ad32e5,02,Y,AUTHENTICATED,[],[],["Y"],["Y"],["0"],[],"[""PENDING_AUTHENTICATION"",""AUTHENTICATION_SUCCESSFUL"",""COMPLETED""]",1
auth_payer_en1V262414585FW714Q474480,445827,20189822,CYBERSOURCE,2024-08-14T14:58:26.480Z,ter_352f806f61114893b8ad32e5,05,Y,AUTHENTICATED,[],[],["Y"],["Y"],["0"],[],"[""PENDING_AUTHENTICATION"",""AUTHENTICATION_SUCCESSFUL"",""COMPLETED""]",1
auth_payer_KOFl5624151n7Cz14Ir7z367,445827,20189822,CYBERSOURCE,2024-08-14T15:01:56.367Z,ter_352f806f61114893b8ad32e5,05,Y,AUTHENTICATED,[],[],["Y"],["Y"],["0"],[],"[""PENDING_AUTHENTICATION"",""AUTHENTICATION_SUCCESSFUL"",""COMPLETED""]",1
auth_payer_X5xr5124154Fedm14cG7E165,445827,20189822,CYBERSOURCE,2024-08-14T15:04:51.165Z,ter_352f806f61114893b8ad32e5,05,Y,AUTHENTICATED,[],[],["Y"],["Y"],["0"],[],"[""PENDING_AUTHENTICATION"",""AUTHENTICATION_SUCCESSFUL"",""COMPLETED""]",1
auth_payer_fmsX1924155uW7914xH7E884,405433,20189822,CYBERSOURCE,2024-08-14T15:05:19.884Z,ter_352f806f61114893b8ad32e5,05,Y,AUTHENTICATED,[],[],["Y"],["Y"],[],[],"[""AUTHENTICATION_SUCCESSFUL"",""COMPLETED""]",1
auth_payer_yhJX1224156td0714uh7K920,445827,20189822,CYBERSOURCE,2024-08-14T15:06:12.921Z,ter_352f806f61114893b8ad32e5,05,Y,AUTHENTICATED,[],[],["Y"],["Y"],["0"],[],"[""PENDING_AUTHENTICATION"",""AUTHENTICATION_SUCCESSFUL"",""COMPLETED""]",1
auth_payer_BzVg5224156mBUL14tX7p770,445827,20189822,CYBERSOURCE,2024-08-14T15:06:52.770Z,ter_352f806f61114893b8ad32e5,,,INITIATED,[],[],[],[],[],[],["COMPLETED"],1
auth_payer_ypC3124158kHMe14gd7D839,445827,20189822,CYBERSOURCE,2024-08-14T15:08:01.839Z,ter_352f806f61114893b8ad32e5,05,Y,AUTHENTICATED,[],[],["Y"],["Y"],["0"],[],"[""PENDING_AUTHENTICATION"",""AUTHENTICATION_SUCCESSFUL"",""COMPLETED""]",1
auth_payer_h4f6524158R5Mr14Qp7t577,405433,20189822,CYBERSOURCE,2024-08-14T15:08:05.577Z,ter_352f806f61114893b8ad32e5,05,Y,AUTHENTICATED,[],[],["Y"],["Y"],["0"],[],"[""PENDING_AUTHENTICATION"",""AUTHENTICATION_SUCCESSFUL"",""COMPLETED""]",1
auth_payer_b3152924159fEY514y676804,445827,20189822,CYBERSOURCE,2024-08-14T15:09:29.804Z,ter_352f806f61114893b8ad32e5,05,Y,AUTHENTICATED,[],[],["Y"],["Y"],["0"],[],"[""PENDING_AUTHENTICATION"",""AUTHENTICATION_SUCCESSFUL"",""COMPLETED""]",1
auth_payer_Molm5241510TDjS146Q70958,445827,20189822,CYBERSOURCE,2024-08-14T15:10:05.958Z,ter_352f806f61114893b8ad32e5,05,Y,AUTHENTICATED,[],[],["Y"],["Y"],["0"],[],"[""PENDING_AUTHENTICATION"",""AUTHENTICATION_SUCCESSFUL"",""COMPLETED""]",1
auth_payer_zGH57241510IZYl14IX7z369,414627,20189822,CYBERSOURCE,2024-08-14T15:10:07.369Z,ter_352f806f61114893b8ad32e5,05,Y,AUTHENTICATED,[],[],["Y"],["Y"],[],[],"[""AUTHENTICATION_SUCCESSFUL"",""COMPLETED""]",1
auth_payer_IAp627241510AbKY14xx7M93,445827,20189822,CYBERSOURCE,2024-08-14T15:10:27.093Z,ter_352f806f61114893b8ad32e5,,,INITIATED,[],[],[],[],[],[],["COMPLETED"],1
auth_payer_UXJR31241510vD7H14bX75732,445827,20189822,CYBERSOURCE,2024-08-14T15:10:31.732Z,ter_352f806f61114893b8ad32e5,05,Y,AUTHENTICATED,[],[],["Y"],["Y"],["0"],[],"[""PENDING_AUTHENTICATION"",""AUTHENTICATION_SUCCESSFUL"",""COMPLETED""]",1
auth_payer_kgZa35241511YCk114dD7P38,402667,20189822,CYBERSOURCE,2024-08-14T15:11:35.038Z,ter_352f806f61114893b8ad32e5,05,Y,AUTHENTICATED,[],[],["Y"],["Y"],["0"],[],"[""PENDING_AUTHENTICATION"",""AUTHENTICATION_SUCCESSFUL"",""COMPLETED""]",1
auth_payer_hVqQ39241511tJ2014EP7t569,445827,20189822,CYBERSOURCE,2024-08-14T15:11:39.569Z,ter_352f806f61114893b8ad32e5,05,Y,AUTHENTICATED,[],[],["Y"],["Y"],["0"],[],"[""PENDING_AUTHENTICATION"",""AUTHENTICATION_SUCCESSFUL"",""COMPLETED""]",1
auth_payer_HRXp14241513HjnM14OK7m233,445827,20189822,CYBERSOURCE,2024-08-14T15:13:14.233Z,ter_352f806f61114893b8ad32e5,05,Y,AUTHENTICATED,[],[],["Y"],["Y"],["0"],[],"[""PENDING_AUTHENTICATION"",""AUTHENTICATION_SUCCESSFUL"",""COMPLETED""]",1
auth_payer_ORq739241514WMKc14qf7u536,457553,20189822,CYBERSOURCE,2024-08-14T15:14:39.536Z,ter_352f806f61114893b8ad32e5,05,Y,AUTHENTICATED,[],[],["Y"],["Y"],["0"],[],"[""PENDING_AUTHENTICATION"",""AUTHENTICATION_SUCCESSFUL"",""COMPLETED""]",1
auth_payer_GAhU39241515bb1i14YL7O521,535584,20189822,CYBERSOURCE,2024-08-14T15:15:39.521Z,ter_352f806f61114893b8ad32e5,02,Y,AUTHENTICATED,[],[],["Y"],["Y"],["0"],[],"[""PENDING_AUTHENTICATION"",""AUTHENTICATION_SUCCESSFUL"",""COMPLETED""]",1
auth_payer_7n5J13241516y9BT14Jq74530,401978,20189822,CYBERSOURCE,2024-08-14T15:16:13.530Z,ter_352f806f61114893b8ad32e5,05,Y,AUTHENTICATED,[],[],["Y"],["Y"],["0"],[],"[""PENDING_AUTHENTICATION"",""AUTHENTICATION_SUCCESSFUL"",""COMPLETED""]",1
auth_payer_KXex29241516RRur14aj75905,445827,20189822,CYBERSOURCE,2024-08-14T15:16:29.905Z,ter_352f806f61114893b8ad32e5,05,Y,AUTHENTICATED,[],[],["Y"],["Y"],["0"],[],"[""PENDING_AUTHENTICATION"",""AUTHENTICATION_SUCCESSFUL"",""COMPLETED""]",1
auth_payer_8CmR2241517FI6H14pp7B185,445827,20189822,CYBERSOURCE,2024-08-14T15:17:02.185Z,ter_352f806f61114893b8ad32e5,05,Y,AUTHENTICATED,[],[],["Y"],["Y"],["0"],[],"[""PENDING_AUTHENTICATION"",""AUTHENTICATION_SUCCESSFUL"",""COMPLETED""]",1
auth_payer_56dI45241517WpiI14pZ7y324,454887,20189822,CYBERSOURCE,2024-08-14T15:17:45.324Z,ter_352f806f61114893b8ad32e5,05,Y,AUTHENTICATED,[],[],["Y"],["Y"],["0"],[],"[""PENDING_AUTHENTICATION"",""AUTHENTICATION_SUCCESSFUL"",""COMPLETED""]",1
auth_payer_DHaq23241518u1Lj14pp7J546,445827,20189822,CYBERSOURCE,2024-08-14T15:18:23.546Z,ter_352f806f61114893b8ad32e5,05,Y,AUTHENTICATED,[],[],["Y"],["Y"],["0"],[],"[""PENDING_AUTHENTICATION"",""AUTHENTICATION_SUCCESSFUL"",""COMPLETED""]",1
auth_payer_52gO25241518XVMX14YU7y635,445827,20189822,CYBERSOURCE,2024-08-14T15:18:25.635Z,ter_352f806f61114893b8ad32e5,05,Y,AUTHENTICATED,[],[],["Y"],["Y"],["0"],[],"[""PENDING_AUTHENTICATION"",""AUTHENTICATION_SUCCESSFUL"",""COMPLETED""]",1
auth_payer_igxR34241518Whps148K7F440,445827,20189822,CYBERSOURCE,2024-08-14T15:18:34.440Z,ter_352f806f61114893b8ad32e5,05,Y,AUTHENTICATED,[],[],["Y"],["Y"],["0"],[],"[""PENDING_AUTHENTICATION"",""AUTHENTICATION_SUCCESSFUL"",""COMPLETED""]",1
auth_payer_0OTe20241519Qqc914dm7e898,524646,20189822,CYBERSOURCE,2024-08-14T15:19:20.898Z,ter_352f806f61114893b8ad32e5,02,Y,AUTHENTICATED,[],[],["Y"],["Y"],["0"],[],"[""PENDING_AUTHENTICATION"",""AUTHENTICATION_SUCCESSFUL"",""COMPLETED""]",1
auth_payer_jkby42415207N4414c27Z384,445827,20189822,CYBERSOURCE,2024-08-14T15:20:04.385Z,ter_352f806f61114893b8ad32e5,05,Y,AUTHENTICATED,[],[],["Y"],["Y"],["0"],[],"[""PENDING_AUTHENTICATION"",""AUTHENTICATION_SUCCESSFUL"",""COMPLETED""]",1
auth_payer_s63L14241520yRuY140K7B388,445827,20189822,CYBERSOURCE,2024-08-14T15:20:14.388Z,ter_352f806f61114893b8ad32e5,05,Y,AUTHENTICATED,[],[],["Y"],["Y"],["0"],[],"[""PENDING_AUTHENTICATION"",""AUTHENTICATION_SUCCESSFUL"",""COMPLETED""]",1
auth_payer_Mc3C20241520bz6Z14bE7T44,445827,20189822,CYBERSOURCE,2024-08-14T15:20:20.044Z,ter_352f806f61114893b8ad32e5,05,Y,AUTHENTICATED,[],[],["Y"],["Y"],["0"],[],"[""PENDING_AUTHENTICATION"",""AUTHENTICATION_SUCCESSFUL"",""COMPLETED""]",1
auth_payer_DMx013241521ZpTi14nh7Z274,445827,20189822,CYBERSOURCE,2024-08-14T15:21:13.274Z,ter_352f806f61114893b8ad32e5,05,Y,AUTHENTICATED,[],[],["Y"],["Y"],["0"],[],"[""PENDING_AUTHENTICATION"",""AUTHENTICATION_SUCCESSFUL"",""COMPLETED""]",1
auth_payer_iZxB29241522VrjE14on7m490,489022,20189822,CYBERSOURCE,2024-08-14T15:22:29.490Z,ter_352f806f61114893b8ad32e5,05,Y,AUTHENTICATED,[],[],["Y"],["Y"],["0"],[],"[""PENDING_AUTHENTICATION"",""AUTHENTICATION_SUCCESSFUL"",""COMPLETED""]",1
auth_payer_HZEy502415230IMg14Xp7x286,445827,20189822,CYBERSOURCE,2024-08-14T15:23:50.286Z,ter_352f806f61114893b8ad32e5,05,Y,AUTHENTICATED,[],[],["Y"],["Y"],["0"],[],"[""PENDING_AUTHENTICATION"",""AUTHENTICATION_SUCCESSFUL"",""COMPLETED""]",1
auth_payer_QUf122241524ynVj14N67A988,445827,20189822,CYBERSOURCE,2024-08-14T15:24:22.988Z,ter_352f806f61114893b8ad32e5,05,Y,AUTHENTICATED,[],[],["Y"],["Y"],["0"],[],"[""PENDING_AUTHENTICATION"",""AUTHENTICATION_SUCCESSFUL"",""COMPLETED""]",1
auth_payer_jqDG44241524muGX14VX7W961,535685,20189822,CYBERSOURCE,2024-08-14T15:24:44.961Z,ter_352f806f61114893b8ad32e5,02,Y,AUTHENTICATED,[],[],["Y"],["Y"],[],[],"[""AUTHENTICATION_SUCCESSFUL"",""COMPLETED""]",1
auth_payer_PqHn46241525nGsr14bb7k162,445827,20189822,CYBERSOURCE,2024-08-14T15:25:46.163Z,ter_352f806f61114893b8ad32e5,05,Y,AUTHENTICATED,[],[],["Y"],["Y"],[],[],"[""AUTHENTICATION_SUCCESSFUL"",""COMPLETED""]",1
auth_payer_4zZf52415263sRq14AV7i152,445827,20189822,CYBERSOURCE,2024-08-14T15:26:05.152Z,ter_352f806f61114893b8ad32e5,05,Y,AUTHENTICATED,[],[],["Y"],["Y"],["0"],[],"[""PENDING_AUTHENTICATION"",""AUTHENTICATION_SUCCESSFUL"",""COMPLETED""]",1
auth_payer_78rl15241527jWpr14NF70102,445827,20189822,CYBERSOURCE,2024-08-14T15:27:15.102Z,ter_352f806f61114893b8ad32e5,05,Y,AUTHENTICATED,[],[],["Y"],["Y"],["0"],[],"[""PENDING_AUTHENTICATION"",""AUTHENTICATION_SUCCESSFUL"",""COMPLETED""]",1
auth_payer_o7xQ25241528gp9G14Lo7R146,445827,20189822,CYBERSOURCE,2024-08-14T15:28:25.146Z,ter_352f806f61114893b8ad32e5,05,Y,AUTHENTICATED,[],[],["Y"],["Y"],[],[],"[""AUTHENTICATION_SUCCESSFUL"",""COMPLETED""]",1
auth_payer_PPco46241528tYfX14qB7952,445827,20189822,CYBERSOURCE,2024-08-14T15:28:46.052Z,ter_352f806f61114893b8ad32e5,05,Y,AUTHENTICATED,[],[],["Y"],["Y"],["0"],[],"[""PENDING_AUTHENTICATION"",""AUTHENTICATION_SUCCESSFUL"",""COMPLETED""]",1
auth_payer_ZN4F562415292IpV14gQ78881,445827,20189822,CYBERSOURCE,2024-08-14T15:29:56.881Z,ter_352f806f61114893b8ad32e5,05,Y,AUTHENTICATED,[],[],["Y"],["Y"],["0"],[],"[""PENDING_AUTHENTICATION"",""AUTHENTICATION_SUCCESSFUL"",""COMPLETED""]",1
auth_payer_9m1B49241530J5qC14857Z806,445827,20189822,CYBERSOURCE,2024-08-14T15:30:49.806Z,ter_352f806f61114893b8ad32e5,05,Y,AUTHENTICATED,[],[],["Y"],["Y"],[],[],"[""AUTHENTICATION_SUCCESSFUL"",""COMPLETED""]",1
auth_payer_UJyq32241531in8014rr7i390,445827,20189822,CYBERSOURCE,2024-08-14T15:31:32.390Z,ter_352f806f61114893b8ad32e5,05,Y,AUTHENTICATED,[],[],["Y"],["Y"],["0"],[],"[""PENDING_AUTHENTICATION"",""AUTHENTICATION_SUCCESSFUL"",""COMPLETED""]",1
auth_payer_O7qd28241532LNOv14zF7J706,445827,20189822,CYBERSOURCE,2024-08-14T15:32:28.706Z,ter_352f806f61114893b8ad32e5,05,Y,AUTHENTICATED,[],[],["Y"],["Y"],["0"],[],"[""PENDING_AUTHENTICATION"",""AUTHENTICATION_SUCCESSFUL"",""COMPLETED""]",1
auth_payer_YCxf592415323qRG14TP7F181,445827,20189822,CYBERSOURCE,2024-08-14T15:32:59.181Z,ter_352f806f61114893b8ad32e5,05,Y,AUTHENTICATED,[],[],["Y"],["Y"],["0"],[],"[""PENDING_AUTHENTICATION"",""AUTHENTICATION_SUCCESSFUL"",""COMPLETED""]",1
auth_payer_6LDy53241533mGW814p17e592,545205,20189822,CYBERSOURCE,2024-08-14T15:33:53.592Z,ter_352f806f61114893b8ad32e5,02,Y,AUTHENTICATED,[],[],["Y"],["Y"],["0"],[],"[""PENDING_AUTHENTICATION"",""AUTHENTICATION_SUCCESSFUL"",""COMPLETED""]",1
auth_payer_g5VJ26241534ix2a14WT7j352,445827,20189822,CYBERSOURCE,2024-08-14T15:34:26.353Z,ter_352f806f61114893b8ad32e5,05,Y,AUTHENTICATED,[],[],["Y"],["Y"],["0"],[],"[""PENDING_AUTHENTICATION"",""AUTHENTICATION_SUCCESSFUL"",""COMPLETED""]",1
auth_payer_edRt50241534KG8Y14pb7x950,445827,20189822,CYBERSOURCE,2024-08-14T15:34:50.951Z,ter_352f806f61114893b8ad32e5,05,Y,AUTHENTICATED,[],[],["Y"],["Y"],["0"],[],"[""PENDING_AUTHENTICATION"",""AUTHENTICATION_SUCCESSFUL"",""COMPLETED""]",1
auth_payer_WdnN10241535Pik0143P7p280,457553,20189822,CYBERSOURCE,2024-08-14T15:35:10.280Z,ter_352f806f61114893b8ad32e5,05,Y,AUTHENTICATED,[],[],["Y"],["Y"],["0"],[],"[""PENDING_AUTHENTICATION"",""AUTHENTICATION_SUCCESSFUL"",""COMPLETED""]",1
auth_payer_Bz6R33241535eI7G14YI7x753,485932,20189822,CYBERSOURCE,2024-08-14T15:35:33.753Z,ter_352f806f61114893b8ad32e5,07,R,FAILED,[],[],["Y"],["R"],[],[],"[""AUTHENTICATION_FAILED"",""COMPLETED""]",1
auth_payer_ZID244241535JzZS14l17H580,445827,20189822,CYBERSOURCE,2024-08-14T15:35:44.580Z,ter_352f806f61114893b8ad32e5,05,Y,AUTHENTICATED,[],[],["Y"],["Y"],["0"],[],"[""PENDING_AUTHENTICATION"",""AUTHENTICATION_SUCCESSFUL"",""COMPLETED""]",1
auth_payer_xQ3c49241536YZqY14Fr7a274,445827,20189822,CYBERSOURCE,2024-08-14T15:36:49.274Z,ter_352f806f61114893b8ad32e5,05,Y,AUTHENTICATED,[],[],["Y"],["Y"],["0"],[],"[""PENDING_AUTHENTICATION"",""AUTHENTICATION_SUCCESSFUL"",""COMPLETED""]",1
auth_payer_Qal743241538b73n14Z77Y405,445827,20189822,CYBERSOURCE,2024-08-14T15:38:43.405Z,ter_352f806f61114893b8ad32e5,05,Y,AUTHENTICATED,[],[],["Y"],["Y"],["0"],[],"[""PENDING_AUTHENTICATION"",""AUTHENTICATION_SUCCESSFUL"",""COMPLETED""]",1
auth_payer_rZ1A40241539ta5K14Tz7F826,445827,20189822,CYBERSOURCE,2024-08-14T15:39:40.826Z,ter_352f806f61114893b8ad32e5,05,Y,AUTHENTICATED,[],[],["Y"],["Y"],["0"],[],"[""PENDING_AUTHENTICATION"",""AUTHENTICATION_SUCCESSFUL"",""COMPLETED""]",1
auth_payer_eW1X45241539Jyp314gR7h833,430258,20189822,CYBERSOURCE,2024-08-14T15:39:45.833Z,ter_352f806f61114893b8ad32e5,05,Y,AUTHENTICATED,[],[],["Y"],["Y"],["0"],[],"[""PENDING_AUTHENTICATION"",""AUTHENTICATION_SUCCESSFUL"",""COMPLETED""]",1
auth_payer_Y1Qe48241539kUye141J7F898,416634,20189822,CYBERSOURCE,2024-08-14T15:39:48.898Z,ter_352f806f61114893b8ad32e5,05,Y,AUTHENTICATED,[],[],["Y"],["Y"],[],[],"[""AUTHENTICATION_SUCCESSFUL"",""COMPLETED""]",1
auth_payer_bQiy22241540UQK014tc7U573,445827,20189822,CYBERSOURCE,2024-08-14T15:40:22.573Z,ter_352f806f61114893b8ad32e5,05,Y,AUTHENTICATED,[],[],["Y"],["Y"],["0"],[],"[""PENDING_AUTHENTICATION"",""AUTHENTICATION_SUCCESSFUL"",""COMPLETED""]",1
auth_payer_0sl042241540ojLA145I7R998,445827,20189822,CYBERSOURCE,2024-08-14T15:40:42.998Z,ter_352f806f61114893b8ad32e5,05,Y,AUTHENTICATED,[],[],["Y"],["Y"],["0"],[],"[""PENDING_AUTHENTICATION"",""AUTHENTICATION_SUCCESSFUL"",""COMPLETED""]",1
auth_payer_fCFd292415411tTS14Cy7T964,445827,20189822,CYBERSOURCE,2024-08-14T15:41:29.964Z,ter_352f806f61114893b8ad32e5,05,Y,AUTHENTICATED,[],[],["Y"],["Y"],["0"],[],"[""PENDING_AUTHENTICATION"",""AUTHENTICATION_SUCCESSFUL"",""COMPLETED""]",1
auth_payer_vPg825241542epVP14yP7E436,445827,20189822,CYBERSOURCE,2024-08-14T15:42:25.437Z,ter_352f806f61114893b8ad32e5,05,Y,AUTHENTICATED,[],[],["Y"],["Y"],["0"],[],"[""PENDING_AUTHENTICATION"",""AUTHENTICATION_SUCCESSFUL"",""COMPLETED""]",1
auth_payer_s2bc33241542HQLo14Uu7k769,445827,20189822,CYBERSOURCE,2024-08-14T15:42:33.769Z,ter_352f806f61114893b8ad32e5,05,Y,AUTHENTICATED,[],[],["Y"],["Y"],["0"],[],"[""PENDING_AUTHENTICATION"",""AUTHENTICATION_SUCCESSFUL"",""COMPLETED""]",1
auth_payer_1SDb13241543lMOM14uq7c184,518694,20189822,CYBERSOURCE,2024-08-14T15:43:13.185Z,ter_352f806f61114893b8ad32e5,02,Y,AUTHENTICATED,[],[],["Y"],["Y"],["0"],[],"[""PENDING_AUTHENTICATION"",""AUTHENTICATION_SUCCESSFUL"",""COMPLETED""]",1
auth_payer_RLjI35241543puIL14EL7E36,445827,20189822,CYBERSOURCE,2024-08-14T15:43:35.036Z,ter_352f806f61114893b8ad32e5,05,Y,AUTHENTICATED,[],[],["Y"],["Y"],["0"],[],"[""PENDING_AUTHENTICATION"",""AUTHENTICATION_SUCCESSFUL"",""COMPLETED""]",1
auth_payer_ma1J34241544HzGO144H7p914,445827,20189822,CYBERSOURCE,2024-08-14T15:44:34.914Z,ter_352f806f61114893b8ad32e5,05,Y,AUTHENTICATED,[],[],["Y"],["Y"],["0"],[],"[""PENDING_AUTHENTICATION"",""AUTHENTICATION_SUCCESSFUL"",""COMPLETED""]",1
auth_payer_sfSa5241545ioLO14L47N579,445827,20189822,CYBERSOURCE,2024-08-14T15:45:05.580Z,ter_352f806f61114893b8ad32e5,05,Y,AUTHENTICATED,[],[],["Y"],["Y"],["0"],[],"[""PENDING_AUTHENTICATION"",""AUTHENTICATION_SUCCESSFUL"",""COMPLETED""]",1
auth_payer_QLn024241546Qezy147h7D965,445827,20189822,CYBERSOURCE,2024-08-14T15:46:24.965Z,ter_352f806f61114893b8ad32e5,05,Y,AUTHENTICATED,[],[],["Y"],["Y"],["0"],[],"[""PENDING_AUTHENTICATION"",""AUTHENTICATION_SUCCESSFUL"",""COMPLETED""]",1
auth_payer_CY7x32241547xGce140Y7H483,445827,20189822,CYBERSOURCE,2024-08-14T15:47:32.483Z,ter_352f806f61114893b8ad32e5,05,Y,AUTHENTICATED,[],[],["Y"],["Y"],["0"],[],"[""PENDING_AUTHENTICATION"",""AUTHENTICATION_SUCCESSFUL"",""COMPLETED""]",1
auth_payer_JDpc38241548Z01L14Le75688,445827,20189822,CYBERSOURCE,2024-08-14T15:48:38.688Z,ter_352f806f61114893b8ad32e5,05,Y,AUTHENTICATED,[],[],["Y"],["Y"],["0"],[],"[""PENDING_AUTHENTICATION"",""AUTHENTICATION_SUCCESSFUL"",""COMPLETED""]",1
auth_payer_zGku41241549XMgA14YZ7k863,445827,20189822,CYBERSOURCE,2024-08-14T15:49:41.863Z,ter_352f806f61114893b8ad32e5,05,Y,AUTHENTICATED,[],[],["Y"],["Y"],["0"],[],"[""PENDING_AUTHENTICATION"",""AUTHENTICATION_SUCCESSFUL"",""COMPLETED""]",1
auth_payer_0eJL10241550eARb144t7a840,518694,20189822,CYBERSOURCE,2024-08-14T15:50:10.840Z,ter_352f806f61114893b8ad32e5,02,Y,AUTHENTICATED,[],[],["Y"],["Y"],["0"],[],"[""PENDING_AUTHENTICATION"",""AUTHENTICATION_SUCCESSFUL"",""COMPLETED""]",1
auth_payer_AIQe1241551eZX714Gm7T342,445827,20189822,CYBERSOURCE,2024-08-14T15:51:01.342Z,ter_352f806f61114893b8ad32e5,05,Y,AUTHENTICATED,[],[],["Y"],["Y"],["0"],[],"[""PENDING_AUTHENTICATION"",""AUTHENTICATION_SUCCESSFUL"",""COMPLETED""]",1
auth_payer_tQto33241551ycoa14Gg7X314,466515,20189822,CYBERSOURCE,2024-08-14T15:51:33.314Z,ter_352f806f61114893b8ad32e5,05,Y,AUTHENTICATED,[],[],["Y"],["Y"],["0"],[],"[""PENDING_AUTHENTICATION"",""AUTHENTICATION_SUCCESSFUL"",""COMPLETED""]",1
auth_payer_oYyg53241551P5BV145x75231,445827,20189822,CYBERSOURCE,2024-08-14T15:51:53.232Z,ter_352f806f61114893b8ad32e5,05,Y,AUTHENTICATED,[],[],["Y"],["Y"],["0"],[],"[""PENDING_AUTHENTICATION"",""AUTHENTICATION_SUCCESSFUL"",""COMPLETED""]",1
auth_payer_fvuj5241552XDa614C67i410,445827,20189822,CYBERSOURCE,2024-08-14T15:52:05.410Z,ter_352f806f61114893b8ad32e5,05,Y,AUTHENTICATED,[],[],["Y"],["Y"],["0"],[],"[""PENDING_AUTHENTICATION"",""AUTHENTICATION_SUCCESSFUL"",""COMPLETED""]",1
auth_payer_eGBC92415525Z6A14Kx73793,466515,20189822,CYBERSOURCE,2024-08-14T15:52:09.793Z,ter_352f806f61114893b8ad32e5,05,Y,AUTHENTICATED,[],[],["Y"],["Y"],["0"],[],"[""PENDING_AUTHENTICATION"",""AUTHENTICATION_SUCCESSFUL"",""COMPLETED""]",1
auth_payer_KGZk47241553dS1i14it7P303,445827,20189822,CYBERSOURCE,2024-08-14T15:53:47.303Z,ter_352f806f61114893b8ad32e5,05,Y,AUTHENTICATED,[],[],["Y"],["Y"],["0"],[],"[""PENDING_AUTHENTICATION"",""AUTHENTICATION_SUCCESSFUL"",""COMPLETED""]",1
auth_payer_Z19257241553oupe14RO7J287,457553,20189822,CYBERSOURCE,2024-08-14T15:53:57.287Z,ter_352f806f61114893b8ad32e5,,,AUTHENTICATED,["201"],"[""A message element required as defined in Table A.1 is missing from the message. deviceChannel,""]",["U"],[],[],[],"[""AUTHENTICATION_SUCCESSFUL"",""COMPLETED""]",1
auth_payer_hcIl232415545rAv14Df7c880,445827,20189822,CYBERSOURCE,2024-08-14T15:54:23.880Z,ter_352f806f61114893b8ad32e5,05,Y,AUTHENTICATED,[],[],["Y"],["Y"],["0"],[],"[""PENDING_AUTHENTICATION"",""AUTHENTICATION_SUCCESSFUL"",""COMPLETED""]",1
auth_payer_j9Nv2424155461tF145F7N744,410683,20189822,CYBERSOURCE,2024-08-14T15:54:24.744Z,ter_352f806f61114893b8ad32e5,05,Y,AUTHENTICATED,[],[],["Y"],["Y"],["0"],[],"[""PENDING_AUTHENTICATION"",""AUTHENTICATION_SUCCESSFUL"",""COMPLETED""]",1
auth_payer_kMFz46241555Tsnb141P70916,445827,20189822,CYBERSOURCE,2024-08-14T15:55:46.916Z,ter_352f806f61114893b8ad32e5,05,Y,AUTHENTICATED,[],[],["Y"],["Y"],["0"],[],"[""PENDING_AUTHENTICATION"",""AUTHENTICATION_SUCCESSFUL"",""COMPLETED""]",1
auth_payer_u8aL29241556DtCR14EO7H475,524197,20189822,CYBERSOURCE,2024-08-14T15:56:29.476Z,ter_352f806f61114893b8ad32e5,02,Y,AUTHENTICATED,[],[],["Y"],["Y"],["0"],[],"[""PENDING_AUTHENTICATION"",""AUTHENTICATION_SUCCESSFUL"",""COMPLETED""]",1
auth_payer_Uag914241558tZrx14D27W590,411092,20189822,CYBERSOURCE,2024-08-14T15:58:14.590Z,ter_352f806f61114893b8ad32e5,,,PENDING,[],[],["Y"],[],[],[],"[""PENDING_AUTHENTICATION"",""COMPLETED""]",1
auth_payer_EMSq582415587dsE14A67l408,445827,20189822,CYBERSOURCE,2024-08-14T15:58:58.408Z,ter_352f806f61114893b8ad32e5,05,Y,AUTHENTICATED,[],[],["Y"],["Y"],["0"],[],"[""PENDING_AUTHENTICATION"",""AUTHENTICATION_SUCCESSFUL"",""COMPLETED""]",1
auth_payer_Dqgr27241559YsHb140b7R65,457553,20189822,CYBERSOURCE,2024-08-14T15:59:27.065Z,ter_352f806f61114893b8ad32e5,05,Y,AUTHENTICATED,[],[],["Y"],["Y"],["0"],[],"[""PENDING_AUTHENTICATION"",""AUTHENTICATION_SUCCESSFUL"",""COMPLETED""]",1
auth_payer_PMrW55241559B1Vi14b779618,445827,20189822,CYBERSOURCE,2024-08-14T15:59:55.618Z,ter_352f806f61114893b8ad32e5,,,INITIATED,[],[],[],[],[],[],["COMPLETED"],1
auth_payer_FYRR59241559OWyZ14Pj7C785,445827,20189822,CYBERSOURCE,2024-08-14T15:59:59.785Z,ter_352f806f61114893b8ad32e5,05,Y,AUTHENTICATED,[],[],["Y"],["Y"],["0"],[],"[""PENDING_AUTHENTICATION"",""AUTHENTICATION_SUCCESSFUL"",""COMPLETED""]",1
auth_payer_3PE0524162I1sE148x7z259,445827,20189822,CYBERSOURCE,2024-08-14T16:02:05.260Z,ter_352f806f61114893b8ad32e5,05,Y,AUTHENTICATED,[],[],["Y"],["Y"],["0"],[],"[""PENDING_AUTHENTICATION"",""AUTHENTICATION_SUCCESSFUL"",""COMPLETED""]",1
auth_payer_R3S71224164cCub14k87U926,545205,20189822,CYBERSOURCE,2024-08-14T16:04:12.926Z,ter_352f806f61114893b8ad32e5,02,Y,AUTHENTICATED,[],[],["Y"],["Y"],["0"],[],"[""PENDING_AUTHENTICATION"",""AUTHENTICATION_SUCCESSFUL"",""COMPLETED""]",1
auth_payer_VCMN1324164npVf14ci73252,445827,20189822,CYBERSOURCE,2024-08-14T16:04:13.252Z,ter_352f806f61114893b8ad32e5,05,Y,AUTHENTICATED,[],[],["Y"],["Y"],["0"],[],"[""PENDING_AUTHENTICATION"",""AUTHENTICATION_SUCCESSFUL"",""COMPLETED""]",1
auth_payer_JKAM1824164kQcR14ce7Y675,445827,20189822,CYBERSOURCE,2024-08-14T16:04:18.676Z,ter_352f806f61114893b8ad32e5,05,Y,AUTHENTICATED,[],[],["Y"],["Y"],[],[],"[""AUTHENTICATION_SUCCESSFUL"",""COMPLETED""]",1
auth_payer_UZpo4724164btVi14qB7G781,411092,20189822,CYBERSOURCE,2024-08-14T16:04:47.781Z,ter_352f806f61114893b8ad32e5,05,Y,AUTHENTICATED,[],[],["Y"],["Y"],["0"],[],"[""PENDING_AUTHENTICATION"",""AUTHENTICATION_SUCCESSFUL"",""COMPLETED""]",1
auth_payer_yJ9T1524165hIvl14eu7G21,445827,20189822,CYBERSOURCE,2024-08-14T16:05:15.021Z,ter_352f806f61114893b8ad32e5,05,Y,AUTHENTICATED,[],[],["Y"],["Y"],["0"],[],"[""PENDING_AUTHENTICATION"",""AUTHENTICATION_SUCCESSFUL"",""COMPLETED""]",1
auth_payer_9Byu5324166JTbT14GQ7E720,445827,20189822,CYBERSOURCE,2024-08-14T16:06:53.720Z,ter_352f806f61114893b8ad32e5,,,INITIATED,[],[],[],[],[],[],["COMPLETED"],1
auth_payer_r0Eh1024169vsmf14RP7d495,410683,20189822,CYBERSOURCE,2024-08-14T16:09:10.495Z,ter_352f806f61114893b8ad32e5,05,Y,AUTHENTICATED,[],[],["Y"],["Y"],["0"],[],"[""PENDING_AUTHENTICATION"",""AUTHENTICATION_SUCCESSFUL"",""COMPLETED""]",1
auth_payer_XhYH23241611QYaB144m7Y241,457553,20189822,CYBERSOURCE,2024-08-14T16:11:23.241Z,ter_352f806f61114893b8ad32e5,05,Y,AUTHENTICATED,[],[],["Y"],["Y"],["0"],[],"[""PENDING_AUTHENTICATION"",""AUTHENTICATION_SUCCESSFUL"",""COMPLETED""]",1
auth_payer_b45332241612BIPb14qL7C508,445827,20189822,CYBERSOURCE,2024-08-14T16:12:32.508Z,ter_352f806f61114893b8ad32e5,05,Y,AUTHENTICATED,[],[],["Y"],["Y"],[],[],"[""AUTHENTICATION_SUCCESSFUL"",""COMPLETED""]",1
auth_payer_AS6e22241613Mj5o14PC7R237,445827,20189822,CYBERSOURCE,2024-08-14T16:13:22.237Z,ter_352f806f61114893b8ad32e5,05,Y,AUTHENTICATED,[],[],["Y"],["Y"],[],[],"[""AUTHENTICATION_SUCCESSFUL"",""COMPLETED""]",1
auth_payer_SxAy39241613tWFD14yE7d435,445827,20189822,CYBERSOURCE,2024-08-14T16:13:39.435Z,ter_352f806f61114893b8ad32e5,05,Y,AUTHENTICATED,[],[],["Y"],["Y"],[],[],"[""AUTHENTICATION_SUCCESSFUL"",""COMPLETED""]",1
auth_payer_qA3R332416145vis14sa7U722,457553,20189822,CYBERSOURCE,2024-08-14T16:14:33.722Z,ter_352f806f61114893b8ad32e5,,,PENDING,[],[],["Y"],[],[],[],"[""PENDING_AUTHENTICATION"",""COMPLETED""]",1
auth_payer_7un0432416147i9X14xv7Z714,445827,20189822,CYBERSOURCE,2024-08-14T16:14:43.714Z,ter_352f806f61114893b8ad32e5,,,INITIATED,[],[],[],[],[],[],["COMPLETED"],1
auth_payer_MOy241241615XQeA14T17R967,445827,20189822,CYBERSOURCE,2024-08-14T16:15:41.967Z,ter_352f806f61114893b8ad32e5,05,Y,AUTHENTICATED,[],[],["Y"],["Y"],[],[],"[""AUTHENTICATION_SUCCESSFUL"",""COMPLETED""]",1
auth_payer_rGZN57241616eOVq14qA7B528,445827,20189822,CYBERSOURCE,2024-08-14T16:16:57.528Z,ter_352f806f61114893b8ad32e5,05,Y,AUTHENTICATED,[],[],["Y"],["Y"],[],[],"[""AUTHENTICATION_SUCCESSFUL"",""COMPLETED""]",1
auth_payer_Oyuc462416177EYQ14CO7v665,445827,20189822,CYBERSOURCE,2024-08-14T16:17:46.665Z,ter_352f806f61114893b8ad32e5,,,INITIATED,[],[],[],[],[],[],["COMPLETED"],1
auth_payer_xhEN51241617kVoG14yl7a854,535666,28056094,CYBERSOURCE,2024-08-14T16:17:51.854Z,ter_352f806f61114893b8ad32e5,00,N,FAILED,[],[],["Y"],["N"],[],[],"[""AUTHENTICATION_FAILED"",""COMPLETED""]",1
auth_payer_o4pt19241619dNhC148t7s460,457553,20189822,CYBERSOURCE,2024-08-14T16:19:19.460Z,ter_352f806f61114893b8ad32e5,05,Y,AUTHENTICATED,[],[],["Y"],["Y"],["0"],[],"[""PENDING_AUTHENTICATION"",""AUTHENTICATION_SUCCESSFUL"",""COMPLETED""]",1
auth_payer_N3Vt28241619r5QK144B7m864,445827,20189822,CYBERSOURCE,2024-08-14T16:19:28.864Z,ter_352f806f61114893b8ad32e5,05,Y,AUTHENTICATED,[],[],["Y"],["Y"],["0"],[],"[""PENDING_AUTHENTICATION"",""AUTHENTICATION_SUCCESSFUL"",""COMPLETED""]",1
auth_payer_7ENA482416207E7f14fN7W770,445827,20189822,CYBERSOURCE,2024-08-14T16:20:48.770Z,ter_352f806f61114893b8ad32e5,,,INITIATED,[],[],[],[],[],[],["COMPLETED"],1
auth_payer_vGGA26241621adRa14XJ7C483,445827,20189822,CYBERSOURCE,2024-08-14T16:21:26.484Z,ter_352f806f61114893b8ad32e5,,,INITIATED,[],[],[],[],[],[],["COMPLETED"],1
auth_payer_cdBo47241621lSrn14WL7i739,524646,20189822,CYBERSOURCE,2024-08-14T16:21:47.739Z,ter_352f806f61114893b8ad32e5,02,Y,AUTHENTICATED,[],[],["Y"],["Y"],["0"],[],"[""PENDING_AUTHENTICATION"",""AUTHENTICATION_SUCCESSFUL"",""COMPLETED""]",1
auth_payer_mUyJ592416235HWQ14EV7Q865,445827,20189822,CYBERSOURCE,2024-08-14T16:23:59.865Z,ter_352f806f61114893b8ad32e5,05,Y,AUTHENTICATED,[],[],["Y"],["Y"],[],[],"[""AUTHENTICATION_SUCCESSFUL"",""COMPLETED""]",1
auth_payer_JDMp51241626rkOC14gT7S795,445827,20189822,CYBERSOURCE,2024-08-14T16:26:51.795Z,ter_352f806f61114893b8ad32e5,,,INITIATED,[],[],[],[],[],[],["COMPLETED"],1
auth_payer_9zKS54241626erOL14hs78497,445827,20189822,CYBERSOURCE,2024-08-14T16:26:54.497Z,ter_352f806f61114893b8ad32e5,05,Y,AUTHENTICATED,[],[],["Y"],["Y"],["0"],[],"[""PENDING_AUTHENTICATION"",""AUTHENTICATION_SUCCESSFUL"",""COMPLETED""]",1
auth_payer_3XIR0241627GaHs14LE7Y68,445827,20189822,CYBERSOURCE,2024-08-14T16:27:00.068Z,ter_352f806f61114893b8ad32e5,05,Y,AUTHENTICATED,[],[],["Y"],["Y"],["0"],[],"[""PENDING_AUTHENTICATION"",""AUTHENTICATION_SUCCESSFUL"",""COMPLETED""]",1
auth_payer_ZhyO57241627kXVj14PQ7Q482,445827,20189822,CYBERSOURCE,2024-08-14T16:27:57.482Z,ter_352f806f61114893b8ad32e5,05,Y,AUTHENTICATED,[],[],["Y"],["Y"],["0"],[],"[""PENDING_AUTHENTICATION"",""AUTHENTICATION_SUCCESSFUL"",""COMPLETED""]",1
auth_payer_DPgL58241627bGg7148O71948,445827,20189822,CYBERSOURCE,2024-08-14T16:27:58.948Z,ter_352f806f61114893b8ad32e5,,,INITIATED,[],[],[],[],[],[],["COMPLETED"],1
auth_payer_ARXm11241628si7a14sj7r595,445827,28055731,CYBERSOURCE,2024-08-14T16:28:11.596Z,ter_a2f0ed2d064248a8bdabc6a2,05,Y,AUTHENTICATED,[],[],["Y"],["Y"],[],[],"[""AUTHENTICATION_SUCCESSFUL"",""COMPLETED""]",1
auth_payer_3kfG542416286EvV14MJ7o437,445827,20189822,CYBERSOURCE,2024-08-14T16:28:54.437Z,ter_352f806f61114893b8ad32e5,,,INITIATED,[],[],[],[],[],[],["COMPLETED"],1
auth_payer_W8RN7241629jTeY14yn7m193,445827,20189822,CYBERSOURCE,2024-08-14T16:29:07.193Z,ter_352f806f61114893b8ad32e5,05,Y,AUTHENTICATED,[],[],["Y"],["Y"],["0"],[],"[""PENDING_AUTHENTICATION"",""AUTHENTICATION_SUCCESSFUL"",""COMPLETED""]",1
auth_payer_kPIm102416299TqY140T7N711,545205,20189822,CYBERSOURCE,2024-08-14T16:29:10.711Z,ter_352f806f61114893b8ad32e5,,,PENDING,[],[],["Y"],[],[],[],"[""PENDING_AUTHENTICATION"",""COMPLETED""]",1
auth_payer_Bfzf42241629ELns14zR7V997,457553,20189822,CYBERSOURCE,2024-08-14T16:29:42.997Z,ter_352f806f61114893b8ad32e5,07,N,FAILED,[],[],["Y"],["N"],["9"],[],"[""PENDING_AUTHENTICATION"",""AUTHENTICATION_FAILED"",""COMPLETED""]",1
auth_payer_Jvc431241631V8r414077S761,456891,28055731,CYBERSOURCE,2024-08-14T16:31:31.761Z,ter_352f806f61114893b8ad32e5,05,Y,AUTHENTICATED,[],[],["Y"],["Y"],["0"],[],"[""PENDING_AUTHENTICATION"",""AUTHENTICATION_SUCCESSFUL"",""COMPLETED""]",1
auth_payer_DjgW582416315Jha141n7F813,457553,20189822,CYBERSOURCE,2024-08-14T16:31:58.813Z,ter_352f806f61114893b8ad32e5,05,Y,AUTHENTICATED,[],[],["Y"],["Y"],["0"],[],"[""PENDING_AUTHENTICATION"",""AUTHENTICATION_SUCCESSFUL"",""COMPLETED""]",1
auth_payer_PL7q32241632jyoU145t7C200,445827,20189822,CYBERSOURCE,2024-08-14T16:32:32.200Z,ter_352f806f61114893b8ad32e5,,,INITIATED,[],[],[],[],[],[],["COMPLETED"],1
auth_payer_EUez53241633bV9t14gT7B461,445827,20189822,CYBERSOURCE,2024-08-14T16:33:53.461Z,ter_352f806f61114893b8ad32e5,05,Y,AUTHENTICATED,[],[],["Y"],["Y"],["0"],[],"[""PENDING_AUTHENTICATION"",""AUTHENTICATION_SUCCESSFUL"",""COMPLETED""]",1
auth_payer_Aiei22416342tzj14oU7B297,445827,20189822,CYBERSOURCE,2024-08-14T16:34:02.298Z,ter_352f806f61114893b8ad32e5,05,Y,AUTHENTICATED,[],[],["Y"],["Y"],["0"],[],"[""PENDING_AUTHENTICATION"",""AUTHENTICATION_SUCCESSFUL"",""COMPLETED""]",1
auth_payer_oZiB54241634sCmZ14AT7v792,428679,20189822,CYBERSOURCE,2024-08-14T16:34:54.792Z,ter_352f806f61114893b8ad32e5,05,Y,AUTHENTICATED,[],[],["Y"],["Y"],["0"],[],"[""PENDING_AUTHENTICATION"",""AUTHENTICATION_SUCCESSFUL"",""COMPLETED""]",1
auth_payer_JARd2241635o4lF144c7L63,445827,20189822,CYBERSOURCE,2024-08-14T16:35:02.063Z,ter_352f806f61114893b8ad32e5,05,Y,AUTHENTICATED,[],[],["Y"],["Y"],[],[],"[""AUTHENTICATION_SUCCESSFUL"",""COMPLETED""]",1
auth_payer_514q6241636zfL314Iu7N355,445827,20189822,CYBERSOURCE,2024-08-14T16:36:06.355Z,ter_352f806f61114893b8ad32e5,,,INITIATED,[],[],[],[],[],[],["COMPLETED"],1
auth_payer_CTi69241637IF6V14rI7A995,445827,20189822,CYBERSOURCE,2024-08-14T16:37:09.995Z,ter_352f806f61114893b8ad32e5,05,Y,AUTHENTICATED,[],[],["Y"],["Y"],[],[],"[""AUTHENTICATION_SUCCESSFUL"",""COMPLETED""]",1
auth_payer_lWkf40241637NGrB14Id7M138,445827,20189822,CYBERSOURCE,2024-08-14T16:37:40.138Z,ter_352f806f61114893b8ad32e5,,,INITIATED,[],[],[],[],[],[],["COMPLETED"],1
auth_payer_lv2o55241637NJLa14WT7g885,545205,20189822,CYBERSOURCE,2024-08-14T16:37:55.885Z,ter_352f806f61114893b8ad32e5,02,Y,AUTHENTICATED,[],[],["Y"],["Y"],["0"],[],"[""PENDING_AUTHENTICATION"",""AUTHENTICATION_SUCCESSFUL"",""COMPLETED""]",1
auth_payer_DA8p22241638NTDs148E7e349,445827,20189822,CYBERSOURCE,2024-08-14T16:38:22.349Z,ter_352f806f61114893b8ad32e5,,,INITIATED,[],[],[],[],[],[],["COMPLETED"],1
auth_payer_X71622241640W0Yy14Pt72340,483432,20189822,CYBERSOURCE,2024-08-14T16:40:22.340Z,ter_352f806f61114893b8ad32e5,05,Y,AUTHENTICATED,[],[],["Y"],["Y"],["0"],[],"[""PENDING_AUTHENTICATION"",""AUTHENTICATION_SUCCESSFUL"",""COMPLETED""]",1
auth_payer_jBTM25241640pnaW141D72258,485932,20189822,CYBERSOURCE,2024-08-14T16:40:25.258Z,ter_352f806f61114893b8ad32e5,07,R,FAILED,[],[],["Y"],["R"],[],[],"[""AUTHENTICATION_FAILED"",""COMPLETED""]",1
auth_payer_lQRu57241640KlNP14VK7m832,445827,20189822,CYBERSOURCE,2024-08-14T16:40:57.832Z,ter_352f806f61114893b8ad32e5,05,Y,AUTHENTICATED,[],[],["Y"],["Y"],["0"],[],"[""PENDING_AUTHENTICATION"",""AUTHENTICATION_SUCCESSFUL"",""COMPLETED""]",1
auth_payer_uWYk9241642RVGj14Zh79351,445827,20189822,CYBERSOURCE,2024-08-14T16:42:09.351Z,ter_352f806f61114893b8ad32e5,,,INITIATED,[],[],[],[],[],[],["COMPLETED"],1
auth_payer_gcUO5241644LEjA14Sq76991,475774,20189822,CYBERSOURCE,2024-08-14T16:44:05.992Z,ter_352f806f61114893b8ad32e5,07,R,FAILED,[],[],["Y"],["R"],[],[],"[""AUTHENTICATION_FAILED"",""COMPLETED""]",1
auth_payer_8lIX40241644PydG14LZ7U290,457553,20189822,CYBERSOURCE,2024-08-14T16:44:40.290Z,ter_352f806f61114893b8ad32e5,05,Y,AUTHENTICATED,[],[],["Y"],["Y"],["0"],[],"[""PENDING_AUTHENTICATION"",""AUTHENTICATION_SUCCESSFUL"",""COMPLETED""]",1
auth_payer_Ao7l38241645xzBt14VF78566,454887,20189822,CYBERSOURCE,2024-08-14T16:45:38.566Z,ter_352f806f61114893b8ad32e5,05,Y,AUTHENTICATED,[],[],["Y"],["Y"],["0"],[],"[""PENDING_AUTHENTICATION"",""AUTHENTICATION_SUCCESSFUL"",""COMPLETED""]",1
auth_payer_KnrP12241646Ibjn14I47x487,445827,20189822,CYBERSOURCE,2024-08-14T16:46:12.487Z,ter_352f806f61114893b8ad32e5,05,Y,AUTHENTICATED,[],[],["Y"],["Y"],["0"],[],"[""PENDING_AUTHENTICATION"",""AUTHENTICATION_SUCCESSFUL"",""COMPLETED""]",1
auth_payer_ILCt20241646xVl3143J7R167,445827,20189822,CYBERSOURCE,2024-08-14T16:46:20.167Z,ter_352f806f61114893b8ad32e5,05,Y,AUTHENTICATED,[],[],["Y"],["Y"],["0"],[],"[""PENDING_AUTHENTICATION"",""AUTHENTICATION_SUCCESSFUL"",""COMPLETED""]",1
auth_payer_Jepu20241646OH2V143z7S406,443913,20189822,CYBERSOURCE,2024-08-14T16:46:20.406Z,ter_352f806f61114893b8ad32e5,07,N,FAILED,[],[],["Y"],["N"],["9"],[],"[""PENDING_AUTHENTICATION"",""AUTHENTICATION_FAILED"",""COMPLETED""]",1
auth_payer_ztN09241647JVGb14bn7y730,475774,20189822,CYBERSOURCE,2024-08-14T16:47:09.730Z,ter_352f806f61114893b8ad32e5,07,R,FAILED,[],[],["Y"],["R"],[],[],"[""AUTHENTICATION_FAILED"",""COMPLETED""]",1
auth_payer_uXXs28241648ADVj148M7Y114,445827,20189822,CYBERSOURCE,2024-08-14T16:48:28.114Z,ter_352f806f61114893b8ad32e5,05,Y,AUTHENTICATED,[],[],["Y"],["Y"],[],[],"[""AUTHENTICATION_SUCCESSFUL"",""COMPLETED""]",1
auth_payer_JL1a44241648uDkr14jl7g771,445827,20189822,CYBERSOURCE,2024-08-14T16:48:44.771Z,ter_352f806f61114893b8ad32e5,05,Y,AUTHENTICATED,[],[],["Y"],["Y"],["0"],[],"[""PENDING_AUTHENTICATION"",""AUTHENTICATION_SUCCESSFUL"",""COMPLETED""]",1
auth_payer_6x1X57241648rlf814dZ7h585,439188,20189822,CYBERSOURCE,2024-08-14T16:48:57.586Z,ter_352f806f61114893b8ad32e5,05,Y,AUTHENTICATED,[],[],["Y"],["Y"],["0"],[],"[""PENDING_AUTHENTICATION"",""AUTHENTICATION_SUCCESSFUL"",""COMPLETED""]",1
auth_payer_GN0N11241649Tgs514Da75469,445827,20189822,CYBERSOURCE,2024-08-14T16:49:11.469Z,ter_352f806f61114893b8ad32e5,05,Y,AUTHENTICATED,[],[],["Y"],["Y"],["0"],[],"[""PENDING_AUTHENTICATION"",""AUTHENTICATION_SUCCESSFUL"",""COMPLETED""]",1
auth_payer_iTj0512416495yCi14n673978,445827,20189822,CYBERSOURCE,2024-08-14T16:49:51.978Z,ter_352f806f61114893b8ad32e5,05,Y,AUTHENTICATED,[],[],["Y"],["Y"],["0"],[],"[""PENDING_AUTHENTICATION"",""AUTHENTICATION_SUCCESSFUL"",""COMPLETED""]",1
auth_payer_aTPD25241650P81I14YR74216,483432,20189822,CYBERSOURCE,2024-08-14T16:50:25.216Z,ter_352f806f61114893b8ad32e5,05,Y,AUTHENTICATED,[],[],["Y"],["Y"],["0"],[],"[""PENDING_AUTHENTICATION"",""AUTHENTICATION_SUCCESSFUL"",""COMPLETED""]",1
auth_payer_K0Sh1241651Jfx9145m71774,445827,20189822,CYBERSOURCE,2024-08-14T16:51:01.774Z,ter_352f806f61114893b8ad32e5,05,Y,AUTHENTICATED,[],[],["Y"],["Y"],["0"],[],"[""PENDING_AUTHENTICATION"",""AUTHENTICATION_SUCCESSFUL"",""COMPLETED""]",1
auth_payer_VGPP10241651xJ8114Sc73280,445827,20189822,CYBERSOURCE,2024-08-14T16:51:10.280Z,ter_352f806f61114893b8ad32e5,05,Y,AUTHENTICATED,[],[],["Y"],["Y"],["0"],[],"[""PENDING_AUTHENTICATION"",""AUTHENTICATION_SUCCESSFUL"",""COMPLETED""]",1
auth_payer_EBuA20241651n9N914kQ7S657,443913,20189822,CYBERSOURCE,2024-08-14T16:51:20.657Z,ter_352f806f61114893b8ad32e5,07,N,FAILED,[],[],["Y"],["N"],["9"],[],"[""PENDING_AUTHENTICATION"",""AUTHENTICATION_FAILED"",""COMPLETED""]",1
auth_payer_2Sx513241652lsl814r97g71,445521,20189822,CYBERSOURCE,2024-08-14T16:52:13.071Z,ter_352f806f61114893b8ad32e5,05,Y,AUTHENTICATED,[],[],["Y"],["Y"],[],[],"[""AUTHENTICATION_SUCCESSFUL"",""COMPLETED""]",1
auth_payer_AIWL0241653pdK714fr7U245,445827,20189822,CYBERSOURCE,2024-08-14T16:53:00.245Z,ter_352f806f61114893b8ad32e5,05,Y,AUTHENTICATED,[],[],["Y"],["Y"],[],[],"[""AUTHENTICATION_SUCCESSFUL"",""COMPLETED""]",1
auth_payer_begC10241653HNUA14SJ7s851,457553,20189822,CYBERSOURCE,2024-08-14T16:53:10.851Z,ter_352f806f61114893b8ad32e5,05,Y,AUTHENTICATED,[],[],["Y"],["Y"],["0"],[],"[""PENDING_AUTHENTICATION"",""AUTHENTICATION_SUCCESSFUL"",""COMPLETED""]",1
auth_payer_27Mk50241653fsfB14OL70491,445827,20189822,CYBERSOURCE,2024-08-14T16:53:50.492Z,ter_352f806f61114893b8ad32e5,05,Y,AUTHENTICATED,[],[],["Y"],["Y"],["0"],[],"[""PENDING_AUTHENTICATION"",""AUTHENTICATION_SUCCESSFUL"",""COMPLETED""]",1
auth_payer_0xPx182416542PT814ns7q461,445827,20189822,CYBERSOURCE,2024-08-14T16:54:18.461Z,ter_352f806f61114893b8ad32e5,05,Y,AUTHENTICATED,[],[],["Y"],["Y"],["0"],[],"[""PENDING_AUTHENTICATION"",""AUTHENTICATION_SUCCESSFUL"",""COMPLETED""]",1
auth_payer_3fhd32241654IEvj14xs7W388,445827,20189822,CYBERSOURCE,2024-08-14T16:54:32.388Z,ter_352f806f61114893b8ad32e5,05,Y,AUTHENTICATED,[],[],["Y"],["Y"],["0"],[],"[""PENDING_AUTHENTICATION"",""AUTHENTICATION_SUCCESSFUL"",""COMPLETED""]",1
auth_payer_n2P10241656aLWM14Pn7E339,445827,20189822,CYBERSOURCE,2024-08-14T16:56:00.339Z,ter_352f806f61114893b8ad32e5,05,Y,AUTHENTICATED,[],[],["Y"],["Y"],["0"],[],"[""PENDING_AUTHENTICATION"",""AUTHENTICATION_SUCCESSFUL"",""COMPLETED""]",1
auth_payer_QOHQ4241656E4FH14eY7F671,445827,20189822,CYBERSOURCE,2024-08-14T16:56:04.671Z,ter_352f806f61114893b8ad32e5,05,Y,AUTHENTICATED,[],[],["Y"],["Y"],["0"],[],"[""PENDING_AUTHENTICATION"",""AUTHENTICATION_SUCCESSFUL"",""COMPLETED""]",1
auth_payer_5boH412416563eZm146o76651,445827,20189822,CYBERSOURCE,2024-08-14T16:56:41.651Z,ter_352f806f61114893b8ad32e5,05,Y,AUTHENTICATED,[],[],["Y"],["Y"],["0"],[],"[""PENDING_AUTHENTICATION"",""AUTHENTICATION_SUCCESSFUL"",""COMPLETED""]",1
auth_payer_xM1D25241657s0tU149r7D845,532446,20189822,CYBERSOURCE,2024-08-14T16:57:25.845Z,ter_352f806f61114893b8ad32e5,02,Y,AUTHENTICATED,[],[],["Y"],["Y"],["0"],[],"[""PENDING_AUTHENTICATION"",""AUTHENTICATION_SUCCESSFUL"",""COMPLETED""]",1
auth_payer_jYgu26241657W3ty14Lb7Y721,445827,20189822,CYBERSOURCE,2024-08-14T16:57:26.721Z,ter_352f806f61114893b8ad32e5,05,Y,AUTHENTICATED,[],[],["Y"],["Y"],["0"],[],"[""PENDING_AUTHENTICATION"",""AUTHENTICATION_SUCCESSFUL"",""COMPLETED""]",1
auth_payer_JC3b49241657uqJ414t37q746,445827,20189822,CYBERSOURCE,2024-08-14T16:57:49.746Z,ter_352f806f61114893b8ad32e5,05,Y,AUTHENTICATED,[],[],["Y"],["Y"],["0"],[],"[""PENDING_AUTHENTICATION"",""AUTHENTICATION_SUCCESSFUL"",""COMPLETED""]",1
auth_payer_0tOq10241658Kdrp14ZV7A725,445827,20189822,CYBERSOURCE,2024-08-14T16:58:10.725Z,ter_352f806f61114893b8ad32e5,05,Y,AUTHENTICATED,[],[],["Y"],["Y"],["0"],[],"[""PENDING_AUTHENTICATION"",""AUTHENTICATION_SUCCESSFUL"",""COMPLETED""]",1
auth_payer_brhW31241658vtjo14zD7u768,445827,20189822,CYBERSOURCE,2024-08-14T16:58:31.768Z,ter_352f806f61114893b8ad32e5,05,Y,AUTHENTICATED,[],[],["Y"],["Y"],["0"],[],"[""PENDING_AUTHENTICATION"",""AUTHENTICATION_SUCCESSFUL"",""COMPLETED""]",1
auth_payer_C09C44241658fNRM14bz7S811,532448,20189822,CYBERSOURCE,2024-08-14T16:58:44.811Z,ter_352f806f61114893b8ad32e5,02,Y,AUTHENTICATED,[],[],["Y"],["Y"],["0"],[],"[""PENDING_AUTHENTICATION"",""AUTHENTICATION_SUCCESSFUL"",""COMPLETED""]",1
auth_payer_pHW959241658yi7d143T7y423,405433,20189822,CYBERSOURCE,2024-08-14T16:58:59.423Z,ter_352f806f61114893b8ad32e5,05,Y,AUTHENTICATED,[],[],["Y"],["Y"],[],[],"[""AUTHENTICATION_SUCCESSFUL"",""COMPLETED""]",1
auth_payer_TuYi26241659Txjo14TL7z385,445827,20189822,CYBERSOURCE,2024-08-14T16:59:26.385Z,ter_352f806f61114893b8ad32e5,05,Y,AUTHENTICATED,[],[],["Y"],["Y"],["0"],[],"[""PENDING_AUTHENTICATION"",""AUTHENTICATION_SUCCESSFUL"",""COMPLETED""]",1
auth_payer_NHlH37241659uyMg148B7l470,445827,20189822,CYBERSOURCE,2024-08-14T16:59:37.470Z,ter_352f806f61114893b8ad32e5,05,Y,AUTHENTICATED,[],[],["Y"],["Y"],["0"],[],"[""PENDING_AUTHENTICATION"",""AUTHENTICATION_SUCCESSFUL"",""COMPLETED""]",1
auth_payer_h3WG41241659VxE514ZJ7G155,445827,20189822,CYBERSOURCE,2024-08-14T16:59:41.155Z,ter_352f806f61114893b8ad32e5,05,Y,AUTHENTICATED,[],[],["Y"],["Y"],["0"],[],"[""PENDING_AUTHENTICATION"",""AUTHENTICATION_SUCCESSFUL"",""COMPLETED""]",1
auth_payer_HMze3224170b2LH14177Q969,445827,20189822,CYBERSOURCE,2024-08-14T17:00:32.969Z,ter_352f806f61114893b8ad32e5,05,Y,AUTHENTICATED,[],[],["Y"],["Y"],["0"],[],"[""PENDING_AUTHENTICATION"",""AUTHENTICATION_SUCCESSFUL"",""COMPLETED""]",1
auth_payer_DadG4624170y3Rs14Zi7A824,545205,20189822,CYBERSOURCE,2024-08-14T17:00:46.824Z,ter_352f806f61114893b8ad32e5,02,Y,AUTHENTICATED,[],[],["Y"],["Y"],["0"],[],"[""PENDING_AUTHENTICATION"",""AUTHENTICATION_SUCCESSFUL"",""COMPLETED""]",1
auth_payer_z6W9924171I4kS14277G261,475774,20189822,CYBERSOURCE,2024-08-14T17:01:09.261Z,ter_352f806f61114893b8ad32e5,07,R,FAILED,[],[],["Y"],["R"],[],[],"[""AUTHENTICATION_FAILED"",""COMPLETED""]",1
auth_payer_aPyz2524171SGJL14nP7h233,445827,20189822,CYBERSOURCE,2024-08-14T17:01:25.233Z,ter_352f806f61114893b8ad32e5,05,Y,AUTHENTICATED,[],[],["Y"],["Y"],["0"],[],"[""PENDING_AUTHENTICATION"",""AUTHENTICATION_SUCCESSFUL"",""COMPLETED""]",1
auth_payer_efpz3724171z3Te14Db70275,445827,20189822,CYBERSOURCE,2024-08-14T17:01:37.275Z,ter_352f806f61114893b8ad32e5,05,Y,AUTHENTICATED,[],[],["Y"],["Y"],["0"],[],"[""PENDING_AUTHENTICATION"",""AUTHENTICATION_SUCCESSFUL"",""COMPLETED""]",1
auth_payer_WSuz024172ahCC14zy7i940,445827,20189822,CYBERSOURCE,2024-08-14T17:02:00.940Z,ter_352f806f61114893b8ad32e5,05,Y,AUTHENTICATED,[],[],["Y"],["Y"],["0"],[],"[""PENDING_AUTHENTICATION"",""AUTHENTICATION_SUCCESSFUL"",""COMPLETED""]",1
auth_payer_uMe64724172A6CC14pS7d542,445827,20189822,CYBERSOURCE,2024-08-14T17:02:47.543Z,ter_352f806f61114893b8ad32e5,05,Y,AUTHENTICATED,[],[],["Y"],["Y"],["0"],[],"[""PENDING_AUTHENTICATION"",""AUTHENTICATION_SUCCESSFUL"",""COMPLETED""]",1
auth_payer_58BW5624172c6Xr14Bd7n410,445827,20189822,CYBERSOURCE,2024-08-14T17:02:56.410Z,ter_352f806f61114893b8ad32e5,,,INITIATED,[],[],[],[],[],[],["COMPLETED"],1
auth_payer_lvG556241734qJp14kY7S237,445827,20189822,CYBERSOURCE,2024-08-14T17:03:56.237Z,ter_352f806f61114893b8ad32e5,05,Y,AUTHENTICATED,[],[],["Y"],["Y"],["0"],[],"[""PENDING_AUTHENTICATION"",""AUTHENTICATION_SUCCESSFUL"",""COMPLETED""]",1
auth_payer_DqQi424174Fosa14hp7v259,457553,20189822,CYBERSOURCE,2024-08-14T17:04:04.259Z,ter_352f806f61114893b8ad32e5,05,Y,AUTHENTICATED,[],[],["Y"],["Y"],["0"],[],"[""PENDING_AUTHENTICATION"",""AUTHENTICATION_SUCCESSFUL"",""COMPLETED""]",1
auth_payer_rRVe2724175HvxN141p75852,445827,20189822,CYBERSOURCE,2024-08-14T17:05:27.852Z,ter_352f806f61114893b8ad32e5,05,Y,AUTHENTICATED,[],[],["Y"],["Y"],["0"],[],"[""PENDING_AUTHENTICATION"",""AUTHENTICATION_SUCCESSFUL"",""COMPLETED""]",1
auth_payer_kF7y724176fPjI14Tc7u732,475774,20189822,CYBERSOURCE,2024-08-14T17:06:07.732Z,ter_352f806f61114893b8ad32e5,07,R,FAILED,[],[],["Y"],["R"],[],[],"[""AUTHENTICATION_FAILED"",""COMPLETED""]",1
auth_payer_5vj62124176lFPB14CM7u240,445827,20189822,CYBERSOURCE,2024-08-14T17:06:21.240Z,ter_352f806f61114893b8ad32e5,05,Y,AUTHENTICATED,[],[],["Y"],["Y"],["0"],[],"[""PENDING_AUTHENTICATION"",""AUTHENTICATION_SUCCESSFUL"",""COMPLETED""]",1
auth_payer_kkoP3924176DCpk14Xx7t47,445827,20189822,CYBERSOURCE,2024-08-14T17:06:39.047Z,ter_352f806f61114893b8ad32e5,05,Y,AUTHENTICATED,[],[],["Y"],["Y"],["0"],[],"[""PENDING_AUTHENTICATION"",""AUTHENTICATION_SUCCESSFUL"",""COMPLETED""]",1
auth_payer_uBbH5824176qbmg14eZ7o341,445827,20189822,CYBERSOURCE,2024-08-14T17:06:58.341Z,ter_352f806f61114893b8ad32e5,05,Y,AUTHENTICATED,[],[],["Y"],["Y"],["0"],[],"[""PENDING_AUTHENTICATION"",""AUTHENTICATION_SUCCESSFUL"",""COMPLETED""]",1
auth_payer_z9ms624177JEF414U97M242,489022,20189822,CYBERSOURCE,2024-08-14T17:07:06.242Z,ter_352f806f61114893b8ad32e5,05,Y,AUTHENTICATED,[],[],["Y"],["Y"],["0"],[],"[""PENDING_AUTHENTICATION"",""AUTHENTICATION_SUCCESSFUL"",""COMPLETED""]",1
auth_payer_nEMQ3524177vztY141Q7M945,445827,20189822,CYBERSOURCE,2024-08-14T17:07:35.945Z,ter_352f806f61114893b8ad32e5,05,Y,AUTHENTICATED,[],[],["Y"],["Y"],["0"],[],"[""PENDING_AUTHENTICATION"",""AUTHENTICATION_SUCCESSFUL"",""COMPLETED""]",1
auth_payer_S7L81241710U71B14mF7Y674,524197,20189822,CYBERSOURCE,2024-08-14T17:10:01.674Z,ter_352f806f61114893b8ad32e5,02,Y,AUTHENTICATED,[],[],["Y"],["Y"],["0"],[],"[""PENDING_AUTHENTICATION"",""AUTHENTICATION_SUCCESSFUL"",""COMPLETED""]",1
auth_payer_6imh40241710gEBi14q87k814,439744,28056094,CYBERSOURCE,2024-08-14T17:10:40.814Z,ter_352f806f61114893b8ad32e5,,,INITIATED,[],[],[],[],[],[],["COMPLETED"],1
auth_payer_62Su40241710S6qL14Dd7D871,445827,20189822,CYBERSOURCE,2024-08-14T17:10:40.871Z,ter_352f806f61114893b8ad32e5,,,INITIATED,[],[],[],[],[],[],["COMPLETED"],1
auth_payer_jicM55241710bA5r14u27911,445827,20189822,CYBERSOURCE,2024-08-14T17:10:55.011Z,ter_352f806f61114893b8ad32e5,05,Y,AUTHENTICATED,[],[],["Y"],["Y"],["0"],[],"[""PENDING_AUTHENTICATION"",""AUTHENTICATION_SUCCESSFUL"",""COMPLETED""]",1
auth_payer_Jxl11241711b2jy14of78107,445827,20189822,CYBERSOURCE,2024-08-14T17:11:01.107Z,ter_352f806f61114893b8ad32e5,05,Y,AUTHENTICATED,[],[],["Y"],["Y"],[],[],"[""AUTHENTICATION_SUCCESSFUL"",""COMPLETED""]",1
auth_payer_3gM621241711yD9j14G97d242,489022,20189822,CYBERSOURCE,2024-08-14T17:11:21.242Z,ter_352f806f61114893b8ad32e5,05,Y,AUTHENTICATED,[],[],["Y"],["Y"],["0"],[],"[""PENDING_AUTHENTICATION"",""AUTHENTICATION_SUCCESSFUL"",""COMPLETED""]",1
auth_payer_HnmR30241711beX414Sz7B577,445827,20189822,CYBERSOURCE,2024-08-14T17:11:30.577Z,ter_352f806f61114893b8ad32e5,05,Y,AUTHENTICATED,[],[],["Y"],["Y"],[],[],"[""AUTHENTICATION_SUCCESSFUL"",""COMPLETED""]",1
auth_payer_G6MM02417127Ivm149370627,445827,20189822,CYBERSOURCE,2024-08-14T17:12:00.627Z,ter_352f806f61114893b8ad32e5,05,Y,AUTHENTICATED,[],[],["Y"],["Y"],["0"],[],"[""PENDING_AUTHENTICATION"",""AUTHENTICATION_SUCCESSFUL"",""COMPLETED""]",1
auth_payer_5VRD8241712fT6814by7l109,461777,20189822,CYBERSOURCE,2024-08-14T17:12:08.109Z,ter_352f806f61114893b8ad32e5,05,Y,AUTHENTICATED,[],[],["Y"],["Y"],["0"],[],"[""PENDING_AUTHENTICATION"",""AUTHENTICATION_SUCCESSFUL"",""COMPLETED""]",1
auth_payer_jmPa24241713nKLO14qe73782,445827,20189822,CYBERSOURCE,2024-08-14T17:13:24.782Z,ter_352f806f61114893b8ad32e5,05,Y,AUTHENTICATED,[],[],["Y"],["Y"],["0"],[],"[""PENDING_AUTHENTICATION"",""AUTHENTICATION_SUCCESSFUL"",""COMPLETED""]",1
auth_payer_nOMp48241713X9Vr14Mq7g909,445827,20189822,CYBERSOURCE,2024-08-14T17:13:48.909Z,ter_352f806f61114893b8ad32e5,,,INITIATED,[],[],[],[],[],[],["COMPLETED"],1
auth_payer_R2n749241714lRV5143k7G157,445827,20189822,CYBERSOURCE,2024-08-14T17:14:49.157Z,ter_352f806f61114893b8ad32e5,,,INITIATED,[],[],[],[],[],[],["COMPLETED"],1
auth_payer_AH0m27241715WPL614cd73446,445827,20189822,CYBERSOURCE,2024-08-14T17:15:27.446Z,ter_352f806f61114893b8ad32e5,,,INITIATED,[],[],[],[],[],[],["COMPLETED"],1
auth_payer_o1x435241715poTG14uu7n249,405433,20189822,CYBERSOURCE,2024-08-14T17:15:35.249Z,ter_352f806f61114893b8ad32e5,05,Y,AUTHENTICATED,[],[],["Y"],["Y"],[],[],"[""AUTHENTICATION_SUCCESSFUL"",""COMPLETED""]",1
auth_payer_izYQ11241720DZdo14Ud7q100,524197,20189822,CYBERSOURCE,2024-08-14T17:20:11.100Z,ter_352f806f61114893b8ad32e5,02,Y,AUTHENTICATED,[],[],["Y"],["Y"],["0"],[],"[""PENDING_AUTHENTICATION"",""AUTHENTICATION_SUCCESSFUL"",""COMPLETED""]",1
auth_payer_Ol2418241720Qz5314Ll7y611,445827,20189822,CYBERSOURCE,2024-08-14T17:20:18.611Z,ter_352f806f61114893b8ad32e5,,,INITIATED,[],[],[],[],[],[],["COMPLETED"],1
auth_payer_E48d35241720i79j14217r225,445827,20189822,CYBERSOURCE,2024-08-14T17:20:35.225Z,ter_352f806f61114893b8ad32e5,05,Y,AUTHENTICATED,[],[],["Y"],["Y"],["0"],[],"[""PENDING_AUTHENTICATION"",""AUTHENTICATION_SUCCESSFUL"",""COMPLETED""]",1
auth_payer_qEur39241724N6DQ14Ic77192,445827,20189822,CYBERSOURCE,2024-08-14T17:24:39.192Z,ter_352f806f61114893b8ad32e5,05,Y,AUTHENTICATED,[],[],["Y"],["Y"],["0"],[],"[""PENDING_AUTHENTICATION"",""AUTHENTICATION_SUCCESSFUL"",""COMPLETED""]",1
auth_payer_ekhp9241726CC9F142k7K145,445827,20189822,CYBERSOURCE,2024-08-14T17:26:09.145Z,ter_352f806f61114893b8ad32e5,05,Y,AUTHENTICATED,[],[],["Y"],["Y"],["0"],[],"[""PENDING_AUTHENTICATION"",""AUTHENTICATION_SUCCESSFUL"",""COMPLETED""]",1
auth_payer_eY7m23241726iIrx143K7P566,445827,20189822,CYBERSOURCE,2024-08-14T17:26:23.566Z,ter_352f806f61114893b8ad32e5,05,Y,AUTHENTICATED,[],[],["Y"],["Y"],["0"],[],"[""PENDING_AUTHENTICATION"",""AUTHENTICATION_SUCCESSFUL"",""COMPLETED""]",1
auth_payer_sgq052241728PJ4714qI7i253,457553,20189822,CYBERSOURCE,2024-08-14T17:28:52.253Z,ter_352f806f61114893b8ad32e5,,,AUTHENTICATED,["201"],"[""A message element required as defined in Table A.1 is missing from the message. deviceChannel,""]",["U"],[],[],[],"[""AUTHENTICATION_SUCCESSFUL"",""COMPLETED""]",1
auth_payer_7Eqi7241729Ap2G14YZ7l351,445827,20189822,CYBERSOURCE,2024-08-14T17:29:07.351Z,ter_352f806f61114893b8ad32e5,,,INITIATED,[],[],[],[],[],[],["COMPLETED"],1
auth_payer_OFvO2241730YWGh14Ng7I868,445827,20189822,CYBERSOURCE,2024-08-14T17:30:02.868Z,ter_352f806f61114893b8ad32e5,05,Y,AUTHENTICATED,[],[],["Y"],["Y"],["0"],[],"[""PENDING_AUTHENTICATION"",""AUTHENTICATION_SUCCESSFUL"",""COMPLETED""]",1
auth_payer_bygi24241730XQcv14gi7N681,445827,20189822,CYBERSOURCE,2024-08-14T17:30:24.681Z,ter_352f806f61114893b8ad32e5,05,Y,AUTHENTICATED,[],[],["Y"],["Y"],["0"],[],"[""PENDING_AUTHENTICATION"",""AUTHENTICATION_SUCCESSFUL"",""COMPLETED""]",1
auth_payer_uAhQ12241731Ys3j14r37e786,445827,20189822,CYBERSOURCE,2024-08-14T17:31:12.786Z,ter_352f806f61114893b8ad32e5,05,Y,AUTHENTICATED,[],[],["Y"],["Y"],["0"],[],"[""PENDING_AUTHENTICATION"",""AUTHENTICATION_SUCCESSFUL"",""COMPLETED""]",1
auth_payer_xbdr33241731Coue14NR7B477,445827,20189822,CYBERSOURCE,2024-08-14T17:31:33.478Z,ter_352f806f61114893b8ad32e5,05,Y,AUTHENTICATED,[],[],["Y"],["Y"],["0"],[],"[""PENDING_AUTHENTICATION"",""AUTHENTICATION_SUCCESSFUL"",""COMPLETED""]",1
auth_payer_oAQb12417320ltH14917M408,445827,20189822,CYBERSOURCE,2024-08-14T17:32:01.408Z,ter_352f806f61114893b8ad32e5,05,Y,AUTHENTICATED,[],[],["Y"],["Y"],["0"],[],"[""PENDING_AUTHENTICATION"",""AUTHENTICATION_SUCCESSFUL"",""COMPLETED""]",1
auth_payer_b2cR62417321EDe14Cv7n477,445827,20189822,CYBERSOURCE,2024-08-14T17:32:06.477Z,ter_352f806f61114893b8ad32e5,,,INITIATED,[],[],[],[],[],[],["COMPLETED"],1
auth_payer_1H4e4241733b3JO14Bg7y423,445827,20189822,CYBERSOURCE,2024-08-14T17:33:04.423Z,ter_352f806f61114893b8ad32e5,05,Y,AUTHENTICATED,[],[],["Y"],["Y"],["0"],[],"[""PENDING_AUTHENTICATION"",""AUTHENTICATION_SUCCESSFUL"",""COMPLETED""]",1
auth_payer_9ksH20241733GoGA14xF7W153,445827,20189822,CYBERSOURCE,2024-08-14T17:33:20.154Z,ter_352f806f61114893b8ad32e5,05,Y,AUTHENTICATED,[],[],["Y"],["Y"],["0"],[],"[""PENDING_AUTHENTICATION"",""AUTHENTICATION_SUCCESSFUL"",""COMPLETED""]",1
auth_payer_ik6k24241733t0Z314IF7c912,445827,20189822,CYBERSOURCE,2024-08-14T17:33:24.912Z,ter_352f806f61114893b8ad32e5,,,INITIATED,[],[],[],[],[],[],["COMPLETED"],1
auth_payer_9AyZ47241733tWna14jD7O986,445827,20189822,CYBERSOURCE,2024-08-14T17:33:47.987Z,ter_352f806f61114893b8ad32e5,05,Y,AUTHENTICATED,[],[],["Y"],["Y"],["0"],[],"[""PENDING_AUTHENTICATION"",""AUTHENTICATION_SUCCESSFUL"",""COMPLETED""]",1
auth_payer_5ElX39241734fxEs14JC75559,445827,20189822,CYBERSOURCE,2024-08-14T17:34:39.559Z,ter_352f806f61114893b8ad32e5,05,Y,AUTHENTICATED,[],[],["Y"],["Y"],["0"],[],"[""PENDING_AUTHENTICATION"",""AUTHENTICATION_SUCCESSFUL"",""COMPLETED""]",1
auth_payer_0iai56241734TEQy14Ci7o220,445827,20189822,CYBERSOURCE,2024-08-14T17:34:56.220Z,ter_352f806f61114893b8ad32e5,,,INITIATED,[],[],[],[],[],[],["COMPLETED"],1
auth_payer_ebvC21241735dTzJ14LC7h616,445827,20189822,CYBERSOURCE,2024-08-14T17:35:21.616Z,ter_352f806f61114893b8ad32e5,05,Y,AUTHENTICATED,[],[],["Y"],["Y"],["0"],[],"[""PENDING_AUTHENTICATION"",""AUTHENTICATION_SUCCESSFUL"",""COMPLETED""]",1
auth_payer_VnjL55241735dqYS14kG70420,445827,20189822,CYBERSOURCE,2024-08-14T17:35:55.420Z,ter_352f806f61114893b8ad32e5,05,Y,AUTHENTICATED,[],[],["Y"],["Y"],["0"],[],"[""PENDING_AUTHENTICATION"",""AUTHENTICATION_SUCCESSFUL"",""COMPLETED""]",1
auth_payer_lkfy25241736yy7n14dA7t884,445827,20189822,CYBERSOURCE,2024-08-14T17:36:25.884Z,ter_352f806f61114893b8ad32e5,05,Y,AUTHENTICATED,[],[],["Y"],["Y"],["0"],[],"[""PENDING_AUTHENTICATION"",""AUTHENTICATION_SUCCESSFUL"",""COMPLETED""]",1
auth_payer_CHSU34241736aq9z14JZ7U781,445827,20189822,CYBERSOURCE,2024-08-14T17:36:34.781Z,ter_352f806f61114893b8ad32e5,05,Y,AUTHENTICATED,[],[],["Y"],["Y"],["0"],[],"[""PENDING_AUTHENTICATION"",""AUTHENTICATION_SUCCESSFUL"",""COMPLETED""]",1
auth_payer_nEUA18241737K48a14oh70885,445827,20189822,CYBERSOURCE,2024-08-14T17:37:18.885Z,ter_352f806f61114893b8ad32e5,05,Y,AUTHENTICATED,[],[],["Y"],["Y"],["0"],[],"[""PENDING_AUTHENTICATION"",""AUTHENTICATION_SUCCESSFUL"",""COMPLETED""]",1
auth_payer_0Y9i3241738tMgF14z57g965,445827,20189822,CYBERSOURCE,2024-08-14T17:38:03.965Z,ter_352f806f61114893b8ad32e5,05,Y,AUTHENTICATED,[],[],["Y"],["Y"],["0"],[],"[""PENDING_AUTHENTICATION"",""AUTHENTICATION_SUCCESSFUL"",""COMPLETED""]",1
auth_payer_WmL437241738XRiq14Kh7s577,445827,20189822,CYBERSOURCE,2024-08-14T17:38:37.577Z,ter_352f806f61114893b8ad32e5,05,Y,AUTHENTICATED,[],[],["Y"],["Y"],["0"],[],"[""PENDING_AUTHENTICATION"",""AUTHENTICATION_SUCCESSFUL"",""COMPLETED""]",1
auth_payer_3D9s37241738eVXx14Dj7Y935,445827,20189822,CYBERSOURCE,2024-08-14T17:38:37.935Z,ter_352f806f61114893b8ad32e5,05,Y,AUTHENTICATED,[],[],["Y"],["Y"],["0"],[],"[""PENDING_AUTHENTICATION"",""AUTHENTICATION_SUCCESSFUL"",""COMPLETED""]",1
auth_payer_27R412241739iZim14mK7j782,545205,20189822,CYBERSOURCE,2024-08-14T17:39:12.782Z,ter_352f806f61114893b8ad32e5,,,INITIATED,[],[],[],[],[],[],["COMPLETED"],1
auth_payer_CrVe212417396dgX145X7d535,445827,20189822,CYBERSOURCE,2024-08-14T17:39:21.535Z,ter_352f806f61114893b8ad32e5,,,INITIATED,[],[],[],[],[],[],["COMPLETED"],1
auth_payer_N4fM44241739Q4dd14Py71178,445827,20189822,CYBERSOURCE,2024-08-14T17:39:44.178Z,ter_352f806f61114893b8ad32e5,05,Y,AUTHENTICATED,[],[],["Y"],["Y"],["0"],[],"[""PENDING_AUTHENTICATION"",""AUTHENTICATION_SUCCESSFUL"",""COMPLETED""]",1
auth_payer_y0W418241740peDQ14427C915,529271,20189822,CYBERSOURCE,2024-08-14T17:40:18.915Z,ter_352f806f61114893b8ad32e5,02,Y,AUTHENTICATED,[],[],["Y"],["Y"],["0"],[],"[""PENDING_AUTHENTICATION"",""AUTHENTICATION_SUCCESSFUL"",""COMPLETED""]",1
auth_payer_gLdT38241740C1x514zr7C207,445827,20189822,CYBERSOURCE,2024-08-14T17:40:38.207Z,ter_352f806f61114893b8ad32e5,05,Y,AUTHENTICATED,[],[],["Y"],["Y"],["0"],[],"[""PENDING_AUTHENTICATION"",""AUTHENTICATION_SUCCESSFUL"",""COMPLETED""]",1
auth_payer_7Btj422417408nqB14s77f35,445827,20189822,CYBERSOURCE,2024-08-14T17:40:42.035Z,ter_352f806f61114893b8ad32e5,05,Y,AUTHENTICATED,[],[],["Y"],["Y"],["0"],[],"[""PENDING_AUTHENTICATION"",""AUTHENTICATION_SUCCESSFUL"",""COMPLETED""]",1
auth_payer_IdcS6241741myCI14yP71646,445827,20189822,CYBERSOURCE,2024-08-14T17:41:06.646Z,ter_352f806f61114893b8ad32e5,05,Y,AUTHENTICATED,[],[],["Y"],["Y"],["0"],[],"[""PENDING_AUTHENTICATION"",""AUTHENTICATION_SUCCESSFUL"",""COMPLETED""]",1
auth_payer_5rPK31241741KJje14Iv7f547,445827,20189822,CYBERSOURCE,2024-08-14T17:41:31.547Z,ter_352f806f61114893b8ad32e5,,,INITIATED,[],[],[],[],[],[],["COMPLETED"],1
auth_payer_BfVs10241742KKxb14rH7c476,445827,20189822,CYBERSOURCE,2024-08-14T17:42:10.476Z,ter_352f806f61114893b8ad32e5,,,PENDING,[],[],["Y"],[],[],[],"[""PENDING_AUTHENTICATION"",""COMPLETED""]",1
auth_payer_oLq111241743L0xt14R270131,445827,20189822,CYBERSOURCE,2024-08-14T17:43:11.131Z,ter_352f806f61114893b8ad32e5,05,Y,AUTHENTICATED,[],[],["Y"],["Y"],["0"],[],"[""PENDING_AUTHENTICATION"",""AUTHENTICATION_SUCCESSFUL"",""COMPLETED""]",1
auth_payer_Jl4849241743moH614QQ7359,445827,20189822,CYBERSOURCE,2024-08-14T17:43:49.059Z,ter_352f806f61114893b8ad32e5,05,Y,AUTHENTICATED,[],[],["Y"],["Y"],["0"],[],"[""PENDING_AUTHENTICATION"",""AUTHENTICATION_SUCCESSFUL"",""COMPLETED""]",1
auth_payer_XEkK49241743oTrm146v7T226,445827,20189822,CYBERSOURCE,2024-08-14T17:43:49.226Z,ter_352f806f61114893b8ad32e5,05,Y,AUTHENTICATED,[],[],["Y"],["Y"],[],[],"[""AUTHENTICATION_SUCCESSFUL"",""COMPLETED""]",1
auth_payer_G8FZ50241743NecS14FH74383,545205,20189822,CYBERSOURCE,2024-08-14T17:43:50.383Z,ter_352f806f61114893b8ad32e5,,,INITIATED,[],[],[],[],[],[],["COMPLETED"],1
auth_payer_3Vqx492417449gnB14447p656,445827,20189822,CYBERSOURCE,2024-08-14T17:44:49.656Z,ter_352f806f61114893b8ad32e5,05,Y,AUTHENTICATED,[],[],["Y"],["Y"],["0"],[],"[""PENDING_AUTHENTICATION"",""AUTHENTICATION_SUCCESSFUL"",""COMPLETED""]",1
auth_payer_hd8R15241745tTzq14Pn7B894,445827,20189822,CYBERSOURCE,2024-08-14T17:45:15.895Z,ter_352f806f61114893b8ad32e5,05,Y,AUTHENTICATED,[],[],["Y"],["Y"],["0"],[],"[""PENDING_AUTHENTICATION"",""AUTHENTICATION_SUCCESSFUL"",""COMPLETED""]",1
auth_payer_qXmh6241746gkqv14iT7W381,445827,20189822,CYBERSOURCE,2024-08-14T17:46:06.381Z,ter_352f806f61114893b8ad32e5,,,INITIATED,[],[],[],[],[],[],["COMPLETED"],1
auth_payer_rcFm37241746NCrF14aL7v101,445827,20189822,CYBERSOURCE,2024-08-14T17:46:37.101Z,ter_352f806f61114893b8ad32e5,05,Y,AUTHENTICATED,[],[],["Y"],["Y"],["0"],[],"[""PENDING_AUTHENTICATION"",""AUTHENTICATION_SUCCESSFUL"",""COMPLETED""]",1
auth_payer_hAUO49241747EHc014WR7Z460,410684,20189822,CYBERSOURCE,2024-08-14T17:47:49.460Z,ter_352f806f61114893b8ad32e5,,,PENDING,[],[],["Y"],[],[],[],"[""PENDING_AUTHENTICATION"",""COMPLETED""]",1
auth_payer_Xbg434241750O8qn14Qm7Q856,445827,20189822,CYBERSOURCE,2024-08-14T17:50:34.856Z,ter_352f806f61114893b8ad32e5,,,INITIATED,[],[],[],[],[],[],["COMPLETED"],1
auth_payer_RCfF48241750kH2n14bK7W789,445827,20189822,CYBERSOURCE,2024-08-14T17:50:48.789Z,ter_352f806f61114893b8ad32e5,05,Y,AUTHENTICATED,[],[],["Y"],["Y"],["0"],[],"[""PENDING_AUTHENTICATION"",""AUTHENTICATION_SUCCESSFUL"",""COMPLETED""]",1
auth_payer_5lt328241751G6LY14rC7t113,445827,20189822,CYBERSOURCE,2024-08-14T17:51:28.113Z,ter_352f806f61114893b8ad32e5,,,INITIATED,[],[],[],[],[],[],["COMPLETED"],1
auth_payer_OhXg28241751g7LJ141V7h372,445827,20189822,CYBERSOURCE,2024-08-14T17:51:28.372Z,ter_352f806f61114893b8ad32e5,,,INITIATED,[],[],[],[],[],[],["COMPLETED"],1
auth_payer_XcIH22241752zHHP146p7n388,473828,20189822,CYBERSOURCE,2024-08-14T17:52:22.388Z,ter_352f806f61114893b8ad32e5,05,Y,AUTHENTICATED,[],[],["Y"],["Y"],["0"],[],"[""PENDING_AUTHENTICATION"",""AUTHENTICATION_SUCCESSFUL"",""COMPLETED""]",1
auth_payer_M36644241752nvk614Z97A907,410684,20189822,CYBERSOURCE,2024-08-14T17:52:44.907Z,ter_352f806f61114893b8ad32e5,07,N,FAILED,[],[],["Y"],["N"],["9"],[],"[""PENDING_AUTHENTICATION"",""AUTHENTICATION_FAILED"",""COMPLETED""]",1
auth_payer_7lxn592417522N1v14YP7C402,459681,28056094,CYBERSOURCE,2024-08-14T17:52:59.402Z,ter_352f806f61114893b8ad32e5,05,Y,AUTHENTICATED,[],[],["Y"],["Y"],[],[],"[""AUTHENTICATION_SUCCESSFUL"",""COMPLETED""]",1
auth_payer_OkIx182417533OQi14tm7u795,445827,20189822,CYBERSOURCE,2024-08-14T17:53:18.795Z,ter_352f806f61114893b8ad32e5,05,Y,AUTHENTICATED,[],[],["Y"],["Y"],["0"],[],"[""PENDING_AUTHENTICATION"",""AUTHENTICATION_SUCCESSFUL"",""COMPLETED""]",1
auth_payer_XI6G24241754751I14xK7Z202,545205,20189822,CYBERSOURCE,2024-08-14T17:54:24.202Z,ter_352f806f61114893b8ad32e5,02,Y,AUTHENTICATED,[],[],["Y"],["Y"],["0"],[],"[""PENDING_AUTHENTICATION"",""AUTHENTICATION_SUCCESSFUL"",""COMPLETED""]",1
auth_payer_43Nz36241754DrqL14bZ7p111,429927,20189822,CYBERSOURCE,2024-08-14T17:54:36.111Z,ter_352f806f61114893b8ad32e5,05,Y,AUTHENTICATED,[],[],["Y"],["Y"],[],[],"[""AUTHENTICATION_SUCCESSFUL"",""COMPLETED""]",1
auth_payer_Pp5s58241756qTni141r73692,445827,20189822,CYBERSOURCE,2024-08-14T17:56:58.692Z,ter_352f806f61114893b8ad32e5,05,Y,AUTHENTICATED,[],[],["Y"],["Y"],["0"],[],"[""PENDING_AUTHENTICATION"",""AUTHENTICATION_SUCCESSFUL"",""COMPLETED""]",1
auth_payer_iVmF42241757avgZ14ov7l205,457553,20189822,CYBERSOURCE,2024-08-14T17:57:42.205Z,ter_352f806f61114893b8ad32e5,05,Y,AUTHENTICATED,[],[],["Y"],["Y"],["0"],[],"[""PENDING_AUTHENTICATION"",""AUTHENTICATION_SUCCESSFUL"",""COMPLETED""]",1
auth_payer_R38E1124175848e614ij7Z672,445827,20189822,CYBERSOURCE,2024-08-14T17:58:11.672Z,ter_352f806f61114893b8ad32e5,05,Y,AUTHENTICATED,[],[],["Y"],["Y"],["0"],[],"[""PENDING_AUTHENTICATION"",""AUTHENTICATION_SUCCESSFUL"",""COMPLETED""]",1
auth_payer_UKTX182417582KBt14dc7A742,445827,20189822,CYBERSOURCE,2024-08-14T17:58:18.742Z,ter_352f806f61114893b8ad32e5,05,Y,AUTHENTICATED,[],[],["Y"],["Y"],["0"],[],"[""PENDING_AUTHENTICATION"",""AUTHENTICATION_SUCCESSFUL"",""COMPLETED""]",1
auth_payer_RlE929241758mRR814VJ7t541,445827,20189822,CYBERSOURCE,2024-08-14T17:58:29.541Z,ter_352f806f61114893b8ad32e5,05,Y,AUTHENTICATED,[],[],["Y"],["Y"],["0"],[],"[""PENDING_AUTHENTICATION"",""AUTHENTICATION_SUCCESSFUL"",""COMPLETED""]",1
auth_payer_5nHs41241759qjpr14047L169,489022,20189822,CYBERSOURCE,2024-08-14T17:59:41.169Z,ter_352f806f61114893b8ad32e5,05,Y,AUTHENTICATED,[],[],["Y"],["Y"],["0"],[],"[""PENDING_AUTHENTICATION"",""AUTHENTICATION_SUCCESSFUL"",""COMPLETED""]",1
auth_payer_qk7M4524180YUiX144X7x722,552075,20189822,CYBERSOURCE,2024-08-14T18:00:45.722Z,ter_352f806f61114893b8ad32e5,02,Y,AUTHENTICATED,[],[],["Y"],["Y"],["0"],[],"[""PENDING_AUTHENTICATION"",""AUTHENTICATION_SUCCESSFUL"",""COMPLETED""]",1
auth_payer_NbKn5224180QCRl14Gv7I6,445827,20189822,CYBERSOURCE,2024-08-14T18:00:52.006Z,ter_352f806f61114893b8ad32e5,05,Y,AUTHENTICATED,[],[],["Y"],["Y"],["0"],[],"[""PENDING_AUTHENTICATION"",""AUTHENTICATION_SUCCESSFUL"",""COMPLETED""]",1
auth_payer_68W13524181GdYB14kV7j945,457553,20189822,CYBERSOURCE,2024-08-14T18:01:35.946Z,ter_352f806f61114893b8ad32e5,05,Y,AUTHENTICATED,[],[],["Y"],["Y"],["0"],[],"[""PENDING_AUTHENTICATION"",""AUTHENTICATION_SUCCESSFUL"",""COMPLETED""]",1
auth_payer_Iv4u4124182WlN314Tk7M300,445827,20189822,CYBERSOURCE,2024-08-14T18:02:41.300Z,ter_352f806f61114893b8ad32e5,05,Y,AUTHENTICATED,[],[],["Y"],["Y"],["0"],[],"[""PENDING_AUTHENTICATION"",""AUTHENTICATION_SUCCESSFUL"",""COMPLETED""]",1
auth_payer_YV8v1224183nAxi14rF7V797,445827,20189822,CYBERSOURCE,2024-08-14T18:03:12.797Z,ter_352f806f61114893b8ad32e5,05,Y,AUTHENTICATED,[],[],["Y"],["Y"],["0"],[],"[""PENDING_AUTHENTICATION"",""AUTHENTICATION_SUCCESSFUL"",""COMPLETED""]",1
auth_payer_K6GV3824183vTeF14kg77184,445827,20189822,CYBERSOURCE,2024-08-14T18:03:38.184Z,ter_352f806f61114893b8ad32e5,05,Y,AUTHENTICATED,[],[],["Y"],["Y"],["0"],[],"[""PENDING_AUTHENTICATION"",""AUTHENTICATION_SUCCESSFUL"",""COMPLETED""]",1
auth_payer_P6TK4924185W4ze14z973317,405433,20189822,CYBERSOURCE,2024-08-14T18:05:49.317Z,ter_352f806f61114893b8ad32e5,05,Y,AUTHENTICATED,[],[],["Y"],["Y"],[],[],"[""AUTHENTICATION_SUCCESSFUL"",""COMPLETED""]",1
auth_payer_EUUe58241854t7B14o27B509,445827,20189822,CYBERSOURCE,2024-08-14T18:05:58.509Z,ter_352f806f61114893b8ad32e5,05,Y,AUTHENTICATED,[],[],["Y"],["Y"],["0"],[],"[""PENDING_AUTHENTICATION"",""AUTHENTICATION_SUCCESSFUL"",""COMPLETED""]",1
auth_payer_kLDb1124186KkFA14u57g67,485932,20189822,CYBERSOURCE,2024-08-14T18:06:11.067Z,ter_352f806f61114893b8ad32e5,07,R,FAILED,[],[],["Y"],["R"],[],[],"[""AUTHENTICATION_FAILED"",""COMPLETED""]",1
auth_payer_9HYF1724186FgRE14VQ7r98,545205,20189822,CYBERSOURCE,2024-08-14T18:06:17.098Z,ter_352f806f61114893b8ad32e5,,,AUTHENTICATED,["201"],"[""A message element required as defined in Table A.1 is missing from the message. deviceChannel,""]",["U"],[],[],[],"[""AUTHENTICATION_SUCCESSFUL"",""COMPLETED""]",1
auth_payer_ZThN39241873qbd14TE75947,445827,20189822,CYBERSOURCE,2024-08-14T18:07:39.947Z,ter_352f806f61114893b8ad32e5,,,INITIATED,[],[],[],[],[],[],["COMPLETED"],1
auth_payer_rZSc3224188lI6v14DH7g596,489022,20189822,CYBERSOURCE,2024-08-14T18:08:32.596Z,ter_352f806f61114893b8ad32e5,05,Y,AUTHENTICATED,[],[],["Y"],["Y"],["0"],[],"[""PENDING_AUTHENTICATION"",""AUTHENTICATION_SUCCESSFUL"",""COMPLETED""]",1
auth_payer_ax3S39241885gH614il7p463,445827,20189822,CYBERSOURCE,2024-08-14T18:08:39.463Z,ter_352f806f61114893b8ad32e5,05,Y,AUTHENTICATED,[],[],["Y"],["Y"],["0"],[],"[""PENDING_AUTHENTICATION"",""AUTHENTICATION_SUCCESSFUL"",""COMPLETED""]",1
auth_payer_lAZj4024188BBAS14417g149,445827,20189822,CYBERSOURCE,2024-08-14T18:08:40.149Z,ter_352f806f61114893b8ad32e5,,,INITIATED,[],[],[],[],[],[],["COMPLETED"],1
auth_payer_vcLT4241810vMMj14lU7u222,445521,20189822,CYBERSOURCE,2024-08-14T18:10:04.222Z,ter_352f806f61114893b8ad32e5,07,R,FAILED,[],[],["Y"],["R"],[],[],"[""AUTHENTICATION_FAILED"",""COMPLETED""]",1
auth_payer_BfXB28241811emIb14WD75619,445827,20189822,CYBERSOURCE,2024-08-14T18:11:28.619Z,ter_352f806f61114893b8ad32e5,05,Y,AUTHENTICATED,[],[],["Y"],["Y"],[],[],"[""AUTHENTICATION_SUCCESSFUL"",""COMPLETED""]",1
auth_payer_EZbB51241811SExE14ot7R168,445827,20189822,CYBERSOURCE,2024-08-14T18:11:51.168Z,ter_352f806f61114893b8ad32e5,,,PENDING,[],[],["Y"],[],[],[],"[""PENDING_AUTHENTICATION"",""COMPLETED""]",1
auth_payer_eYsa4241815Q14J14t27M143,445827,20189822,CYBERSOURCE,2024-08-14T18:15:04.144Z,ter_352f806f61114893b8ad32e5,,,PENDING,[],[],["Y"],[],[],[],"[""PENDING_AUTHENTICATION"",""COMPLETED""]",1
auth_payer_I91c1024181506pc14dt7J506,524646,20189822,CYBERSOURCE,2024-08-14T18:15:10.507Z,ter_352f806f61114893b8ad32e5,02,Y,AUTHENTICATED,[],[],["Y"],["Y"],["0"],[],"[""PENDING_AUTHENTICATION"",""AUTHENTICATION_SUCCESSFUL"",""COMPLETED""]",1
auth_payer_gUxW39241816Zzf414a57I306,518694,20189822,CYBERSOURCE,2024-08-14T18:16:39.306Z,ter_352f806f61114893b8ad32e5,02,Y,AUTHENTICATED,[],[],["Y"],["Y"],["0"],[],"[""PENDING_AUTHENTICATION"",""AUTHENTICATION_SUCCESSFUL"",""COMPLETED""]",1
auth_payer_Fu2G47241820H5Gr14RF7i854,410684,20189822,CYBERSOURCE,2024-08-14T18:20:47.854Z,ter_352f806f61114893b8ad32e5,,,PENDING,[],[],["Y"],[],[],[],"[""PENDING_AUTHENTICATION"",""COMPLETED""]",1
auth_payer_K1Yf28241822u3aF14eJ7R649,545205,20189822,CYBERSOURCE,2024-08-14T18:22:28.649Z,ter_352f806f61114893b8ad32e5,02,Y,AUTHENTICATED,[],[],["Y"],["Y"],["0"],[],"[""PENDING_AUTHENTICATION"",""AUTHENTICATION_SUCCESSFUL"",""COMPLETED""]",1
auth_payer_edWB44241822DTig14BC7T166,445827,20189822,CYBERSOURCE,2024-08-14T18:22:44.166Z,ter_352f806f61114893b8ad32e5,05,Y,AUTHENTICATED,[],[],["Y"],["Y"],["0"],[],"[""PENDING_AUTHENTICATION"",""AUTHENTICATION_SUCCESSFUL"",""COMPLETED""]",1
auth_payer_QCBK5241824L1ex145I7B390,457927,20189822,CYBERSOURCE,2024-08-14T18:24:05.390Z,ter_352f806f61114893b8ad32e5,05,Y,AUTHENTICATED,[],[],["Y"],["Y"],["0"],[],"[""PENDING_AUTHENTICATION"",""AUTHENTICATION_SUCCESSFUL"",""COMPLETED""]",1
auth_payer_o7GS14241824bOij14F579303,445827,20189822,CYBERSOURCE,2024-08-14T18:24:14.304Z,ter_352f806f61114893b8ad32e5,05,Y,AUTHENTICATED,[],[],["Y"],["Y"],["0"],[],"[""PENDING_AUTHENTICATION"",""AUTHENTICATION_SUCCESSFUL"",""COMPLETED""]",1
auth_payer_LKR458241824bId014DM7b907,410683,20189822,CYBERSOURCE,2024-08-14T18:24:58.907Z,ter_352f806f61114893b8ad32e5,05,Y,AUTHENTICATED,[],[],["Y"],["Y"],["0"],[],"[""PENDING_AUTHENTICATION"",""AUTHENTICATION_SUCCESSFUL"",""COMPLETED""]",1
auth_payer_XuNN37241826GODf143x7s720,445827,20189822,CYBERSOURCE,2024-08-14T18:26:37.720Z,ter_352f806f61114893b8ad32e5,,,INITIATED,[],[],[],[],[],[],["COMPLETED"],1
auth_payer_ixWQ92418275jXM14AB7a571,445827,20189822,CYBERSOURCE,2024-08-14T18:27:09.571Z,ter_352f806f61114893b8ad32e5,05,Y,AUTHENTICATED,[],[],["Y"],["Y"],[],[],"[""AUTHENTICATION_SUCCESSFUL"",""COMPLETED""]",1
auth_payer_Cusf342418276PMt14Rg72505,445827,20189822,CYBERSOURCE,2024-08-14T18:27:34.505Z,ter_352f806f61114893b8ad32e5,05,Y,AUTHENTICATED,[],[],["Y"],["Y"],["0"],[],"[""PENDING_AUTHENTICATION"",""AUTHENTICATION_SUCCESSFUL"",""COMPLETED""]",1
auth_payer_log15241829rmj7146j7I272,445827,20189822,CYBERSOURCE,2024-08-14T18:29:05.272Z,ter_352f806f61114893b8ad32e5,05,Y,AUTHENTICATED,[],[],["Y"],["Y"],["0"],[],"[""PENDING_AUTHENTICATION"",""AUTHENTICATION_SUCCESSFUL"",""COMPLETED""]",1
auth_payer_hkCW58241829HaJP14bn7U699,445827,20189822,CYBERSOURCE,2024-08-14T18:29:58.699Z,ter_352f806f61114893b8ad32e5,,,INITIATED,[],[],[],[],[],[],["COMPLETED"],1
auth_payer_m9u736241830lxc214Ur74312,445827,20189822,CYBERSOURCE,2024-08-14T18:30:36.312Z,ter_352f806f61114893b8ad32e5,,,INITIATED,[],[],[],[],[],[],["COMPLETED"],1
auth_payer_xpkP33241834akPF14iy72633,445827,20189822,CYBERSOURCE,2024-08-14T18:34:33.633Z,ter_352f806f61114893b8ad32e5,,,INITIATED,[],[],[],[],[],[],["COMPLETED"],1
auth_payer_ydEy38241835XlQt14F378480,410683,20189822,CYBERSOURCE,2024-08-14T18:35:38.480Z,ter_352f806f61114893b8ad32e5,07,N,FAILED,[],[],["Y"],["N"],["9"],[],"[""PENDING_AUTHENTICATION"",""AUTHENTICATION_FAILED"",""COMPLETED""]",1
auth_payer_GPDC25241836ZSF614Eh77118,445827,20189822,CYBERSOURCE,2024-08-14T18:36:25.119Z,ter_352f806f61114893b8ad32e5,05,Y,AUTHENTICATED,[],[],["Y"],["Y"],[],[],"[""AUTHENTICATION_SUCCESSFUL"",""COMPLETED""]",1
auth_payer_RerS25241837LSKn141B7X918,445827,20189822,CYBERSOURCE,2024-08-14T18:37:25.918Z,ter_352f806f61114893b8ad32e5,05,Y,AUTHENTICATED,[],[],["Y"],["Y"],["0"],[],"[""PENDING_AUTHENTICATION"",""AUTHENTICATION_SUCCESSFUL"",""COMPLETED""]",1
auth_payer_HV0p6241839ZapW14fH7u366,518694,20189822,CYBERSOURCE,2024-08-14T18:39:06.366Z,ter_352f806f61114893b8ad32e5,,,PENDING,[],[],["Y"],[],[],[],"[""PENDING_AUTHENTICATION"",""COMPLETED""]",1
auth_payer_0Eor27241839z9QY14e47g872,552075,20189822,CYBERSOURCE,2024-08-14T18:39:27.872Z,ter_352f806f61114893b8ad32e5,02,Y,AUTHENTICATED,[],[],["Y"],["Y"],["0"],[],"[""PENDING_AUTHENTICATION"",""AUTHENTICATION_SUCCESSFUL"",""COMPLETED""]",1
auth_payer_VFV95241840LSY514Zm78106,429927,20189822,CYBERSOURCE,2024-08-14T18:40:05.106Z,ter_352f806f61114893b8ad32e5,05,Y,AUTHENTICATED,[],[],["Y"],["Y"],[],[],"[""AUTHENTICATION_SUCCESSFUL"",""COMPLETED""]",1
auth_payer_YioP7241841G8yP14dm7Q656,445827,20189822,CYBERSOURCE,2024-08-14T18:41:07.656Z,ter_352f806f61114893b8ad32e5,05,Y,AUTHENTICATED,[],[],["Y"],["Y"],[],[],"[""AUTHENTICATION_SUCCESSFUL"",""COMPLETED""]",1
auth_payer_4A0r12241841b0P214ge7l645,457553,20189822,CYBERSOURCE,2024-08-14T18:41:12.645Z,ter_352f806f61114893b8ad32e5,05,Y,AUTHENTICATED,[],[],["Y"],["Y"],["0"],[],"[""PENDING_AUTHENTICATION"",""AUTHENTICATION_SUCCESSFUL"",""COMPLETED""]",1
auth_payer_94Y253241841UbTv14pH7P672,445827,20189822,CYBERSOURCE,2024-08-14T18:41:53.672Z,ter_352f806f61114893b8ad32e5,05,Y,AUTHENTICATED,[],[],["Y"],["Y"],["0"],[],"[""PENDING_AUTHENTICATION"",""AUTHENTICATION_SUCCESSFUL"",""COMPLETED""]",1
auth_payer_TxNi13241844KS5C14PI7O696,483432,20189822,CYBERSOURCE,2024-08-14T18:44:13.696Z,ter_352f806f61114893b8ad32e5,05,Y,AUTHENTICATED,[],[],["Y"],["Y"],["0"],[],"[""PENDING_AUTHENTICATION"",""AUTHENTICATION_SUCCESSFUL"",""COMPLETED""]",1
auth_payer_YoYz23241844ipBL14Km7V692,445827,20189822,CYBERSOURCE,2024-08-14T18:44:23.692Z,ter_352f806f61114893b8ad32e5,,,INITIATED,[],[],[],[],[],[],["COMPLETED"],1
auth_payer_gqWt26241844ZnTd14xn7C88,445827,20189822,CYBERSOURCE,2024-08-14T18:44:26.088Z,ter_352f806f61114893b8ad32e5,05,Y,AUTHENTICATED,[],[],["Y"],["Y"],[],[],"[""AUTHENTICATION_SUCCESSFUL"",""COMPLETED""]",1
auth_payer_3CDe0241846MJLh14Y37j104,445827,20189822,CYBERSOURCE,2024-08-14T18:46:00.104Z,ter_352f806f61114893b8ad32e5,05,Y,AUTHENTICATED,[],[],["Y"],["Y"],["0"],[],"[""PENDING_AUTHENTICATION"",""AUTHENTICATION_SUCCESSFUL"",""COMPLETED""]",1
auth_payer_HZ5M20241847vDc4143i7v98,445827,20189822,CYBERSOURCE,2024-08-14T18:47:20.099Z,ter_352f806f61114893b8ad32e5,05,Y,AUTHENTICATED,[],[],["Y"],["Y"],[],[],"[""AUTHENTICATION_SUCCESSFUL"",""COMPLETED""]",1
auth_payer_JzU553241848poFT14jg7o921,414627,20189822,CYBERSOURCE,2024-08-14T18:48:53.921Z,ter_352f806f61114893b8ad32e5,05,Y,AUTHENTICATED,[],[],["Y"],["Y"],[],[],"[""AUTHENTICATION_SUCCESSFUL"",""COMPLETED""]",1
auth_payer_P4b541241849VL7A142L7Q279,445827,20189822,CYBERSOURCE,2024-08-14T18:49:41.279Z,ter_352f806f61114893b8ad32e5,05,Y,AUTHENTICATED,[],[],["Y"],["Y"],["0"],[],"[""PENDING_AUTHENTICATION"",""AUTHENTICATION_SUCCESSFUL"",""COMPLETED""]",1
auth_payer_sx8Q36241850OR9e14zA7i581,445827,20189822,CYBERSOURCE,2024-08-14T18:50:36.582Z,ter_352f806f61114893b8ad32e5,,,INITIATED,[],[],[],[],[],[],["COMPLETED"],1
auth_payer_fXha21241853eB1n14WD7J720,445827,20189822,CYBERSOURCE,2024-08-14T18:53:21.720Z,ter_352f806f61114893b8ad32e5,05,Y,AUTHENTICATED,[],[],["Y"],["Y"],[],[],"[""AUTHENTICATION_SUCCESSFUL"",""COMPLETED""]",1
auth_payer_odlH45241853kEz614HS7a229,414627,20189822,CYBERSOURCE,2024-08-14T18:53:45.229Z,ter_352f806f61114893b8ad32e5,05,Y,AUTHENTICATED,[],[],["Y"],["Y"],[],[],"[""AUTHENTICATION_SUCCESSFUL"",""COMPLETED""]",1
auth_payer_18Mf30241855mJCq148p7C836,454887,20189822,CYBERSOURCE,2024-08-14T18:55:30.836Z,ter_352f806f61114893b8ad32e5,05,Y,AUTHENTICATED,[],[],["Y"],["Y"],["0"],[],"[""PENDING_AUTHENTICATION"",""AUTHENTICATION_SUCCESSFUL"",""COMPLETED""]",1
auth_payer_y2G231241855o4Re146N7t513,445827,20189822,CYBERSOURCE,2024-08-14T18:55:31.513Z,ter_352f806f61114893b8ad32e5,05,Y,AUTHENTICATED,[],[],["Y"],["Y"],["0"],[],"[""PENDING_AUTHENTICATION"",""AUTHENTICATION_SUCCESSFUL"",""COMPLETED""]",1
auth_payer_FpDJ57241857Lffv14VN7o427,445827,20189822,CYBERSOURCE,2024-08-14T18:57:57.427Z,ter_352f806f61114893b8ad32e5,05,Y,AUTHENTICATED,[],[],["Y"],["Y"],["0"],[],"[""PENDING_AUTHENTICATION"",""AUTHENTICATION_SUCCESSFUL"",""COMPLETED""]",1
auth_payer_hYkm112418585XuI14Zg76338,445827,20189822,CYBERSOURCE,2024-08-14T18:58:11.338Z,ter_352f806f61114893b8ad32e5,,,INITIATED,[],[],[],[],[],[],["COMPLETED"],1
auth_payer_FUdC40241858iFZt14vR7y600,445827,20189822,CYBERSOURCE,2024-08-14T18:58:40.600Z,ter_352f806f61114893b8ad32e5,05,Y,AUTHENTICATED,[],[],["Y"],["Y"],["0"],[],"[""PENDING_AUTHENTICATION"",""AUTHENTICATION_SUCCESSFUL"",""COMPLETED""]",1
auth_payer_O9TP32241859PTBZ14Zi7b430,445827,20189822,CYBERSOURCE,2024-08-14T18:59:32.431Z,ter_352f806f61114893b8ad32e5,05,Y,AUTHENTICATED,[],[],["Y"],["Y"],["0"],[],"[""PENDING_AUTHENTICATION"",""AUTHENTICATION_SUCCESSFUL"",""COMPLETED""]",1
auth_payer_jE7g2524191pmuS14sh7H546,445827,20189822,CYBERSOURCE,2024-08-14T19:01:25.546Z,ter_352f806f61114893b8ad32e5,05,Y,AUTHENTICATED,[],[],["Y"],["Y"],["0"],[],"[""PENDING_AUTHENTICATION"",""AUTHENTICATION_SUCCESSFUL"",""COMPLETED""]",1
auth_payer_MihX58241911OtF14fv75748,445827,20189822,CYBERSOURCE,2024-08-14T19:01:58.748Z,ter_352f806f61114893b8ad32e5,05,Y,AUTHENTICATED,[],[],["Y"],["Y"],["0"],[],"[""PENDING_AUTHENTICATION"",""AUTHENTICATION_SUCCESSFUL"",""COMPLETED""]",1
auth_payer_l5UQ32241921pjD14hq7A389,524646,20189822,CYBERSOURCE,2024-08-14T19:02:32.389Z,ter_352f806f61114893b8ad32e5,02,Y,AUTHENTICATED,[],[],["Y"],["Y"],["0"],[],"[""PENDING_AUTHENTICATION"",""AUTHENTICATION_SUCCESSFUL"",""COMPLETED""]",1
auth_payer_fgnh4124192BPyh14op7O424,445827,20189822,CYBERSOURCE,2024-08-14T19:02:41.424Z,ter_352f806f61114893b8ad32e5,,,INITIATED,[],[],[],[],[],[],["COMPLETED"],1
auth_payer_me794824192iGkE14Ge7a525,445827,20189822,CYBERSOURCE,2024-08-14T19:02:48.525Z,ter_352f806f61114893b8ad32e5,05,Y,AUTHENTICATED,[],[],["Y"],["Y"],["0"],[],"[""PENDING_AUTHENTICATION"",""AUTHENTICATION_SUCCESSFUL"",""COMPLETED""]",1
auth_payer_g5xo1224194NqBa14oq7l741,471540,28055731,CYBERSOURCE,2024-08-14T19:04:12.741Z,ter_352f806f61114893b8ad32e5,07,N,FAILED,[],[],["Y"],["N"],["9"],[],"[""PENDING_AUTHENTICATION"",""AUTHENTICATION_FAILED"",""COMPLETED""]",1
auth_payer_df3R2824194Yvp814Fm7n673,445827,20189822,CYBERSOURCE,2024-08-14T19:04:28.674Z,ter_352f806f61114893b8ad32e5,05,Y,AUTHENTICATED,[],[],["Y"],["Y"],["0"],[],"[""PENDING_AUTHENTICATION"",""AUTHENTICATION_SUCCESSFUL"",""COMPLETED""]",1
auth_payer_U7n22924196aiyR14xJ78294,445827,20189822,CYBERSOURCE,2024-08-14T19:06:29.294Z,ter_352f806f61114893b8ad32e5,05,Y,AUTHENTICATED,[],[],["Y"],["Y"],["0"],[],"[""PENDING_AUTHENTICATION"",""AUTHENTICATION_SUCCESSFUL"",""COMPLETED""]",1
auth_payer_LtRj3124198Ezxl14Xu7h32,524646,20189822,CYBERSOURCE,2024-08-14T19:08:31.032Z,ter_352f806f61114893b8ad32e5,02,Y,AUTHENTICATED,[],[],["Y"],["Y"],["0"],[],"[""PENDING_AUTHENTICATION"",""AUTHENTICATION_SUCCESSFUL"",""COMPLETED""]",1
auth_payer_Pn0S4524199DuTR14Fj7L409,428335,20189822,CYBERSOURCE,2024-08-14T19:09:45.409Z,ter_352f806f61114893b8ad32e5,05,Y,AUTHENTICATED,[],[],["Y"],["Y"],["0"],[],"[""PENDING_AUTHENTICATION"",""AUTHENTICATION_SUCCESSFUL"",""COMPLETED""]",1
auth_payer_AC3B112419107N4F14Wq7r238,445827,20189822,CYBERSOURCE,2024-08-14T19:10:11.238Z,ter_352f806f61114893b8ad32e5,05,Y,AUTHENTICATED,[],[],["Y"],["Y"],["0"],[],"[""PENDING_AUTHENTICATION"",""AUTHENTICATION_SUCCESSFUL"",""COMPLETED""]",1
auth_payer_2WiE402419121aKI14vr7n976,483432,20189822,CYBERSOURCE,2024-08-14T19:12:40.976Z,ter_352f806f61114893b8ad32e5,,,PENDING,[],[],["Y"],[],[],[],"[""PENDING_AUTHENTICATION"",""COMPLETED""]",1
auth_payer_t2ax53241912M5n914ZW7J324,445827,20189822,CYBERSOURCE,2024-08-14T19:12:53.324Z,ter_352f806f61114893b8ad32e5,,,INITIATED,[],[],[],[],[],[],["COMPLETED"],1
auth_payer_2qkM2241916q4kI14gq7z108,518694,20189822,CYBERSOURCE,2024-08-14T19:16:02.109Z,ter_352f806f61114893b8ad32e5,02,Y,AUTHENTICATED,[],[],["Y"],["Y"],["0"],[],"[""PENDING_AUTHENTICATION"",""AUTHENTICATION_SUCCESSFUL"",""COMPLETED""]",1
auth_payer_72o835241917n5mv14zj7V265,445827,20189822,CYBERSOURCE,2024-08-14T19:17:35.265Z,ter_352f806f61114893b8ad32e5,05,Y,AUTHENTICATED,[],[],["Y"],["Y"],["0"],[],"[""PENDING_AUTHENTICATION"",""AUTHENTICATION_SUCCESSFUL"",""COMPLETED""]",1
auth_payer_4SeN452419225Kcr14fK78446,456835,20189822,CYBERSOURCE,2024-08-14T19:22:45.446Z,ter_352f806f61114893b8ad32e5,,,INITIATED,[],[],[],[],[],[],["COMPLETED"],1
auth_payer_YxAb11241923uGyD14NK7O471,445827,20189822,CYBERSOURCE,2024-08-14T19:23:11.471Z,ter_352f806f61114893b8ad32e5,05,Y,AUTHENTICATED,[],[],["Y"],["Y"],["0"],[],"[""PENDING_AUTHENTICATION"",""AUTHENTICATION_SUCCESSFUL"",""COMPLETED""]",1
auth_payer_IYFz26241923h4Uj14lO76561,445827,20189822,CYBERSOURCE,2024-08-14T19:23:26.561Z,ter_352f806f61114893b8ad32e5,05,Y,AUTHENTICATED,[],[],["Y"],["Y"],["0"],[],"[""PENDING_AUTHENTICATION"",""AUTHENTICATION_SUCCESSFUL"",""COMPLETED""]",1
auth_payer_CaCP52419259g1e14k47e634,445827,20189822,CYBERSOURCE,2024-08-14T19:25:05.634Z,ter_352f806f61114893b8ad32e5,05,Y,AUTHENTICATED,[],[],["Y"],["Y"],["0"],[],"[""PENDING_AUTHENTICATION"",""AUTHENTICATION_SUCCESSFUL"",""COMPLETED""]",1
auth_payer_KDaJ49241925HGx614707T287,445827,20189822,CYBERSOURCE,2024-08-14T19:25:49.287Z,ter_352f806f61114893b8ad32e5,,,INITIATED,[],[],[],[],[],[],["COMPLETED"],1
auth_payer_EJgV46241926FRiR14zW7c476,445827,20189822,CYBERSOURCE,2024-08-14T19:26:46.476Z,ter_352f806f61114893b8ad32e5,05,Y,AUTHENTICATED,[],[],["Y"],["Y"],[],[],"[""AUTHENTICATION_SUCCESSFUL"",""COMPLETED""]",1
auth_payer_ADSu7241927th0L14ZT7c160,445827,20189822,CYBERSOURCE,2024-08-14T19:27:07.160Z,ter_352f806f61114893b8ad32e5,05,Y,AUTHENTICATED,[],[],["Y"],["Y"],["0"],[],"[""PENDING_AUTHENTICATION"",""AUTHENTICATION_SUCCESSFUL"",""COMPLETED""]",1
auth_payer_ERIv46241928q5AG14tD70348,445827,20189822,CYBERSOURCE,2024-08-14T19:28:46.348Z,ter_352f806f61114893b8ad32e5,05,Y,AUTHENTICATED,[],[],["Y"],["Y"],["0"],[],"[""PENDING_AUTHENTICATION"",""AUTHENTICATION_SUCCESSFUL"",""COMPLETED""]",1
auth_payer_SeTe172419305Vp214iy7o808,457553,20189822,CYBERSOURCE,2024-08-14T19:30:17.808Z,ter_352f806f61114893b8ad32e5,05,Y,AUTHENTICATED,[],[],["Y"],["Y"],["0"],[],"[""PENDING_AUTHENTICATION"",""AUTHENTICATION_SUCCESSFUL"",""COMPLETED""]",1
auth_payer_I2d032241931yhGs14bz7z108,445827,20189822,CYBERSOURCE,2024-08-14T19:31:32.108Z,ter_352f806f61114893b8ad32e5,,,INITIATED,[],[],[],[],[],[],["COMPLETED"],1
auth_payer_IFY236241931lQXq14Oz7Q13,445827,20189822,CYBERSOURCE,2024-08-14T19:31:36.014Z,ter_352f806f61114893b8ad32e5,,,INITIATED,[],[],[],[],[],[],["COMPLETED"],1
auth_payer_F8Hq32241932Nmjn14JN7m532,445827,20189822,CYBERSOURCE,2024-08-14T19:32:32.532Z,ter_352f806f61114893b8ad32e5,,,AUTHENTICATED,["201"],"[""A message element required as defined in Table A.1 is missing from the message. deviceChannel,""]",["U"],[],[],[],"[""AUTHENTICATION_SUCCESSFUL"",""COMPLETED""]",1
auth_payer_PMz54241933ymgk14xX7g786,445827,20189822,CYBERSOURCE,2024-08-14T19:33:04.787Z,ter_352f806f61114893b8ad32e5,05,Y,AUTHENTICATED,[],[],["Y"],["Y"],["0"],[],"[""PENDING_AUTHENTICATION"",""AUTHENTICATION_SUCCESSFUL"",""COMPLETED""]",1
auth_payer_lfXt29241933mTmY14Eh7o372,445687,20189822,CYBERSOURCE,2024-08-14T19:33:29.372Z,ter_352f806f61114893b8ad32e5,05,Y,AUTHENTICATED,[],[],["Y"],["Y"],["0"],[],"[""PENDING_AUTHENTICATION"",""AUTHENTICATION_SUCCESSFUL"",""COMPLETED""]",1
auth_payer_MH2T31241933Af5R14Sn7C804,445827,20189822,CYBERSOURCE,2024-08-14T19:33:31.805Z,ter_352f806f61114893b8ad32e5,05,Y,AUTHENTICATED,[],[],["Y"],["Y"],["0"],[],"[""PENDING_AUTHENTICATION"",""AUTHENTICATION_SUCCESSFUL"",""COMPLETED""]",1
auth_payer_xj2110241934r00914vZ7s739,457553,20189822,CYBERSOURCE,2024-08-14T19:34:10.739Z,ter_352f806f61114893b8ad32e5,05,Y,AUTHENTICATED,[],[],["Y"],["Y"],["0"],[],"[""PENDING_AUTHENTICATION"",""AUTHENTICATION_SUCCESSFUL"",""COMPLETED""]",1
auth_payer_qdDp18241934dHM414YI7S448,445827,20189822,CYBERSOURCE,2024-08-14T19:34:18.448Z,ter_352f806f61114893b8ad32e5,05,Y,AUTHENTICATED,[],[],["Y"],["Y"],[],[],"[""AUTHENTICATION_SUCCESSFUL"",""COMPLETED""]",1
auth_payer_76UU39241934l1eR14AX70822,445827,20189822,CYBERSOURCE,2024-08-14T19:34:39.822Z,ter_352f806f61114893b8ad32e5,05,Y,AUTHENTICATED,[],[],["Y"],["Y"],["0"],[],"[""PENDING_AUTHENTICATION"",""AUTHENTICATION_SUCCESSFUL"",""COMPLETED""]",1
auth_payer_Zstn52241934brye14og7M8,405433,20189822,CYBERSOURCE,2024-08-14T19:34:52.008Z,ter_352f806f61114893b8ad32e5,05,Y,AUTHENTICATED,[],[],["Y"],["Y"],[],[],"[""AUTHENTICATION_SUCCESSFUL"",""COMPLETED""]",1
auth_payer_LjzC10241935sonq146V7M667,445827,20189822,CYBERSOURCE,2024-08-14T19:35:10.668Z,ter_352f806f61114893b8ad32e5,05,Y,AUTHENTICATED,[],[],["Y"],["Y"],["0"],[],"[""PENDING_AUTHENTICATION"",""AUTHENTICATION_SUCCESSFUL"",""COMPLETED""]",1
auth_payer_e6Sn7241936yseI14qf7K700,445827,20189822,CYBERSOURCE,2024-08-14T19:36:07.700Z,ter_352f806f61114893b8ad32e5,,,PENDING,[],[],["Y"],[],[],[],"[""PENDING_AUTHENTICATION"",""COMPLETED""]",1
auth_payer_4g0z272419366dfm14Ay7c317,445827,20189822,CYBERSOURCE,2024-08-14T19:36:27.317Z,ter_352f806f61114893b8ad32e5,,,INITIATED,[],[],[],[],[],[],["COMPLETED"],1
auth_payer_bm4350241936ZxX5143I7Z865,445827,20189822,CYBERSOURCE,2024-08-14T19:36:50.865Z,ter_352f806f61114893b8ad32e5,05,Y,AUTHENTICATED,[],[],["Y"],["Y"],[],[],"[""AUTHENTICATION_SUCCESSFUL"",""COMPLETED""]",1
auth_payer_1kHP59241936eURH14r47n663,445827,20189822,CYBERSOURCE,2024-08-14T19:36:59.663Z,ter_352f806f61114893b8ad32e5,05,Y,AUTHENTICATED,[],[],["Y"],["Y"],["0"],[],"[""PENDING_AUTHENTICATION"",""AUTHENTICATION_SUCCESSFUL"",""COMPLETED""]",1
auth_payer_Bib319241938MOVc14PC7i748,445827,20189822,CYBERSOURCE,2024-08-14T19:38:19.748Z,ter_352f806f61114893b8ad32e5,05,Y,AUTHENTICATED,[],[],["Y"],["Y"],["0"],[],"[""PENDING_AUTHENTICATION"",""AUTHENTICATION_SUCCESSFUL"",""COMPLETED""]",1
auth_payer_Acxt19241938qIo914p976926,405433,20189822,CYBERSOURCE,2024-08-14T19:38:19.927Z,ter_352f806f61114893b8ad32e5,05,Y,AUTHENTICATED,[],[],["Y"],["Y"],[],[],"[""AUTHENTICATION_SUCCESSFUL"",""COMPLETED""]",1
auth_payer_1hI242241938KIoO14mD78922,445520,20189822,CYBERSOURCE,2024-08-14T19:38:42.922Z,ter_352f806f61114893b8ad32e5,05,Y,AUTHENTICATED,[],[],["Y"],["Y"],[],[],"[""AUTHENTICATION_SUCCESSFUL"",""COMPLETED""]",1
auth_payer_AtjI53241938eVAG14kR7G729,445827,20189822,CYBERSOURCE,2024-08-14T19:38:53.729Z,ter_352f806f61114893b8ad32e5,,,INITIATED,[],[],[],[],[],[],["COMPLETED"],1
auth_payer_P1xY26241939rAyp147o7D374,445827,20189822,CYBERSOURCE,2024-08-14T19:39:26.374Z,ter_352f806f61114893b8ad32e5,,,INITIATED,[],[],[],[],[],[],["COMPLETED"],1
auth_payer_MSHT38241939VVZl14JE7r451,454887,20189822,CYBERSOURCE,2024-08-14T19:39:38.451Z,ter_352f806f61114893b8ad32e5,,,PENDING,[],[],["Y"],[],[],[],"[""PENDING_AUTHENTICATION"",""COMPLETED""]",1
auth_payer_mrXZ43241939CFhT14yg7P902,445520,20189822,CYBERSOURCE,2024-08-14T19:39:43.902Z,ter_352f806f61114893b8ad32e5,05,Y,AUTHENTICATED,[],[],["Y"],["Y"],[],[],"[""AUTHENTICATION_SUCCESSFUL"",""COMPLETED""]",1
auth_payer_vP584241940naPG14fY7Q142,445827,20189822,CYBERSOURCE,2024-08-14T19:40:04.142Z,ter_352f806f61114893b8ad32e5,,,INITIATED,[],[],[],[],[],[],["COMPLETED"],1
auth_payer_gNik26241940JZaJ14ke7T57,445827,20189822,CYBERSOURCE,2024-08-14T19:40:26.057Z,ter_352f806f61114893b8ad32e5,05,Y,AUTHENTICATED,[],[],["Y"],["Y"],[],[],"[""AUTHENTICATION_SUCCESSFUL"",""COMPLETED""]",1
auth_payer_5faY40241940fzeP14S971510,445827,20189822,CYBERSOURCE,2024-08-14T19:40:40.511Z,ter_352f806f61114893b8ad32e5,05,Y,AUTHENTICATED,[],[],["Y"],["Y"],["0"],[],"[""PENDING_AUTHENTICATION"",""AUTHENTICATION_SUCCESSFUL"",""COMPLETED""]",1
auth_payer_qEhj102419416JSg146N7O230,445827,20189822,CYBERSOURCE,2024-08-14T19:41:10.231Z,ter_352f806f61114893b8ad32e5,05,Y,AUTHENTICATED,[],[],["Y"],["Y"],["0"],[],"[""PENDING_AUTHENTICATION"",""AUTHENTICATION_SUCCESSFUL"",""COMPLETED""]",1
auth_payer_7JNV6241942dyc614hF7m888,445827,20189822,CYBERSOURCE,2024-08-14T19:42:06.888Z,ter_352f806f61114893b8ad32e5,,,INITIATED,[],[],[],[],[],[],["COMPLETED"],1
auth_payer_2Mbt14241942ZGTc14bf7n381,445827,20189822,CYBERSOURCE,2024-08-14T19:42:14.381Z,ter_352f806f61114893b8ad32e5,05,Y,AUTHENTICATED,[],[],["Y"],["Y"],["0"],[],"[""PENDING_AUTHENTICATION"",""AUTHENTICATION_SUCCESSFUL"",""COMPLETED""]",1
auth_payer_jo8R52241943KvVy141y7Q507,445827,20189822,CYBERSOURCE,2024-08-14T19:43:52.507Z,ter_352f806f61114893b8ad32e5,,,INITIATED,[],[],[],[],[],[],["COMPLETED"],1
auth_payer_bCHb2241944UhgE14AQ7Y113,445827,20189822,CYBERSOURCE,2024-08-14T19:44:02.113Z,ter_352f806f61114893b8ad32e5,05,Y,AUTHENTICATED,[],[],["Y"],["Y"],["0"],[],"[""PENDING_AUTHENTICATION"",""AUTHENTICATION_SUCCESSFUL"",""COMPLETED""]",1
auth_payer_nNdq16241944pQre14eT7R21,445827,20189822,CYBERSOURCE,2024-08-14T19:44:16.021Z,ter_352f806f61114893b8ad32e5,05,Y,AUTHENTICATED,[],[],["Y"],["Y"],["0"],[],"[""PENDING_AUTHENTICATION"",""AUTHENTICATION_SUCCESSFUL"",""COMPLETED""]",1
auth_payer_i5bQ33241944KBKd14bS7e616,445827,20189822,CYBERSOURCE,2024-08-14T19:44:33.616Z,ter_352f806f61114893b8ad32e5,05,Y,AUTHENTICATED,[],[],["Y"],["Y"],[],[],"[""AUTHENTICATION_SUCCESSFUL"",""COMPLETED""]",1
auth_payer_lQ6h50241944VnVm14ve7V511,445827,20189822,CYBERSOURCE,2024-08-14T19:44:50.511Z,ter_352f806f61114893b8ad32e5,05,Y,AUTHENTICATED,[],[],["Y"],["Y"],[],[],"[""AUTHENTICATION_SUCCESSFUL"",""COMPLETED""]",1
auth_payer_jUJB50241944JFRN14rJ7F700,445827,20189822,CYBERSOURCE,2024-08-14T19:44:50.700Z,ter_352f806f61114893b8ad32e5,05,Y,AUTHENTICATED,[],[],["Y"],["Y"],["0"],[],"[""PENDING_AUTHENTICATION"",""AUTHENTICATION_SUCCESSFUL"",""COMPLETED""]",1
auth_payer_ryxn7241945rMjb14oe7U19,457553,20189822,CYBERSOURCE,2024-08-14T19:45:07.019Z,ter_352f806f61114893b8ad32e5,05,Y,AUTHENTICATED,[],[],["Y"],["Y"],["0"],[],"[""PENDING_AUTHENTICATION"",""AUTHENTICATION_SUCCESSFUL"",""COMPLETED""]",1
auth_payer_A5GI15241945tjpL147Y7J500,445827,20189822,CYBERSOURCE,2024-08-14T19:45:15.500Z,ter_352f806f61114893b8ad32e5,05,Y,AUTHENTICATED,[],[],["Y"],["Y"],["0"],[],"[""PENDING_AUTHENTICATION"",""AUTHENTICATION_SUCCESSFUL"",""COMPLETED""]",1
auth_payer_illi12241946HLNj14Vv7G673,445827,20189822,CYBERSOURCE,2024-08-14T19:46:12.673Z,ter_352f806f61114893b8ad32e5,05,Y,AUTHENTICATED,[],[],["Y"],["Y"],["0"],[],"[""PENDING_AUTHENTICATION"",""AUTHENTICATION_SUCCESSFUL"",""COMPLETED""]",1
auth_payer_NRP912241946IOtv14EB7o749,445827,20189822,CYBERSOURCE,2024-08-14T19:46:12.749Z,ter_352f806f61114893b8ad32e5,05,Y,AUTHENTICATED,[],[],["Y"],["Y"],["0"],[],"[""PENDING_AUTHENTICATION"",""AUTHENTICATION_SUCCESSFUL"",""COMPLETED""]",1
auth_payer_hrNT39241946iKAi14fQ7r365,445827,20189822,CYBERSOURCE,2024-08-14T19:46:39.365Z,ter_352f806f61114893b8ad32e5,05,Y,AUTHENTICATED,[],[],["Y"],["Y"],[],[],"[""AUTHENTICATION_SUCCESSFUL"",""COMPLETED""]",1
auth_payer_ANNK42241946yMAX14Xb76498,445827,20189822,CYBERSOURCE,2024-08-14T19:46:42.498Z,ter_352f806f61114893b8ad32e5,05,Y,AUTHENTICATED,[],[],["Y"],["Y"],["0"],[],"[""PENDING_AUTHENTICATION"",""AUTHENTICATION_SUCCESSFUL"",""COMPLETED""]",1
auth_payer_cmgV5241947zdDx14GH7k126,428679,20189822,CYBERSOURCE,2024-08-14T19:47:05.126Z,ter_352f806f61114893b8ad32e5,05,Y,AUTHENTICATED,[],[],["Y"],["Y"],["0"],[],"[""PENDING_AUTHENTICATION"",""AUTHENTICATION_SUCCESSFUL"",""COMPLETED""]",1
auth_payer_GZi9132419484VN414uO7q104,445827,20189822,CYBERSOURCE,2024-08-14T19:48:13.105Z,ter_352f806f61114893b8ad32e5,,,INITIATED,[],[],[],[],[],[],["COMPLETED"],1
auth_payer_vCNS35241949EWx314rh70325,445827,20189822,CYBERSOURCE,2024-08-14T19:49:35.325Z,ter_352f806f61114893b8ad32e5,05,Y,AUTHENTICATED,[],[],["Y"],["Y"],["0"],[],"[""PENDING_AUTHENTICATION"",""AUTHENTICATION_SUCCESSFUL"",""COMPLETED""]",1
auth_payer_DRL750241950cfoa14IK7Q50,445827,20189822,CYBERSOURCE,2024-08-14T19:50:50.050Z,ter_352f806f61114893b8ad32e5,05,Y,AUTHENTICATED,[],[],["Y"],["Y"],["0"],[],"[""PENDING_AUTHENTICATION"",""AUTHENTICATION_SUCCESSFUL"",""COMPLETED""]",1
auth_payer_Z3A38241951ovtZ147Q7f453,489022,28055731,CYBERSOURCE,2024-08-14T19:51:08.453Z,ter_a2f0ed2d064248a8bdabc6a2,05,Y,AUTHENTICATED,[],[],["Y"],["Y"],["0"],[],"[""PENDING_AUTHENTICATION"",""AUTHENTICATION_SUCCESSFUL"",""COMPLETED""]",1
auth_payer_eRro3224195141c8149Z7Z260,445827,20189822,CYBERSOURCE,2024-08-14T19:51:32.260Z,ter_352f806f61114893b8ad32e5,,,INITIATED,[],[],[],[],[],[],["COMPLETED"],1
auth_payer_N82J46241951R6MQ14Bn7L753,445827,20189822,CYBERSOURCE,2024-08-14T19:51:46.753Z,ter_352f806f61114893b8ad32e5,05,Y,AUTHENTICATED,[],[],["Y"],["Y"],["0"],[],"[""PENDING_AUTHENTICATION"",""AUTHENTICATION_SUCCESSFUL"",""COMPLETED""]",1
auth_payer_Cl4g17241952R2GT14Ub72297,445827,20189822,CYBERSOURCE,2024-08-14T19:52:17.297Z,ter_352f806f61114893b8ad32e5,05,Y,AUTHENTICATED,[],[],["Y"],["Y"],[],[],"[""AUTHENTICATION_SUCCESSFUL"",""COMPLETED""]",1
auth_payer_bluL42419546Pc6147O7u788,445827,20189822,CYBERSOURCE,2024-08-14T19:54:04.788Z,ter_352f806f61114893b8ad32e5,,,INITIATED,[],[],[],[],[],[],["COMPLETED"],1
auth_payer_uBid1241956G62J14Tk7L763,445827,20189822,CYBERSOURCE,2024-08-14T19:56:01.763Z,ter_352f806f61114893b8ad32e5,05,Y,AUTHENTICATED,[],[],["Y"],["Y"],["0"],[],"[""PENDING_AUTHENTICATION"",""AUTHENTICATION_SUCCESSFUL"",""COMPLETED""]",1
auth_payer_YjaW21241956LMLP147t7z828,445827,20189822,CYBERSOURCE,2024-08-14T19:56:21.828Z,ter_352f806f61114893b8ad32e5,05,Y,AUTHENTICATED,[],[],["Y"],["Y"],["0"],[],"[""PENDING_AUTHENTICATION"",""AUTHENTICATION_SUCCESSFUL"",""COMPLETED""]",1
auth_payer_oulD38241957vIX0143t7I527,445827,20189822,CYBERSOURCE,2024-08-14T19:57:38.527Z,ter_352f806f61114893b8ad32e5,05,Y,AUTHENTICATED,[],[],["Y"],["Y"],["0"],[],"[""PENDING_AUTHENTICATION"",""AUTHENTICATION_SUCCESSFUL"",""COMPLETED""]",1
auth_payer_XfpF46241957FObr14iO7J181,445827,20189822,CYBERSOURCE,2024-08-14T19:57:46.181Z,ter_352f806f61114893b8ad32e5,05,Y,AUTHENTICATED,[],[],["Y"],["Y"],["0"],[],"[""PENDING_AUTHENTICATION"",""AUTHENTICATION_SUCCESSFUL"",""COMPLETED""]",1
auth_payer_Bpvy10241958zs5c14Iq7P896,445827,20189822,CYBERSOURCE,2024-08-14T19:58:10.896Z,ter_352f806f61114893b8ad32e5,,,INITIATED,[],[],[],[],[],[],["COMPLETED"],1
auth_payer_oma129241958BpPA14j67J935,451607,20189822,CYBERSOURCE,2024-08-14T19:58:29.935Z,ter_352f806f61114893b8ad32e5,07,N,FAILED,[],[],["Y"],["N"],["9"],[],"[""PENDING_AUTHENTICATION"",""AUTHENTICATION_FAILED"",""COMPLETED""]",1
auth_payer_lY1o37241958XU9t14Mm7r812,445827,20189822,CYBERSOURCE,2024-08-14T19:58:37.812Z,ter_352f806f61114893b8ad32e5,05,Y,AUTHENTICATED,[],[],["Y"],["Y"],["0"],[],"[""PENDING_AUTHENTICATION"",""AUTHENTICATION_SUCCESSFUL"",""COMPLETED""]",1
auth_payer_aE9q56241958Ugtl14kd7i125,445827,20189822,CYBERSOURCE,2024-08-14T19:58:56.125Z,ter_352f806f61114893b8ad32e5,05,Y,AUTHENTICATED,[],[],["Y"],["Y"],["0"],[],"[""PENDING_AUTHENTICATION"",""AUTHENTICATION_SUCCESSFUL"",""COMPLETED""]",1
auth_payer_957z53241959QgO514uk7n158,545205,20189822,CYBERSOURCE,2024-08-14T19:59:53.158Z,ter_352f806f61114893b8ad32e5,02,Y,AUTHENTICATED,[],[],["Y"],["Y"],["0"],[],"[""PENDING_AUTHENTICATION"",""AUTHENTICATION_SUCCESSFUL"",""COMPLETED""]",1
auth_payer_8yaR424200uySj14k37C52,445827,20189822,CYBERSOURCE,2024-08-14T20:00:04.052Z,ter_352f806f61114893b8ad32e5,05,Y,AUTHENTICATED,[],[],["Y"],["Y"],["0"],[],"[""PENDING_AUTHENTICATION"",""AUTHENTICATION_SUCCESSFUL"",""COMPLETED""]",1
auth_payer_2kdP3324200tkeL14z77I35,445827,20189822,CYBERSOURCE,2024-08-14T20:00:33.035Z,ter_352f806f61114893b8ad32e5,05,Y,AUTHENTICATED,[],[],["Y"],["Y"],["0"],[],"[""PENDING_AUTHENTICATION"",""AUTHENTICATION_SUCCESSFUL"",""COMPLETED""]",1
auth_payer_p2Hv582420060Sz14Ox75539,445827,20189822,CYBERSOURCE,2024-08-14T20:00:58.539Z,ter_352f806f61114893b8ad32e5,05,Y,AUTHENTICATED,[],[],["Y"],["Y"],["0"],[],"[""PENDING_AUTHENTICATION"",""AUTHENTICATION_SUCCESSFUL"",""COMPLETED""]",1
auth_payer_QUuO1824201vedN14lf75427,445827,20189822,CYBERSOURCE,2024-08-14T20:01:18.427Z,ter_352f806f61114893b8ad32e5,05,Y,AUTHENTICATED,[],[],["Y"],["Y"],["0"],[],"[""PENDING_AUTHENTICATION"",""AUTHENTICATION_SUCCESSFUL"",""COMPLETED""]",1
auth_payer_qf1N324202BjSI14Q57v174,457553,20189822,CYBERSOURCE,2024-08-14T20:02:03.174Z,ter_352f806f61114893b8ad32e5,,,PENDING,[],[],["Y"],[],[],[],"[""PENDING_AUTHENTICATION"",""COMPLETED""]",1
auth_payer_l4FQ2824202v803141R7P722,445827,20189822,CYBERSOURCE,2024-08-14T20:02:28.722Z,ter_352f806f61114893b8ad32e5,05,Y,AUTHENTICATED,[],[],["Y"],["Y"],["0"],[],"[""PENDING_AUTHENTICATION"",""AUTHENTICATION_SUCCESSFUL"",""COMPLETED""]",1
auth_payer_OxBs1124203Bc2A14g27P477,445827,20189822,CYBERSOURCE,2024-08-14T20:03:11.477Z,ter_352f806f61114893b8ad32e5,05,Y,AUTHENTICATED,[],[],["Y"],["Y"],["0"],[],"[""PENDING_AUTHENTICATION"",""AUTHENTICATION_SUCCESSFUL"",""COMPLETED""]",1
auth_payer_IVpJ1424204j8EV14Y07a345,445827,20189822,CYBERSOURCE,2024-08-14T20:04:14.345Z,ter_352f806f61114893b8ad32e5,05,Y,AUTHENTICATED,[],[],["Y"],["Y"],["0"],[],"[""PENDING_AUTHENTICATION"",""AUTHENTICATION_SUCCESSFUL"",""COMPLETED""]",1
auth_payer_1Q011824204WZkV14e47K585,517805,20189822,CYBERSOURCE,2024-08-14T20:04:18.585Z,ter_352f806f61114893b8ad32e5,02,Y,AUTHENTICATED,[],[],["Y"],["Y"],[],[],"[""AUTHENTICATION_SUCCESSFUL"",""COMPLETED""]",1
auth_payer_v0aN2224204xj4z14RS7P27,445827,20189822,CYBERSOURCE,2024-08-14T20:04:22.027Z,ter_352f806f61114893b8ad32e5,,,INITIATED,[],[],[],[],[],[],["COMPLETED"],1
auth_payer_TuJ8024205IyBa14RW7y648,445827,20189822,CYBERSOURCE,2024-08-14T20:05:00.648Z,ter_352f806f61114893b8ad32e5,05,Y,AUTHENTICATED,[],[],["Y"],["Y"],["0"],[],"[""PENDING_AUTHENTICATION"",""AUTHENTICATION_SUCCESSFUL"",""COMPLETED""]",1
auth_payer_iyl32424205N9JN14Rq7s458,445827,20189822,CYBERSOURCE,2024-08-14T20:05:24.458Z,ter_352f806f61114893b8ad32e5,05,Y,AUTHENTICATED,[],[],["Y"],["Y"],["0"],[],"[""PENDING_AUTHENTICATION"",""AUTHENTICATION_SUCCESSFUL"",""COMPLETED""]",1
auth_payer_Xq3L4324206SSrP14Ks7Q404,445827,20189822,CYBERSOURCE,2024-08-14T20:06:43.404Z,ter_352f806f61114893b8ad32e5,05,Y,AUTHENTICATED,[],[],["Y"],["Y"],["0"],[],"[""PENDING_AUTHENTICATION"",""AUTHENTICATION_SUCCESSFUL"",""COMPLETED""]",1
auth_payer_Kvao47242068Epq14j176860,417323,20189822,CYBERSOURCE,2024-08-14T20:06:47.860Z,ter_352f806f61114893b8ad32e5,05,Y,AUTHENTICATED,[],[],["Y"],["Y"],[],[],"[""AUTHENTICATION_SUCCESSFUL"",""COMPLETED""]",1
auth_payer_MJHB3924207Ni3T145n7d651,457553,20189822,CYBERSOURCE,2024-08-14T20:07:39.651Z,ter_352f806f61114893b8ad32e5,05,Y,AUTHENTICATED,[],[],["Y"],["Y"],["0"],[],"[""PENDING_AUTHENTICATION"",""AUTHENTICATION_SUCCESSFUL"",""COMPLETED""]",1
auth_payer_PRh14324207Exrv14n77u340,445827,20189822,CYBERSOURCE,2024-08-14T20:07:43.340Z,ter_352f806f61114893b8ad32e5,05,Y,AUTHENTICATED,[],[],["Y"],["Y"],[],[],"[""AUTHENTICATION_SUCCESSFUL"",""COMPLETED""]",1
auth_payer_IL7a5624207TXHO14ff74161,445827,20189822,CYBERSOURCE,2024-08-14T20:07:56.161Z,ter_352f806f61114893b8ad32e5,05,Y,AUTHENTICATED,[],[],["Y"],["Y"],["0"],[],"[""PENDING_AUTHENTICATION"",""AUTHENTICATION_SUCCESSFUL"",""COMPLETED""]",1
auth_payer_Eqa24324208dCLd14Sk7r863,445827,20189822,CYBERSOURCE,2024-08-14T20:08:43.864Z,ter_352f806f61114893b8ad32e5,07,R,FAILED,[],[],["Y"],["R"],[],[],"[""AUTHENTICATION_FAILED"",""COMPLETED""]",1
auth_payer_RABZ5324208SJuI14sh7s31,445827,20189822,CYBERSOURCE,2024-08-14T20:08:53.031Z,ter_352f806f61114893b8ad32e5,,,INITIATED,[],[],[],[],[],[],["COMPLETED"],1
auth_payer_9yjH824209pOGS14Kq79337,445827,20189822,CYBERSOURCE,2024-08-14T20:09:08.337Z,ter_352f806f61114893b8ad32e5,05,Y,AUTHENTICATED,[],[],["Y"],["Y"],["0"],[],"[""PENDING_AUTHENTICATION"",""AUTHENTICATION_SUCCESSFUL"",""COMPLETED""]",1
auth_payer_pdI712242010LPlG14Ur73839,478295,20189822,CYBERSOURCE,2024-08-14T20:10:12.839Z,ter_352f806f61114893b8ad32e5,05,Y,AUTHENTICATED,[],[],["Y"],["Y"],["0"],[],"[""PENDING_AUTHENTICATION"",""AUTHENTICATION_SUCCESSFUL"",""COMPLETED""]",1
auth_payer_9KO040242010EbNO14OQ7z227,464452,20189822,CYBERSOURCE,2024-08-14T20:10:40.227Z,ter_352f806f61114893b8ad32e5,05,Y,AUTHENTICATED,[],[],["Y"],["Y"],["0"],[],"[""PENDING_AUTHENTICATION"",""AUTHENTICATION_SUCCESSFUL"",""COMPLETED""]",1
auth_payer_ylbP26242011dRVh14i57y43,445827,20189822,CYBERSOURCE,2024-08-14T20:11:26.043Z,ter_352f806f61114893b8ad32e5,,,INITIATED,[],[],[],[],[],[],["COMPLETED"],1
auth_payer_xOiR3242013vRSe14eh7b624,445827,20189822,CYBERSOURCE,2024-08-14T20:13:03.624Z,ter_352f806f61114893b8ad32e5,05,Y,AUTHENTICATED,[],[],["Y"],["Y"],[],[],"[""AUTHENTICATION_SUCCESSFUL"",""COMPLETED""]",1
auth_payer_1g1p12242014po5f14NS7G645,464452,20189822,CYBERSOURCE,2024-08-14T20:14:12.645Z,ter_352f806f61114893b8ad32e5,05,Y,AUTHENTICATED,[],[],["Y"],["Y"],["0"],[],"[""PENDING_AUTHENTICATION"",""AUTHENTICATION_SUCCESSFUL"",""COMPLETED""]",1
auth_payer_j3yg59242014dH5M14zE7x434,445827,20189822,CYBERSOURCE,2024-08-14T20:14:59.434Z,ter_352f806f61114893b8ad32e5,,,INITIATED,[],[],[],[],[],[],["COMPLETED"],1
auth_payer_I0U122242015cx3r14di7W128,445827,20189822,CYBERSOURCE,2024-08-14T20:15:22.128Z,ter_352f806f61114893b8ad32e5,05,Y,AUTHENTICATED,[],[],["Y"],["Y"],[],[],"[""AUTHENTICATION_SUCCESSFUL"",""COMPLETED""]",1
auth_payer_M6Sr43242015SjGq145y7B910,445827,20189822,CYBERSOURCE,2024-08-14T20:15:43.910Z,ter_352f806f61114893b8ad32e5,05,Y,AUTHENTICATED,[],[],["Y"],["Y"],["0"],[],"[""PENDING_AUTHENTICATION"",""AUTHENTICATION_SUCCESSFUL"",""COMPLETED""]",1
auth_payer_YWX053242018KZAm14bk7s209,445827,20189822,CYBERSOURCE,2024-08-14T20:18:53.209Z,ter_352f806f61114893b8ad32e5,05,Y,AUTHENTICATED,[],[],["Y"],["Y"],["0"],[],"[""PENDING_AUTHENTICATION"",""AUTHENTICATION_SUCCESSFUL"",""COMPLETED""]",1
auth_payer_VCU531242020mbMQ14tQ7G521,483432,20189822,CYBERSOURCE,2024-08-14T20:20:31.521Z,ter_352f806f61114893b8ad32e5,05,Y,AUTHENTICATED,[],[],["Y"],["Y"],["0"],[],"[""PENDING_AUTHENTICATION"",""AUTHENTICATION_SUCCESSFUL"",""COMPLETED""]",1
auth_payer_7fjL442420217bQu14jg7y293,524646,20189822,CYBERSOURCE,2024-08-14T20:21:44.293Z,ter_352f806f61114893b8ad32e5,02,Y,AUTHENTICATED,[],[],["Y"],["Y"],["0"],[],"[""PENDING_AUTHENTICATION"",""AUTHENTICATION_SUCCESSFUL"",""COMPLETED""]",1
auth_payer_cKUc4824202263zV14Af7P714,445827,20189822,CYBERSOURCE,2024-08-14T20:22:48.714Z,ter_352f806f61114893b8ad32e5,,,INITIATED,[],[],[],[],[],[],["COMPLETED"],1
auth_payer_2CfA13242023vcDX140O76705,489022,20189822,CYBERSOURCE,2024-08-14T20:23:13.705Z,ter_352f806f61114893b8ad32e5,05,Y,AUTHENTICATED,[],[],["Y"],["Y"],["0"],[],"[""PENDING_AUTHENTICATION"",""AUTHENTICATION_SUCCESSFUL"",""COMPLETED""]",1
auth_payer_dq6P19242024rGRv14fx7p839,445827,20189822,CYBERSOURCE,2024-08-14T20:24:19.839Z,ter_352f806f61114893b8ad32e5,05,Y,AUTHENTICATED,[],[],["Y"],["Y"],["0"],[],"[""PENDING_AUTHENTICATION"",""AUTHENTICATION_SUCCESSFUL"",""COMPLETED""]",1
auth_payer_AjPJ442420254sPj14CI7v431,445827,20189822,CYBERSOURCE,2024-08-14T20:25:44.431Z,ter_352f806f61114893b8ad32e5,,,INITIATED,[],[],[],[],[],[],["COMPLETED"],1
auth_payer_EXhR11242026qOXz14r77v319,445827,20189822,CYBERSOURCE,2024-08-14T20:26:11.319Z,ter_352f806f61114893b8ad32e5,05,Y,AUTHENTICATED,[],[],["Y"],["Y"],[],[],"[""AUTHENTICATION_SUCCESSFUL"",""COMPLETED""]",1
auth_payer_QQj142242026D2JT14bB7s417,481206,20189822,CYBERSOURCE,2024-08-14T20:26:42.417Z,ter_352f806f61114893b8ad32e5,05,Y,AUTHENTICATED,[],[],["Y"],["Y"],["0"],[],"[""PENDING_AUTHENTICATION"",""AUTHENTICATION_SUCCESSFUL"",""COMPLETED""]",1
auth_payer_Y0RN4242028d1cY14ze7e737,543199,20189822,CYBERSOURCE,2024-08-14T20:28:04.737Z,ter_352f806f61114893b8ad32e5,02,Y,AUTHENTICATED,[],[],["Y"],["Y"],["0"],[],"[""PENDING_AUTHENTICATION"",""AUTHENTICATION_SUCCESSFUL"",""COMPLETED""]",1
auth_payer_0Qem26242030oIUb14BQ7A865,445827,20189822,CYBERSOURCE,2024-08-14T20:30:26.865Z,ter_352f806f61114893b8ad32e5,05,Y,AUTHENTICATED,[],[],["Y"],["Y"],["0"],[],"[""PENDING_AUTHENTICATION"",""AUTHENTICATION_SUCCESSFUL"",""COMPLETED""]",1
auth_payer_ahYc42242032xFBi14ds71232,445827,20189822,CYBERSOURCE,2024-08-14T20:32:42.232Z,ter_352f806f61114893b8ad32e5,05,Y,AUTHENTICATED,[],[],["Y"],["Y"],["0"],[],"[""PENDING_AUTHENTICATION"",""AUTHENTICATION_SUCCESSFUL"",""COMPLETED""]",1
auth_payer_v23S44242032RD3g14ys7P489,411092,20189822,CYBERSOURCE,2024-08-14T20:32:44.489Z,ter_352f806f61114893b8ad32e5,05,Y,AUTHENTICATED,[],[],["Y"],["Y"],["0"],[],"[""PENDING_AUTHENTICATION"",""AUTHENTICATION_SUCCESSFUL"",""COMPLETED""]",1
auth_payer_XRbJ10242035orDK14bf77599,445827,20189822,CYBERSOURCE,2024-08-14T20:35:10.599Z,ter_352f806f61114893b8ad32e5,05,Y,AUTHENTICATED,[],[],["Y"],["Y"],["0"],[],"[""PENDING_AUTHENTICATION"",""AUTHENTICATION_SUCCESSFUL"",""COMPLETED""]",1
auth_payer_fTor112420358uyG140771265,489022,20189822,CYBERSOURCE,2024-08-14T20:35:11.265Z,ter_352f806f61114893b8ad32e5,05,Y,AUTHENTICATED,[],[],["Y"],["Y"],["0"],[],"[""PENDING_AUTHENTICATION"",""AUTHENTICATION_SUCCESSFUL"",""COMPLETED""]",1
auth_payer_jEva2242036heDx14lt7d452,537461,20189822,CYBERSOURCE,2024-08-14T20:36:02.453Z,ter_352f806f61114893b8ad32e5,00,R,FAILED,[],[],["Y"],["R"],[],[],"[""AUTHENTICATION_FAILED"",""COMPLETED""]",1
auth_payer_uoXd56242037Of5N14rc7S242,445827,20189822,CYBERSOURCE,2024-08-14T20:37:56.242Z,ter_352f806f61114893b8ad32e5,05,Y,AUTHENTICATED,[],[],["Y"],["Y"],["0"],[],"[""PENDING_AUTHENTICATION"",""AUTHENTICATION_SUCCESSFUL"",""COMPLETED""]",1
auth_payer_93IW4242038Ktj714xx7m984,445827,20189822,CYBERSOURCE,2024-08-14T20:38:04.984Z,ter_352f806f61114893b8ad32e5,05,Y,AUTHENTICATED,[],[],["Y"],["Y"],[],[],"[""AUTHENTICATION_SUCCESSFUL"",""COMPLETED""]",1
auth_payer_sizb5242038kmR514Ne7o676,543199,20189822,CYBERSOURCE,2024-08-14T20:38:05.676Z,ter_352f806f61114893b8ad32e5,02,Y,AUTHENTICATED,[],[],["Y"],["Y"],["0"],[],"[""PENDING_AUTHENTICATION"",""AUTHENTICATION_SUCCESSFUL"",""COMPLETED""]",1
auth_payer_kaXA17242039NKQd14sg7v520,537461,20189822,CYBERSOURCE,2024-08-14T20:39:17.521Z,ter_352f806f61114893b8ad32e5,00,R,FAILED,[],[],["Y"],["R"],[],[],"[""AUTHENTICATION_FAILED"",""COMPLETED""]",1
auth_payer_rgWi3242041lD5K148r7L559,445827,20189822,CYBERSOURCE,2024-08-14T20:41:03.559Z,ter_352f806f61114893b8ad32e5,05,Y,AUTHENTICATED,[],[],["Y"],["Y"],[],[],"[""AUTHENTICATION_SUCCESSFUL"",""COMPLETED""]",1
auth_payer_AFtT524204395x414zL7n641,428334,20189822,CYBERSOURCE,2024-08-14T20:43:05.641Z,ter_352f806f61114893b8ad32e5,05,Y,AUTHENTICATED,[],[],["Y"],["Y"],["0"],[],"[""PENDING_AUTHENTICATION"",""AUTHENTICATION_SUCCESSFUL"",""COMPLETED""]",1
auth_payer_YYMO10242043VFqP14Ed7286,537461,20189822,CYBERSOURCE,2024-08-14T20:43:10.086Z,ter_352f806f61114893b8ad32e5,00,R,FAILED,[],[],["Y"],["R"],[],[],"[""AUTHENTICATION_FAILED"",""COMPLETED""]",1
auth_payer_ryzD58242043WYga14el7l100,445827,20189822,CYBERSOURCE,2024-08-14T20:43:58.100Z,ter_352f806f61114893b8ad32e5,05,Y,AUTHENTICATED,[],[],["Y"],["Y"],[],[],"[""AUTHENTICATION_SUCCESSFUL"",""COMPLETED""]",1
auth_payer_v2zg222420475gM914AY7Q300,414627,20189822,CYBERSOURCE,2024-08-14T20:47:22.300Z,ter_352f806f61114893b8ad32e5,,,AUTHENTICATED,["201"],"[""A message element required as defined in Table A.1 is missing from the message. deviceChannel,""]",["U"],[],[],[],"[""AUTHENTICATION_SUCCESSFUL"",""COMPLETED""]",1
auth_payer_4K4Y3242048dJgF147f7t873,489022,20189822,CYBERSOURCE,2024-08-14T20:48:03.873Z,ter_352f806f61114893b8ad32e5,05,Y,AUTHENTICATED,[],[],["Y"],["Y"],["0"],[],"[""PENDING_AUTHENTICATION"",""AUTHENTICATION_SUCCESSFUL"",""COMPLETED""]",1
auth_payer_A69o27242049CjFV14Tr7S582,478296,20189822,CYBERSOURCE,2024-08-14T20:49:27.582Z,ter_352f806f61114893b8ad32e5,05,Y,AUTHENTICATED,[],[],["Y"],["Y"],["0"],[],"[""PENDING_AUTHENTICATION"",""AUTHENTICATION_SUCCESSFUL"",""COMPLETED""]",1
auth_payer_diuu392420493tdr14eK70531,414627,20189822,CYBERSOURCE,2024-08-14T20:49:39.531Z,ter_352f806f61114893b8ad32e5,05,Y,AUTHENTICATED,[],[],["Y"],["Y"],[],[],"[""AUTHENTICATION_SUCCESSFUL"",""COMPLETED""]",1
auth_payer_R54y32242050aCgE14cL7x354,524236,20189822,CYBERSOURCE,2024-08-14T20:50:32.354Z,ter_352f806f61114893b8ad32e5,,,PENDING,[],[],["Y"],[],[],[],"[""PENDING_AUTHENTICATION"",""COMPLETED""]",1
auth_payer_UOtY34242052Egu314G57g800,445827,20189822,CYBERSOURCE,2024-08-14T20:52:34.800Z,ter_352f806f61114893b8ad32e5,05,Y,AUTHENTICATED,[],[],["Y"],["Y"],["0"],[],"[""PENDING_AUTHENTICATION"",""AUTHENTICATION_SUCCESSFUL"",""COMPLETED""]",1
auth_payer_Xza716242056HulZ14lF7F853,485932,20189822,CYBERSOURCE,2024-08-14T20:56:16.853Z,ter_352f806f61114893b8ad32e5,07,R,FAILED,[],[],["Y"],["R"],[],[],"[""AUTHENTICATION_FAILED"",""COMPLETED""]",1
auth_payer_tyVW182420575B5C14qU7d736,445827,20189822,CYBERSOURCE,2024-08-14T20:57:18.736Z,ter_352f806f61114893b8ad32e5,05,Y,AUTHENTICATED,[],[],["Y"],["Y"],["0"],[],"[""PENDING_AUTHENTICATION"",""AUTHENTICATION_SUCCESSFUL"",""COMPLETED""]",1
auth_payer_FatX44242057KuER14DO7949,524646,20189822,CYBERSOURCE,2024-08-14T20:57:44.049Z,ter_352f806f61114893b8ad32e5,02,Y,AUTHENTICATED,[],[],["Y"],["Y"],["0"],[],"[""PENDING_AUTHENTICATION"",""AUTHENTICATION_SUCCESSFUL"",""COMPLETED""]",1
auth_payer_rCng15242058tyxd14eH79638,445827,20189822,CYBERSOURCE,2024-08-14T20:58:15.638Z,ter_352f806f61114893b8ad32e5,05,Y,AUTHENTICATED,[],[],["Y"],["Y"],["0"],[],"[""PENDING_AUTHENTICATION"",""AUTHENTICATION_SUCCESSFUL"",""COMPLETED""]",1
auth_payer_3VLM37242058sAVs14MO7l165,445827,20189822,CYBERSOURCE,2024-08-14T20:58:37.165Z,ter_352f806f61114893b8ad32e5,07,N,FAILED,[],[],["Y"],["N"],["9"],[],"[""PENDING_AUTHENTICATION"",""AUTHENTICATION_FAILED"",""COMPLETED""]",1
auth_payer_dQ2Z55242058AbRE14Vo7Q772,524236,20189822,CYBERSOURCE,2024-08-14T20:58:55.772Z,ter_352f806f61114893b8ad32e5,02,Y,AUTHENTICATED,[],[],["Y"],["Y"],["0"],[],"[""PENDING_AUTHENTICATION"",""AUTHENTICATION_SUCCESSFUL"",""COMPLETED""]",1
auth_payer_d8UW2824211sdit148F78466,445827,20189822,CYBERSOURCE,2024-08-14T21:01:28.467Z,ter_352f806f61114893b8ad32e5,05,Y,AUTHENTICATED,[],[],["Y"],["Y"],["0"],[],"[""PENDING_AUTHENTICATION"",""AUTHENTICATION_SUCCESSFUL"",""COMPLETED""]",1
auth_payer_bPvO4824211aUaI14JQ7J232,524646,20189822,CYBERSOURCE,2024-08-14T21:01:48.232Z,ter_352f806f61114893b8ad32e5,02,Y,AUTHENTICATED,[],[],["Y"],["Y"],["0"],[],"[""PENDING_AUTHENTICATION"",""AUTHENTICATION_SUCCESSFUL"",""COMPLETED""]",1
auth_payer_SyHs2524212IMyM14Ks7T58,445827,20189822,CYBERSOURCE,2024-08-14T21:02:25.058Z,ter_352f806f61114893b8ad32e5,05,Y,AUTHENTICATED,[],[],["Y"],["Y"],["0"],[],"[""PENDING_AUTHENTICATION"",""AUTHENTICATION_SUCCESSFUL"",""COMPLETED""]",1
auth_payer_k70y5224212hqtr144H7l463,445827,20189822,CYBERSOURCE,2024-08-14T21:02:52.463Z,ter_352f806f61114893b8ad32e5,,,INITIATED,[],[],[],[],[],[],["COMPLETED"],1
auth_payer_g6Jd5224212IqJs14q575691,445827,20189822,CYBERSOURCE,2024-08-14T21:02:52.692Z,ter_352f806f61114893b8ad32e5,05,Y,AUTHENTICATED,[],[],["Y"],["Y"],["0"],[],"[""PENDING_AUTHENTICATION"",""AUTHENTICATION_SUCCESSFUL"",""COMPLETED""]",1
auth_payer_QudF3324213UauK14YW7O529,445827,20189822,CYBERSOURCE,2024-08-14T21:03:33.529Z,ter_352f806f61114893b8ad32e5,05,Y,AUTHENTICATED,[],[],["Y"],["Y"],["0"],[],"[""PENDING_AUTHENTICATION"",""AUTHENTICATION_SUCCESSFUL"",""COMPLETED""]",1
auth_payer_tGyR5924213NyuD14tX79997,445827,20189822,CYBERSOURCE,2024-08-14T21:03:59.997Z,ter_352f806f61114893b8ad32e5,05,Y,AUTHENTICATED,[],[],["Y"],["Y"],["0"],[],"[""PENDING_AUTHENTICATION"",""AUTHENTICATION_SUCCESSFUL"",""COMPLETED""]",1
auth_payer_lhyq3424214ByTx14vH7U542,414627,20189822,CYBERSOURCE,2024-08-14T21:04:34.542Z,ter_352f806f61114893b8ad32e5,05,Y,AUTHENTICATED,[],[],["Y"],["Y"],["0"],[],"[""PENDING_AUTHENTICATION"",""AUTHENTICATION_SUCCESSFUL"",""COMPLETED""]",1
auth_payer_TUuS524215KyM814sD7p526,445827,20189822,CYBERSOURCE,2024-08-14T21:05:05.526Z,ter_352f806f61114893b8ad32e5,05,Y,AUTHENTICATED,[],[],["Y"],["Y"],[],[],"[""AUTHENTICATION_SUCCESSFUL"",""COMPLETED""]",1
auth_payer_rRyR19242154H2b14Tq7437,445827,20189822,CYBERSOURCE,2024-08-14T21:05:19.037Z,ter_352f806f61114893b8ad32e5,07,R,FAILED,[],[],["Y"],["R"],[],[],"[""AUTHENTICATION_FAILED"",""COMPLETED""]",1
auth_payer_ZHso2124215bZ2N14cO7Q76,454887,20189822,CYBERSOURCE,2024-08-14T21:05:21.076Z,ter_352f806f61114893b8ad32e5,,,AUTHENTICATED,["201"],"[""A message element required as defined in Table A.1 is missing from the message. deviceChannel,""]",["U"],[],[],[],"[""AUTHENTICATION_SUCCESSFUL"",""COMPLETED""]",1
auth_payer_WY9c2824216tKs314S97f642,445827,20189822,CYBERSOURCE,2024-08-14T21:06:28.642Z,ter_352f806f61114893b8ad32e5,07,R,FAILED,[],[],["Y"],["R"],[],[],"[""AUTHENTICATION_FAILED"",""COMPLETED""]",1
auth_payer_h4Q855242166rLX14Ih7e633,445827,20189822,CYBERSOURCE,2024-08-14T21:06:55.633Z,ter_352f806f61114893b8ad32e5,,,AUTHENTICATED,["201"],"[""A message element required as defined in Table A.1 is missing from the message. deviceChannel,""]",["U"],[],[],[],"[""AUTHENTICATION_SUCCESSFUL"",""COMPLETED""]",1
auth_payer_uNab1424217NrkB14Ah7g492,445827,20189822,CYBERSOURCE,2024-08-14T21:07:14.492Z,ter_352f806f61114893b8ad32e5,05,Y,AUTHENTICATED,[],[],["Y"],["Y"],[],[],"[""AUTHENTICATION_SUCCESSFUL"",""COMPLETED""]",1
auth_payer_gHGO1624217Tru414zP7J225,489022,20189822,CYBERSOURCE,2024-08-14T21:07:16.225Z,ter_352f806f61114893b8ad32e5,05,Y,AUTHENTICATED,[],[],["Y"],["Y"],["0"],[],"[""PENDING_AUTHENTICATION"",""AUTHENTICATION_SUCCESSFUL"",""COMPLETED""]",1
auth_payer_M3U32024217l8bB14WO75826,445827,20189822,CYBERSOURCE,2024-08-14T21:07:20.826Z,ter_352f806f61114893b8ad32e5,05,Y,AUTHENTICATED,[],[],["Y"],["Y"],["0"],[],"[""PENDING_AUTHENTICATION"",""AUTHENTICATION_SUCCESSFUL"",""COMPLETED""]",1
auth_payer_uzt82524217HuJG14Hi7t437,414627,20189822,CYBERSOURCE,2024-08-14T21:07:25.437Z,ter_352f806f61114893b8ad32e5,05,Y,AUTHENTICATED,[],[],["Y"],["Y"],["0"],[],"[""PENDING_AUTHENTICATION"",""AUTHENTICATION_SUCCESSFUL"",""COMPLETED""]",1
auth_payer_viVR2624218tX9O14dm78369,454887,20189822,CYBERSOURCE,2024-08-14T21:08:26.369Z,ter_352f806f61114893b8ad32e5,05,Y,AUTHENTICATED,[],[],["Y"],["Y"],["0"],[],"[""PENDING_AUTHENTICATION"",""AUTHENTICATION_SUCCESSFUL"",""COMPLETED""]",1
auth_payer_MI5a1824219Rvqr14Cb7G444,445827,20189822,CYBERSOURCE,2024-08-14T21:09:18.444Z,ter_352f806f61114893b8ad32e5,05,Y,AUTHENTICATED,[],[],["Y"],["Y"],["0"],[],"[""PENDING_AUTHENTICATION"",""AUTHENTICATION_SUCCESSFUL"",""COMPLETED""]",1
auth_payer_F1mY382421925Hy14R07p111,451607,20189822,CYBERSOURCE,2024-08-14T21:09:38.111Z,ter_352f806f61114893b8ad32e5,07,N,FAILED,[],[],["Y"],["N"],["9"],[],"[""PENDING_AUTHENTICATION"",""AUTHENTICATION_FAILED"",""COMPLETED""]",1
auth_payer_qpI14724219VVre14Z47f676,429927,20189822,CYBERSOURCE,2024-08-14T21:09:47.676Z,ter_352f806f61114893b8ad32e5,05,Y,AUTHENTICATED,[],[],["Y"],["Y"],["0"],[],"[""PENDING_AUTHENTICATION"",""AUTHENTICATION_SUCCESSFUL"",""COMPLETED""]",1
auth_payer_Lzpf35242110EAgF14d77x852,445827,20189822,CYBERSOURCE,2024-08-14T21:10:35.852Z,ter_352f806f61114893b8ad32e5,05,Y,AUTHENTICATED,[],[],["Y"],["Y"],["0"],[],"[""PENDING_AUTHENTICATION"",""AUTHENTICATION_SUCCESSFUL"",""COMPLETED""]",1
auth_payer_YUpy56242110FyDe14DE7I168,485932,20189822,CYBERSOURCE,2024-08-14T21:10:56.168Z,ter_352f806f61114893b8ad32e5,07,R,FAILED,[],[],["Y"],["R"],[],[],"[""AUTHENTICATION_FAILED"",""COMPLETED""]",1
auth_payer_7XGP22242111BGEF14Fe72904,445827,20189822,CYBERSOURCE,2024-08-14T21:11:22.904Z,ter_352f806f61114893b8ad32e5,05,Y,AUTHENTICATED,[],[],["Y"],["Y"],["0"],[],"[""PENDING_AUTHENTICATION"",""AUTHENTICATION_SUCCESSFUL"",""COMPLETED""]",1
auth_payer_aCd713242112bfjN14gz7i410,445827,20189822,CYBERSOURCE,2024-08-14T21:12:13.410Z,ter_352f806f61114893b8ad32e5,05,Y,AUTHENTICATED,[],[],["Y"],["Y"],["0"],[],"[""PENDING_AUTHENTICATION"",""AUTHENTICATION_SUCCESSFUL"",""COMPLETED""]",1
auth_payer_1ERN34242112n5sP14G07l704,445827,20189822,CYBERSOURCE,2024-08-14T21:12:34.704Z,ter_352f806f61114893b8ad32e5,05,Y,AUTHENTICATED,[],[],["Y"],["Y"],["0"],[],"[""PENDING_AUTHENTICATION"",""AUTHENTICATION_SUCCESSFUL"",""COMPLETED""]",1
auth_payer_R0Xu1242113EXG414dA7m310,446673,20189822,CYBERSOURCE,2024-08-14T21:13:01.310Z,ter_352f806f61114893b8ad32e5,,,AUTHENTICATED,["201"],"[""A message element required as defined in Table A.1 is missing from the message. deviceChannel,""]",["U"],[],[],[],"[""AUTHENTICATION_SUCCESSFUL"",""COMPLETED""]",1
auth_payer_MIYy25242113oITf14uh71102,445827,20189822,CYBERSOURCE,2024-08-14T21:13:25.103Z,ter_352f806f61114893b8ad32e5,05,Y,AUTHENTICATED,[],[],["Y"],["Y"],["0"],[],"[""PENDING_AUTHENTICATION"",""AUTHENTICATION_SUCCESSFUL"",""COMPLETED""]",1
auth_payer_dEJP29242113mb8H14yq72821,445827,20189822,CYBERSOURCE,2024-08-14T21:13:29.821Z,ter_352f806f61114893b8ad32e5,05,Y,AUTHENTICATED,[],[],["Y"],["Y"],["0"],[],"[""PENDING_AUTHENTICATION"",""AUTHENTICATION_SUCCESSFUL"",""COMPLETED""]",1
auth_payer_2lGi332421137n3u14hM7d252,445827,20189822,CYBERSOURCE,2024-08-14T21:13:33.252Z,ter_352f806f61114893b8ad32e5,07,U,AUTHENTICATED,[],[],["Y"],["U"],["6"],[],"[""PENDING_AUTHENTICATION"",""AUTHENTICATION_SUCCESSFUL"",""COMPLETED""]",1
auth_payer_ekVX55242113E8pi14Vh7O929,445827,20189822,CYBERSOURCE,2024-08-14T21:13:55.929Z,ter_352f806f61114893b8ad32e5,05,Y,AUTHENTICATED,[],[],["Y"],["Y"],["0"],[],"[""PENDING_AUTHENTICATION"",""AUTHENTICATION_SUCCESSFUL"",""COMPLETED""]",1
auth_payer_neO542421148qG014yY7h99,445827,20189822,CYBERSOURCE,2024-08-14T21:14:04.099Z,ter_352f806f61114893b8ad32e5,05,Y,AUTHENTICATED,[],[],["Y"],["Y"],[],[],"[""AUTHENTICATION_SUCCESSFUL"",""COMPLETED""]",1
auth_payer_p0n434242114ViZS14PF7y224,445827,20189822,CYBERSOURCE,2024-08-14T21:14:34.224Z,ter_352f806f61114893b8ad32e5,05,Y,AUTHENTICATED,[],[],["Y"],["Y"],["0"],[],"[""PENDING_AUTHENTICATION"",""AUTHENTICATION_SUCCESSFUL"",""COMPLETED""]",1
auth_payer_oS5f48242114lUmh14d97b594,445827,20189822,CYBERSOURCE,2024-08-14T21:14:48.594Z,ter_352f806f61114893b8ad32e5,05,Y,AUTHENTICATED,[],[],["Y"],["Y"],["0"],[],"[""PENDING_AUTHENTICATION"",""AUTHENTICATION_SUCCESSFUL"",""COMPLETED""]",1
auth_payer_svUu4242115LSJj14qY7h467,445827,20189822,CYBERSOURCE,2024-08-14T21:15:04.467Z,ter_352f806f61114893b8ad32e5,05,Y,AUTHENTICATED,[],[],["Y"],["Y"],["0"],[],"[""PENDING_AUTHENTICATION"",""AUTHENTICATION_SUCCESSFUL"",""COMPLETED""]",1
auth_payer_fKrY17242115vzvc14pc7Q549,457553,20189822,CYBERSOURCE,2024-08-14T21:15:17.549Z,ter_352f806f61114893b8ad32e5,05,Y,AUTHENTICATED,[],[],["Y"],["Y"],["0"],[],"[""PENDING_AUTHENTICATION"",""AUTHENTICATION_SUCCESSFUL"",""COMPLETED""]",1
auth_payer_lj7q17242115I60s14PQ75832,445827,20189822,CYBERSOURCE,2024-08-14T21:15:17.832Z,ter_352f806f61114893b8ad32e5,05,Y,AUTHENTICATED,[],[],["Y"],["Y"],["0"],[],"[""PENDING_AUTHENTICATION"",""AUTHENTICATION_SUCCESSFUL"",""COMPLETED""]",1
auth_payer_8Wnm40242115Z6Q3147r7H288,445827,20189822,CYBERSOURCE,2024-08-14T21:15:40.288Z,ter_352f806f61114893b8ad32e5,05,Y,AUTHENTICATED,[],[],["Y"],["Y"],["0"],[],"[""PENDING_AUTHENTICATION"",""AUTHENTICATION_SUCCESSFUL"",""COMPLETED""]",1
auth_payer_YFZy52242115WFtx146i7U102,445827,20189822,CYBERSOURCE,2024-08-14T21:15:52.102Z,ter_352f806f61114893b8ad32e5,05,Y,AUTHENTICATED,[],[],["Y"],["Y"],["0"],[],"[""PENDING_AUTHENTICATION"",""AUTHENTICATION_SUCCESSFUL"",""COMPLETED""]",1
auth_payer_7Qk2372421162A34144Q7B945,445827,20189822,CYBERSOURCE,2024-08-14T21:16:37.945Z,ter_352f806f61114893b8ad32e5,05,Y,AUTHENTICATED,[],[],["Y"],["Y"],["0"],[],"[""PENDING_AUTHENTICATION"",""AUTHENTICATION_SUCCESSFUL"",""COMPLETED""]",1
auth_payer_p54A39242117dkZi14Rl7a336,445827,20189822,CYBERSOURCE,2024-08-14T21:17:39.336Z,ter_352f806f61114893b8ad32e5,05,Y,AUTHENTICATED,[],[],["Y"],["Y"],["0"],[],"[""PENDING_AUTHENTICATION"",""AUTHENTICATION_SUCCESSFUL"",""COMPLETED""]",1
auth_payer_GG5U47242117DzVZ14zS7W307,445827,20189822,CYBERSOURCE,2024-08-14T21:17:47.307Z,ter_352f806f61114893b8ad32e5,05,Y,AUTHENTICATED,[],[],["Y"],["Y"],["0"],[],"[""PENDING_AUTHENTICATION"",""AUTHENTICATION_SUCCESSFUL"",""COMPLETED""]",1
auth_payer_ySqD2242118QUW1143973578,446673,20189822,CYBERSOURCE,2024-08-14T21:18:02.578Z,ter_352f806f61114893b8ad32e5,,,AUTHENTICATED,["201"],"[""A message element required as defined in Table A.1 is missing from the message. deviceChannel,""]",["U"],[],[],[],"[""AUTHENTICATION_SUCCESSFUL"",""COMPLETED""]",1
auth_payer_oeFr32421180Nf314xC7Y911,405433,20189822,CYBERSOURCE,2024-08-14T21:18:03.911Z,ter_352f806f61114893b8ad32e5,05,Y,AUTHENTICATED,[],[],["Y"],["Y"],[],[],"[""AUTHENTICATION_SUCCESSFUL"",""COMPLETED""]",1
auth_payer_QhYY33242118lG2N14Su7z743,445827,20189822,CYBERSOURCE,2024-08-14T21:18:33.743Z,ter_352f806f61114893b8ad32e5,05,Y,AUTHENTICATED,[],[],["Y"],["Y"],["0"],[],"[""PENDING_AUTHENTICATION"",""AUTHENTICATION_SUCCESSFUL"",""COMPLETED""]",1
auth_payer_cJ4X02421193Af414jB7k103,445827,20189822,CYBERSOURCE,2024-08-14T21:19:00.103Z,ter_352f806f61114893b8ad32e5,05,Y,AUTHENTICATED,[],[],["Y"],["Y"],["0"],[],"[""PENDING_AUTHENTICATION"",""AUTHENTICATION_SUCCESSFUL"",""COMPLETED""]",1
auth_payer_Y7q6352421195hFn145l7n655,445827,20189822,CYBERSOURCE,2024-08-14T21:19:35.655Z,ter_352f806f61114893b8ad32e5,05,Y,AUTHENTICATED,[],[],["Y"],["Y"],["0"],[],"[""PENDING_AUTHENTICATION"",""AUTHENTICATION_SUCCESSFUL"",""COMPLETED""]",1
auth_payer_smIl332421209Qvx14bf7J405,445827,20189822,CYBERSOURCE,2024-08-14T21:20:33.405Z,ter_352f806f61114893b8ad32e5,07,R,FAILED,[],[],["Y"],["R"],[],[],"[""AUTHENTICATION_FAILED"",""COMPLETED""]",1
auth_payer_jf4N54242120K2HC14oI7b324,457553,20189822,CYBERSOURCE,2024-08-14T21:20:54.324Z,ter_352f806f61114893b8ad32e5,05,Y,AUTHENTICATED,[],[],["Y"],["Y"],["0"],[],"[""PENDING_AUTHENTICATION"",""AUTHENTICATION_SUCCESSFUL"",""COMPLETED""]",1
auth_payer_HFSY1724212107HT14s57D282,445827,20189822,CYBERSOURCE,2024-08-14T21:21:17.282Z,ter_352f806f61114893b8ad32e5,07,R,FAILED,[],[],["Y"],["R"],[],[],"[""AUTHENTICATION_FAILED"",""COMPLETED""]",1
auth_payer_yksK282421226Lzn14AB7S218,445827,20189822,CYBERSOURCE,2024-08-14T21:22:28.218Z,ter_352f806f61114893b8ad32e5,05,Y,AUTHENTICATED,[],[],["Y"],["Y"],[],[],"[""AUTHENTICATION_SUCCESSFUL"",""COMPLETED""]",1
auth_payer_JlJL59242122UMVi14YF7F344,445827,20189822,CYBERSOURCE,2024-08-14T21:22:59.345Z,ter_352f806f61114893b8ad32e5,05,Y,AUTHENTICATED,[],[],["Y"],["Y"],["0"],[],"[""PENDING_AUTHENTICATION"",""AUTHENTICATION_SUCCESSFUL"",""COMPLETED""]",1
auth_payer_R3EO32421234dJQ14637684,445827,20189822,CYBERSOURCE,2024-08-14T21:23:03.084Z,ter_352f806f61114893b8ad32e5,,,INITIATED,[],[],[],[],[],[],["COMPLETED"],1
auth_payer_GL8z2242124XF7m14fO7o112,445827,20189822,CYBERSOURCE,2024-08-14T21:24:02.112Z,ter_352f806f61114893b8ad32e5,05,Y,AUTHENTICATED,[],[],["Y"],["Y"],["0"],[],"[""PENDING_AUTHENTICATION"",""AUTHENTICATION_SUCCESSFUL"",""COMPLETED""]",1
auth_payer_GAGN29242124t55O14cM77834,445827,20189822,CYBERSOURCE,2024-08-14T21:24:29.834Z,ter_352f806f61114893b8ad32e5,05,Y,AUTHENTICATED,[],[],["Y"],["Y"],["0"],[],"[""PENDING_AUTHENTICATION"",""AUTHENTICATION_SUCCESSFUL"",""COMPLETED""]",1
auth_payer_2W4937242124dbzp14NP7V33,445827,20189822,CYBERSOURCE,2024-08-14T21:24:37.033Z,ter_352f806f61114893b8ad32e5,05,Y,AUTHENTICATED,[],[],["Y"],["Y"],["0"],[],"[""PENDING_AUTHENTICATION"",""AUTHENTICATION_SUCCESSFUL"",""COMPLETED""]",1
auth_payer_Wgvf51242124QfyF14A77j551,445827,20189822,CYBERSOURCE,2024-08-14T21:24:51.551Z,ter_352f806f61114893b8ad32e5,,,INITIATED,[],[],[],[],[],[],["COMPLETED"],1
auth_payer_JgIJ36242125iVGK14k77i174,445827,20189822,CYBERSOURCE,2024-08-14T21:25:36.174Z,ter_352f806f61114893b8ad32e5,05,Y,AUTHENTICATED,[],[],["Y"],["Y"],["0"],[],"[""PENDING_AUTHENTICATION"",""AUTHENTICATION_SUCCESSFUL"",""COMPLETED""]",1
auth_payer_PsBR5242126Ft8Z14t67l981,445827,20189822,CYBERSOURCE,2024-08-14T21:26:05.981Z,ter_352f806f61114893b8ad32e5,05,Y,AUTHENTICATED,[],[],["Y"],["Y"],[],[],"[""AUTHENTICATION_SUCCESSFUL"",""COMPLETED""]",1
auth_payer_jK3c26242126vG6I14BF7V459,445827,20189822,CYBERSOURCE,2024-08-14T21:26:26.460Z,ter_352f806f61114893b8ad32e5,,,INITIATED,[],[],[],[],[],[],["COMPLETED"],1
auth_payer_tOZq31242126tcVt14vt7I669,445827,20189822,CYBERSOURCE,2024-08-14T21:26:31.669Z,ter_352f806f61114893b8ad32e5,05,Y,AUTHENTICATED,[],[],["Y"],["Y"],["0"],[],"[""PENDING_AUTHENTICATION"",""AUTHENTICATION_SUCCESSFUL"",""COMPLETED""]",1
auth_payer_g2Sr17242127LE1Q14x87C1,445827,20189822,CYBERSOURCE,2024-08-14T21:27:17.001Z,ter_352f806f61114893b8ad32e5,05,Y,AUTHENTICATED,[],[],["Y"],["Y"],["0"],[],"[""PENDING_AUTHENTICATION"",""AUTHENTICATION_SUCCESSFUL"",""COMPLETED""]",1
auth_payer_cu0a29242129AMAX14MX7N759,457553,20189822,CYBERSOURCE,2024-08-14T21:29:29.759Z,ter_352f806f61114893b8ad32e5,05,Y,AUTHENTICATED,[],[],["Y"],["Y"],["0"],[],"[""PENDING_AUTHENTICATION"",""AUTHENTICATION_SUCCESSFUL"",""COMPLETED""]",1
auth_payer_QThf2924213053on14cv7i317,445827,20189822,CYBERSOURCE,2024-08-14T21:30:29.317Z,ter_352f806f61114893b8ad32e5,05,Y,AUTHENTICATED,[],[],["Y"],["Y"],["0"],[],"[""PENDING_AUTHENTICATION"",""AUTHENTICATION_SUCCESSFUL"",""COMPLETED""]",1
auth_payer_rbNa50242131poUa14O57926,457553,20189822,CYBERSOURCE,2024-08-14T21:31:50.026Z,ter_352f806f61114893b8ad32e5,05,Y,AUTHENTICATED,[],[],["Y"],["Y"],["0"],[],"[""PENDING_AUTHENTICATION"",""AUTHENTICATION_SUCCESSFUL"",""COMPLETED""]",1
auth_payer_97UC11242132SpOZ14ze7p384,457553,20189822,CYBERSOURCE,2024-08-14T21:32:11.385Z,ter_352f806f61114893b8ad32e5,05,Y,AUTHENTICATED,[],[],["Y"],["Y"],["0"],[],"[""PENDING_AUTHENTICATION"",""AUTHENTICATION_SUCCESSFUL"",""COMPLETED""]",1
auth_payer_jDYf32242132gYNf14nn7g794,445827,20189822,CYBERSOURCE,2024-08-14T21:32:32.794Z,ter_352f806f61114893b8ad32e5,05,Y,AUTHENTICATED,[],[],["Y"],["Y"],[],[],"[""AUTHENTICATION_SUCCESSFUL"",""COMPLETED""]",1
auth_payer_LeyU56242132NBgR14eI75386,445827,20189822,CYBERSOURCE,2024-08-14T21:32:56.386Z,ter_352f806f61114893b8ad32e5,05,Y,AUTHENTICATED,[],[],["Y"],["Y"],[],[],"[""AUTHENTICATION_SUCCESSFUL"",""COMPLETED""]",1
auth_payer_mzD78242133gCHL148B71730,445827,20189822,CYBERSOURCE,2024-08-14T21:33:08.730Z,ter_352f806f61114893b8ad32e5,05,Y,AUTHENTICATED,[],[],["Y"],["Y"],["0"],[],"[""PENDING_AUTHENTICATION"",""AUTHENTICATION_SUCCESSFUL"",""COMPLETED""]",1
auth_payer_nVDQ10242134QtDZ14hr7z14,445827,20189822,CYBERSOURCE,2024-08-14T21:34:10.014Z,ter_352f806f61114893b8ad32e5,05,Y,AUTHENTICATED,[],[],["Y"],["Y"],["0"],[],"[""PENDING_AUTHENTICATION"",""AUTHENTICATION_SUCCESSFUL"",""COMPLETED""]",1
auth_payer_aVeQ42242134KUDv14ar7i121,445827,20189822,CYBERSOURCE,2024-08-14T21:34:42.121Z,ter_352f806f61114893b8ad32e5,05,Y,AUTHENTICATED,[],[],["Y"],["Y"],["0"],[],"[""PENDING_AUTHENTICATION"",""AUTHENTICATION_SUCCESSFUL"",""COMPLETED""]",1
auth_payer_39eu20242135ukOn143C7x219,541802,20189822,CYBERSOURCE,2024-08-14T21:35:20.219Z,ter_352f806f61114893b8ad32e5,02,Y,AUTHENTICATED,[],[],["Y"],["Y"],["0"],[],"[""PENDING_AUTHENTICATION"",""AUTHENTICATION_SUCCESSFUL"",""COMPLETED""]",1
auth_payer_d3Oy46242135yjWS14sA7e871,445827,20189822,CYBERSOURCE,2024-08-14T21:35:46.871Z,ter_352f806f61114893b8ad32e5,05,Y,AUTHENTICATED,[],[],["Y"],["Y"],["0"],[],"[""PENDING_AUTHENTICATION"",""AUTHENTICATION_SUCCESSFUL"",""COMPLETED""]",1
auth_payer_KehX58242135eEvE14GE7I228,418347,20189822,CYBERSOURCE,2024-08-14T21:35:58.228Z,ter_352f806f61114893b8ad32e5,05,Y,AUTHENTICATED,[],[],["Y"],["Y"],["0"],[],"[""PENDING_AUTHENTICATION"",""AUTHENTICATION_SUCCESSFUL"",""COMPLETED""]",1
auth_payer_IOH817242136OyrC14KU7B912,443913,20189822,CYBERSOURCE,2024-08-14T21:36:17.912Z,ter_352f806f61114893b8ad32e5,07,N,FAILED,[],[],["Y"],["N"],["9"],[],"[""PENDING_AUTHENTICATION"",""AUTHENTICATION_FAILED"",""COMPLETED""]",1
auth_payer_0OP528242137QFVu14QY7p450,445827,20189822,CYBERSOURCE,2024-08-14T21:37:28.450Z,ter_352f806f61114893b8ad32e5,05,Y,AUTHENTICATED,[],[],["Y"],["Y"],["0"],[],"[""PENDING_AUTHENTICATION"",""AUTHENTICATION_SUCCESSFUL"",""COMPLETED""]",1
auth_payer_Hbyb27242138EXR614Bc7v724,445827,20189822,CYBERSOURCE,2024-08-14T21:38:27.724Z,ter_352f806f61114893b8ad32e5,05,Y,AUTHENTICATED,[],[],["Y"],["Y"],["0"],[],"[""PENDING_AUTHENTICATION"",""AUTHENTICATION_SUCCESSFUL"",""COMPLETED""]",1
auth_payer_SVsd7242139ZFbD14jj7220,414627,20189822,CYBERSOURCE,2024-08-14T21:39:07.020Z,ter_352f806f61114893b8ad32e5,05,Y,AUTHENTICATED,[],[],["Y"],["Y"],["0"],[],"[""PENDING_AUTHENTICATION"",""AUTHENTICATION_SUCCESSFUL"",""COMPLETED""]",1
auth_payer_mBzC22242140r8U914mO7c907,457553,20189822,CYBERSOURCE,2024-08-14T21:40:22.907Z,ter_352f806f61114893b8ad32e5,05,Y,AUTHENTICATED,[],[],["Y"],["Y"],["0"],[],"[""PENDING_AUTHENTICATION"",""AUTHENTICATION_SUCCESSFUL"",""COMPLETED""]",1
auth_payer_qMja40242140vg2914Mt7q488,445827,20189822,CYBERSOURCE,2024-08-14T21:40:40.488Z,ter_352f806f61114893b8ad32e5,05,Y,AUTHENTICATED,[],[],["Y"],["Y"],["0"],[],"[""PENDING_AUTHENTICATION"",""AUTHENTICATION_SUCCESSFUL"",""COMPLETED""]",1
auth_payer_Rnfk9242142HjBz144s7F115,451607,20189822,CYBERSOURCE,2024-08-14T21:42:09.115Z,ter_352f806f61114893b8ad32e5,07,N,FAILED,[],[],["Y"],["N"],["9"],[],"[""PENDING_AUTHENTICATION"",""AUTHENTICATION_FAILED"",""COMPLETED""]",1
auth_payer_Ych446242143tVcA14ap7Q204,445827,20189822,CYBERSOURCE,2024-08-14T21:43:46.204Z,ter_352f806f61114893b8ad32e5,05,Y,AUTHENTICATED,[],[],["Y"],["Y"],["0"],[],"[""PENDING_AUTHENTICATION"",""AUTHENTICATION_SUCCESSFUL"",""COMPLETED""]",1
auth_payer_7ak751242143cWms14aS7A439,445827,20189822,CYBERSOURCE,2024-08-14T21:43:51.440Z,ter_352f806f61114893b8ad32e5,05,Y,AUTHENTICATED,[],[],["Y"],["Y"],["0"],[],"[""PENDING_AUTHENTICATION"",""AUTHENTICATION_SUCCESSFUL"",""COMPLETED""]",1
auth_payer_ntQl37242144ZCPo14UG7p227,457927,20189822,CYBERSOURCE,2024-08-14T21:44:37.227Z,ter_352f806f61114893b8ad32e5,05,Y,AUTHENTICATED,[],[],["Y"],["Y"],["0"],[],"[""PENDING_AUTHENTICATION"",""AUTHENTICATION_SUCCESSFUL"",""COMPLETED""]",1
auth_payer_tKTL50242144JND014s67b721,410683,20189822,CYBERSOURCE,2024-08-14T21:44:50.721Z,ter_352f806f61114893b8ad32e5,05,Y,AUTHENTICATED,[],[],["Y"],["Y"],["0"],[],"[""PENDING_AUTHENTICATION"",""AUTHENTICATION_SUCCESSFUL"",""COMPLETED""]",1
auth_payer_WLaJ51242144UA0p14Vo7I370,445827,20189822,CYBERSOURCE,2024-08-14T21:44:51.370Z,ter_352f806f61114893b8ad32e5,05,Y,AUTHENTICATED,[],[],["Y"],["Y"],["0"],[],"[""PENDING_AUTHENTICATION"",""AUTHENTICATION_SUCCESSFUL"",""COMPLETED""]",1
auth_payer_u9qq50242145VkED14lP7U405,445827,20189822,CYBERSOURCE,2024-08-14T21:45:50.405Z,ter_352f806f61114893b8ad32e5,05,Y,AUTHENTICATED,[],[],["Y"],["Y"],["0"],[],"[""PENDING_AUTHENTICATION"",""AUTHENTICATION_SUCCESSFUL"",""COMPLETED""]",1
auth_payer_pbyZ59242146SuT214l07p573,405433,20189822,CYBERSOURCE,2024-08-14T21:46:59.573Z,ter_352f806f61114893b8ad32e5,05,Y,AUTHENTICATED,[],[],["Y"],["Y"],[],[],"[""AUTHENTICATION_SUCCESSFUL"",""COMPLETED""]",1
auth_payer_3uzd724214781gb14Rb7y315,445827,20189822,CYBERSOURCE,2024-08-14T21:47:07.315Z,ter_352f806f61114893b8ad32e5,05,Y,AUTHENTICATED,[],[],["Y"],["Y"],["0"],[],"[""PENDING_AUTHENTICATION"",""AUTHENTICATION_SUCCESSFUL"",""COMPLETED""]",1
auth_payer_Iry5102421484QVi14Y07d145,445827,20189822,CYBERSOURCE,2024-08-14T21:48:10.145Z,ter_352f806f61114893b8ad32e5,05,Y,AUTHENTICATED,[],[],["Y"],["Y"],[],[],"[""AUTHENTICATION_SUCCESSFUL"",""COMPLETED""]",1
auth_payer_Fp7R14242148tdDv148V7u759,445827,20189822,CYBERSOURCE,2024-08-14T21:48:14.760Z,ter_352f806f61114893b8ad32e5,05,Y,AUTHENTICATED,[],[],["Y"],["Y"],["0"],[],"[""PENDING_AUTHENTICATION"",""AUTHENTICATION_SUCCESSFUL"",""COMPLETED""]",1
auth_payer_ie0y58242148stgo14qH7x763,403872,20189822,CYBERSOURCE,2024-08-14T21:48:58.763Z,ter_352f806f61114893b8ad32e5,,,PENDING,[],[],["Y"],[],[],[],"[""PENDING_AUTHENTICATION"",""COMPLETED""]",1
auth_payer_vkj041242150Yo9m14u67q925,403872,20189822,CYBERSOURCE,2024-08-14T21:50:41.926Z,ter_352f806f61114893b8ad32e5,05,Y,AUTHENTICATED,[],[],["Y"],["Y"],["0"],[],"[""PENDING_AUTHENTICATION"",""AUTHENTICATION_SUCCESSFUL"",""COMPLETED""]",1
auth_payer_3vbP50242151C9g314Wx7P570,445827,20189822,CYBERSOURCE,2024-08-14T21:51:50.570Z,ter_352f806f61114893b8ad32e5,05,Y,AUTHENTICATED,[],[],["Y"],["Y"],["0"],[],"[""PENDING_AUTHENTICATION"",""AUTHENTICATION_SUCCESSFUL"",""COMPLETED""]",1
auth_payer_AKVB18242153UuMK14Ai71995,445827,20189822,CYBERSOURCE,2024-08-14T21:53:18.995Z,ter_352f806f61114893b8ad32e5,05,Y,AUTHENTICATED,[],[],["Y"],["Y"],[],[],"[""AUTHENTICATION_SUCCESSFUL"",""COMPLETED""]",1
auth_payer_P3mk47242156zZlC147f7v786,428679,20189822,CYBERSOURCE,2024-08-14T21:56:47.786Z,ter_352f806f61114893b8ad32e5,05,Y,AUTHENTICATED,[],[],["Y"],["Y"],["0"],[],"[""PENDING_AUTHENTICATION"",""AUTHENTICATION_SUCCESSFUL"",""COMPLETED""]",1
auth_payer_K2RK57242156HYZe147S73958,445827,20189822,CYBERSOURCE,2024-08-14T21:56:57.958Z,ter_352f806f61114893b8ad32e5,05,Y,AUTHENTICATED,[],[],["Y"],["Y"],[],[],"[""AUTHENTICATION_SUCCESSFUL"",""COMPLETED""]",1
auth_payer_TCuF49242157883C14Qk7l922,403872,20189822,CYBERSOURCE,2024-08-14T21:57:49.922Z,ter_352f806f61114893b8ad32e5,05,Y,AUTHENTICATED,[],[],["Y"],["Y"],["0"],[],"[""PENDING_AUTHENTICATION"",""AUTHENTICATION_SUCCESSFUL"",""COMPLETED""]",1
auth_payer_ukaM824215831DZ14yq7z831,433072,20189822,CYBERSOURCE,2024-08-14T21:58:08.831Z,ter_352f806f61114893b8ad32e5,05,Y,AUTHENTICATED,[],[],["Y"],["Y"],["0"],[],"[""PENDING_AUTHENTICATION"",""AUTHENTICATION_SUCCESSFUL"",""COMPLETED""]",1
auth_payer_SvtJ122421591UAG142j7a515,542747,20189822,CYBERSOURCE,2024-08-14T21:59:12.515Z,ter_352f806f61114893b8ad32e5,02,Y,AUTHENTICATED,[],[],["Y"],["Y"],["0"],[],"[""PENDING_AUTHENTICATION"",""AUTHENTICATION_SUCCESSFUL"",""COMPLETED""]",1
auth_payer_05AZ34242159H7um147G74546,445827,20189822,CYBERSOURCE,2024-08-14T21:59:34.546Z,ter_352f806f61114893b8ad32e5,05,Y,AUTHENTICATED,[],[],["Y"],["Y"],["0"],[],"[""PENDING_AUTHENTICATION"",""AUTHENTICATION_SUCCESSFUL"",""COMPLETED""]",1
auth_payer_3g5y3524220GvxE143u7f791,545205,20189822,CYBERSOURCE,2024-08-14T22:00:35.792Z,ter_352f806f61114893b8ad32e5,02,Y,AUTHENTICATED,[],[],["Y"],["Y"],["0"],[],"[""PENDING_AUTHENTICATION"",""AUTHENTICATION_SUCCESSFUL"",""COMPLETED""]",1
auth_payer_uo4e4624220lDxA14k77x284,483115,20189822,CYBERSOURCE,2024-08-14T22:00:46.284Z,ter_352f806f61114893b8ad32e5,05,Y,AUTHENTICATED,[],[],["Y"],["Y"],["0"],[],"[""PENDING_AUTHENTICATION"",""AUTHENTICATION_SUCCESSFUL"",""COMPLETED""]",1
auth_payer_1Bmb46242202Af214VT7O550,445827,20189822,CYBERSOURCE,2024-08-14T22:00:46.550Z,ter_352f806f61114893b8ad32e5,05,Y,AUTHENTICATED,[],[],["Y"],["Y"],[],[],"[""AUTHENTICATION_SUCCESSFUL"",""COMPLETED""]",1
auth_payer_7x68524221FCP614IN7O801,457927,20189822,CYBERSOURCE,2024-08-14T22:01:05.801Z,ter_352f806f61114893b8ad32e5,05,Y,AUTHENTICATED,[],[],["Y"],["Y"],["0"],[],"[""PENDING_AUTHENTICATION"",""AUTHENTICATION_SUCCESSFUL"",""COMPLETED""]",1
auth_payer_6qpA5424221YJdC14t07I463,445827,20189822,CYBERSOURCE,2024-08-14T22:01:54.463Z,ter_352f806f61114893b8ad32e5,05,Y,AUTHENTICATED,[],[],["Y"],["Y"],["0"],[],"[""PENDING_AUTHENTICATION"",""AUTHENTICATION_SUCCESSFUL"",""COMPLETED""]",1
auth_payer_g4nN5624221o35R14lF7o983,445827,20189822,CYBERSOURCE,2024-08-14T22:01:56.983Z,ter_352f806f61114893b8ad32e5,05,Y,AUTHENTICATED,[],[],["Y"],["Y"],[],[],"[""AUTHENTICATION_SUCCESSFUL"",""COMPLETED""]",1
auth_payer_xlkZ624222rkWz14YU7f716,524646,20189822,CYBERSOURCE,2024-08-14T22:02:06.717Z,ter_352f806f61114893b8ad32e5,02,Y,AUTHENTICATED,[],[],["Y"],["Y"],["0"],[],"[""PENDING_AUTHENTICATION"",""AUTHENTICATION_SUCCESSFUL"",""COMPLETED""]",1
auth_payer_Xsku5224223zMEv14hg7f877,445827,20189822,CYBERSOURCE,2024-08-14T22:03:52.877Z,ter_352f806f61114893b8ad32e5,05,Y,AUTHENTICATED,[],[],["Y"],["Y"],[],[],"[""AUTHENTICATION_SUCCESSFUL"",""COMPLETED""]",1
auth_payer_jtsG31242249v4914Zf7l548,445827,20189822,CYBERSOURCE,2024-08-14T22:04:31.548Z,ter_352f806f61114893b8ad32e5,05,Y,AUTHENTICATED,[],[],["Y"],["Y"],[],[],"[""AUTHENTICATION_SUCCESSFUL"",""COMPLETED""]",1
auth_payer_IyGP2924225NpQa14L77Y774,445827,20189822,CYBERSOURCE,2024-08-14T22:05:29.774Z,ter_352f806f61114893b8ad32e5,05,Y,AUTHENTICATED,[],[],["Y"],["Y"],["0"],[],"[""PENDING_AUTHENTICATION"",""AUTHENTICATION_SUCCESSFUL"",""COMPLETED""]",1
auth_payer_pGIq5924225cgTD14iQ7p245,433072,20189822,CYBERSOURCE,2024-08-14T22:05:59.245Z,ter_352f806f61114893b8ad32e5,,,AUTHENTICATED,["201"],"[""A message element required as defined in Table A.1 is missing from the message. deviceChannel,""]",["U"],[],[],[],"[""AUTHENTICATION_SUCCESSFUL"",""COMPLETED""]",1
auth_payer_tzPN2824226CJ0114Az7J631,445827,20189822,CYBERSOURCE,2024-08-14T22:06:28.632Z,ter_352f806f61114893b8ad32e5,05,Y,AUTHENTICATED,[],[],["Y"],["Y"],["0"],[],"[""PENDING_AUTHENTICATION"",""AUTHENTICATION_SUCCESSFUL"",""COMPLETED""]",1
auth_payer_f7nc3224226UMs514b57f432,429927,20189822,CYBERSOURCE,2024-08-14T22:06:32.432Z,ter_352f806f61114893b8ad32e5,05,Y,AUTHENTICATED,[],[],["Y"],["Y"],[],[],"[""AUTHENTICATION_SUCCESSFUL"",""COMPLETED""]",1
auth_payer_90z94024226Gbat14qU7d356,445827,20189822,CYBERSOURCE,2024-08-14T22:06:40.356Z,ter_352f806f61114893b8ad32e5,05,Y,AUTHENTICATED,[],[],["Y"],["Y"],[],[],"[""AUTHENTICATION_SUCCESSFUL"",""COMPLETED""]",1
auth_payer_6ZLE1924227mfdh14Vo7892,445827,20189822,CYBERSOURCE,2024-08-14T22:07:19.092Z,ter_352f806f61114893b8ad32e5,05,Y,AUTHENTICATED,[],[],["Y"],["Y"],["0"],[],"[""PENDING_AUTHENTICATION"",""AUTHENTICATION_SUCCESSFUL"",""COMPLETED""]",1
auth_payer_A8rp31242271rhf14Y57l980,405433,20189822,CYBERSOURCE,2024-08-14T22:07:31.980Z,ter_352f806f61114893b8ad32e5,05,Y,AUTHENTICATED,[],[],["Y"],["Y"],[],[],"[""AUTHENTICATION_SUCCESSFUL"",""COMPLETED""]",1
auth_payer_tClb41242283Tv614X67h742,433072,20189822,CYBERSOURCE,2024-08-14T22:08:41.742Z,ter_352f806f61114893b8ad32e5,,,PENDING,[],[],["Y"],[],[],[],"[""PENDING_AUTHENTICATION"",""COMPLETED""]",1
auth_payer_eSK34224229xdmX14cZ7q181,445827,20189822,CYBERSOURCE,2024-08-14T22:09:42.181Z,ter_352f806f61114893b8ad32e5,05,Y,AUTHENTICATED,[],[],["Y"],["Y"],["0"],[],"[""PENDING_AUTHENTICATION"",""AUTHENTICATION_SUCCESSFUL"",""COMPLETED""]",1
auth_payer_LbsK18242212YnQG14pQ7u669,445827,20189822,CYBERSOURCE,2024-08-14T22:12:18.670Z,ter_352f806f61114893b8ad32e5,05,Y,AUTHENTICATED,[],[],["Y"],["Y"],["0"],[],"[""PENDING_AUTHENTICATION"",""AUTHENTICATION_SUCCESSFUL"",""COMPLETED""]",1
auth_payer_eD5Z12242213UkJE14Oy7K819,445827,20189822,CYBERSOURCE,2024-08-14T22:13:12.819Z,ter_352f806f61114893b8ad32e5,05,Y,AUTHENTICATED,[],[],["Y"],["Y"],[],[],"[""AUTHENTICATION_SUCCESSFUL"",""COMPLETED""]",1
auth_payer_HYKq43242213zRPH14dP71817,445827,20189822,CYBERSOURCE,2024-08-14T22:13:43.818Z,ter_352f806f61114893b8ad32e5,05,Y,AUTHENTICATED,[],[],["Y"],["Y"],["0"],[],"[""PENDING_AUTHENTICATION"",""AUTHENTICATION_SUCCESSFUL"",""COMPLETED""]",1
auth_payer_Gd8x28242214mJT614Qx7H41,445827,20189822,CYBERSOURCE,2024-08-14T22:14:28.041Z,ter_352f806f61114893b8ad32e5,05,Y,AUTHENTICATED,[],[],["Y"],["Y"],[],[],"[""AUTHENTICATION_SUCCESSFUL"",""COMPLETED""]",1
auth_payer_WOS510242215iiOs144p70504,445827,20189822,CYBERSOURCE,2024-08-14T22:15:10.504Z,ter_352f806f61114893b8ad32e5,05,Y,AUTHENTICATED,[],[],["Y"],["Y"],["0"],[],"[""PENDING_AUTHENTICATION"",""AUTHENTICATION_SUCCESSFUL"",""COMPLETED""]",1
auth_payer_cLLe342422164kaK140q7n273,445827,20189822,CYBERSOURCE,2024-08-14T22:16:34.273Z,ter_352f806f61114893b8ad32e5,05,Y,AUTHENTICATED,[],[],["Y"],["Y"],["0"],[],"[""PENDING_AUTHENTICATION"",""AUTHENTICATION_SUCCESSFUL"",""COMPLETED""]",1
auth_payer_b5b02242217PJJT14HN7A19,445827,20189822,CYBERSOURCE,2024-08-14T22:17:02.019Z,ter_352f806f61114893b8ad32e5,05,Y,AUTHENTICATED,[],[],["Y"],["Y"],["0"],[],"[""PENDING_AUTHENTICATION"",""AUTHENTICATION_SUCCESSFUL"",""COMPLETED""]",1
auth_payer_evNI31242220oiDQ14OL7t941,445827,20189822,CYBERSOURCE,2024-08-14T22:20:31.941Z,ter_352f806f61114893b8ad32e5,05,Y,AUTHENTICATED,[],[],["Y"],["Y"],["0"],[],"[""PENDING_AUTHENTICATION"",""AUTHENTICATION_SUCCESSFUL"",""COMPLETED""]",1
auth_payer_xrfn36242220HE8W143b7S280,457553,20189822,CYBERSOURCE,2024-08-14T22:20:36.280Z,ter_352f806f61114893b8ad32e5,05,Y,AUTHENTICATED,[],[],["Y"],["Y"],["0"],[],"[""PENDING_AUTHENTICATION"",""AUTHENTICATION_SUCCESSFUL"",""COMPLETED""]",1
auth_payer_rUB850242224sQSd14ZV73455,532448,20189822,CYBERSOURCE,2024-08-14T22:24:50.455Z,ter_352f806f61114893b8ad32e5,02,Y,AUTHENTICATED,[],[],["Y"],["Y"],["0"],[],"[""PENDING_AUTHENTICATION"",""AUTHENTICATION_SUCCESSFUL"",""COMPLETED""]",1
auth_payer_3CY712242225vyik14ld7N136,445520,20189822,CYBERSOURCE,2024-08-14T22:25:12.136Z,ter_352f806f61114893b8ad32e5,05,Y,AUTHENTICATED,[],[],["Y"],["Y"],[],[],"[""AUTHENTICATION_SUCCESSFUL"",""COMPLETED""]",1
auth_payer_BHv643242227LXHO14lu7H276,483432,20189822,CYBERSOURCE,2024-08-14T22:27:43.276Z,ter_352f806f61114893b8ad32e5,05,Y,AUTHENTICATED,[],[],["Y"],["Y"],["0"],[],"[""PENDING_AUTHENTICATION"",""AUTHENTICATION_SUCCESSFUL"",""COMPLETED""]",1
auth_payer_z6Ae23242229qAM114vp7P201,446673,20189822,CYBERSOURCE,2024-08-14T22:29:23.201Z,ter_352f806f61114893b8ad32e5,,,AUTHENTICATED,["201"],"[""A message element required as defined in Table A.1 is missing from the message. deviceChannel,""]",["U"],[],[],[],"[""AUTHENTICATION_SUCCESSFUL"",""COMPLETED""]",1
auth_payer_eu0n0242230PQxU14R87l614,457553,20189822,CYBERSOURCE,2024-08-14T22:30:00.615Z,ter_352f806f61114893b8ad32e5,05,Y,AUTHENTICATED,[],[],["Y"],["Y"],["0"],[],"[""PENDING_AUTHENTICATION"",""AUTHENTICATION_SUCCESSFUL"",""COMPLETED""]",1
auth_payer_OJPf59242230MlCn14Q37J827,445827,20189822,CYBERSOURCE,2024-08-14T22:30:59.827Z,ter_352f806f61114893b8ad32e5,05,Y,AUTHENTICATED,[],[],["Y"],["Y"],["0"],[],"[""PENDING_AUTHENTICATION"",""AUTHENTICATION_SUCCESSFUL"",""COMPLETED""]",1
auth_payer_vrWC27242232iAmD14Am7F568,445827,20189822,CYBERSOURCE,2024-08-14T22:32:27.568Z,ter_352f806f61114893b8ad32e5,05,Y,AUTHENTICATED,[],[],["Y"],["Y"],[],[],"[""AUTHENTICATION_SUCCESSFUL"",""COMPLETED""]",1
auth_payer_Enur2242234HLOg14KJ7b228,445827,20189822,CYBERSOURCE,2024-08-14T22:34:02.228Z,ter_352f806f61114893b8ad32e5,05,Y,AUTHENTICATED,[],[],["Y"],["Y"],[],[],"[""AUTHENTICATION_SUCCESSFUL"",""COMPLETED""]",1
auth_payer_8OEH22242234jcMS143S7T283,445827,20189822,CYBERSOURCE,2024-08-14T22:34:22.283Z,ter_352f806f61114893b8ad32e5,05,Y,AUTHENTICATED,[],[],["Y"],["Y"],["0"],[],"[""PENDING_AUTHENTICATION"",""AUTHENTICATION_SUCCESSFUL"",""COMPLETED""]",1
auth_payer_e5A756242236eGk214qU7v460,445827,20189822,CYBERSOURCE,2024-08-14T22:36:56.460Z,ter_352f806f61114893b8ad32e5,05,Y,AUTHENTICATED,[],[],["Y"],["Y"],["0"],[],"[""PENDING_AUTHENTICATION"",""AUTHENTICATION_SUCCESSFUL"",""COMPLETED""]",1
auth_payer_PPgZ41242237H2CX144c7644,437335,20189822,CYBERSOURCE,2024-08-14T22:37:41.044Z,ter_352f806f61114893b8ad32e5,05,Y,AUTHENTICATED,[],[],["Y"],["Y"],["0"],[],"[""PENDING_AUTHENTICATION"",""AUTHENTICATION_SUCCESSFUL"",""COMPLETED""]",1
auth_payer_OUUe31242238nZ6H14Dj7R144,445827,20189822,CYBERSOURCE,2024-08-14T22:38:31.144Z,ter_352f806f61114893b8ad32e5,05,Y,AUTHENTICATED,[],[],["Y"],["Y"],["0"],[],"[""PENDING_AUTHENTICATION"",""AUTHENTICATION_SUCCESSFUL"",""COMPLETED""]",1
auth_payer_iVsA16242239kWHs140y72372,524197,20189822,CYBERSOURCE,2024-08-14T22:39:16.372Z,ter_352f806f61114893b8ad32e5,02,Y,AUTHENTICATED,[],[],["Y"],["Y"],["0"],[],"[""PENDING_AUTHENTICATION"",""AUTHENTICATION_SUCCESSFUL"",""COMPLETED""]",1
auth_payer_80ZL11242241SIFZ14CY7O259,405433,20189822,CYBERSOURCE,2024-08-14T22:41:11.259Z,ter_352f806f61114893b8ad32e5,05,Y,AUTHENTICATED,[],[],["Y"],["Y"],[],[],"[""AUTHENTICATION_SUCCESSFUL"",""COMPLETED""]",1
auth_payer_qt2t40242241HaiS144u7B46,445827,20189822,CYBERSOURCE,2024-08-14T22:41:40.046Z,ter_352f806f61114893b8ad32e5,05,Y,AUTHENTICATED,[],[],["Y"],["Y"],["0"],[],"[""PENDING_AUTHENTICATION"",""AUTHENTICATION_SUCCESSFUL"",""COMPLETED""]",1
auth_payer_AE0o12242242VpQs14CA7b385,445827,20189822,CYBERSOURCE,2024-08-14T22:42:12.385Z,ter_352f806f61114893b8ad32e5,,,INITIATED,[],[],[],[],[],[],["COMPLETED"],1
auth_payer_DdCo19242243qob1142d7l832,445827,20189822,CYBERSOURCE,2024-08-14T22:43:19.832Z,ter_352f806f61114893b8ad32e5,05,Y,AUTHENTICATED,[],[],["Y"],["Y"],["0"],[],"[""PENDING_AUTHENTICATION"",""AUTHENTICATION_SUCCESSFUL"",""COMPLETED""]",1
auth_payer_jrIe26242245bL1K14EO7u535,445827,20189822,CYBERSOURCE,2024-08-14T22:45:26.535Z,ter_352f806f61114893b8ad32e5,05,Y,AUTHENTICATED,[],[],["Y"],["Y"],["0"],[],"[""PENDING_AUTHENTICATION"",""AUTHENTICATION_SUCCESSFUL"",""COMPLETED""]",1
auth_payer_qfYM12242248SsTK14uZ7V882,445827,20189822,CYBERSOURCE,2024-08-14T22:48:12.882Z,ter_352f806f61114893b8ad32e5,05,Y,AUTHENTICATED,[],[],["Y"],["Y"],["0"],[],"[""PENDING_AUTHENTICATION"",""AUTHENTICATION_SUCCESSFUL"",""COMPLETED""]",1
auth_payer_eOTn28242248OvxX14hr7E730,445521,20189822,CYBERSOURCE,2024-08-14T22:48:28.730Z,ter_352f806f61114893b8ad32e5,05,Y,AUTHENTICATED,[],[],["Y"],["Y"],["0"],[],"[""PENDING_AUTHENTICATION"",""AUTHENTICATION_SUCCESSFUL"",""COMPLETED""]",1
auth_payer_GAfn37242248Zq4Y14Hv7I532,445827,20189822,CYBERSOURCE,2024-08-14T22:48:37.532Z,ter_352f806f61114893b8ad32e5,05,Y,AUTHENTICATED,[],[],["Y"],["Y"],["0"],[],"[""PENDING_AUTHENTICATION"",""AUTHENTICATION_SUCCESSFUL"",""COMPLETED""]",1
auth_payer_PcBL9242255Tnyx14ru7a921,445827,20189822,CYBERSOURCE,2024-08-14T22:55:09.921Z,ter_352f806f61114893b8ad32e5,05,Y,AUTHENTICATED,[],[],["Y"],["Y"],[],[],"[""AUTHENTICATION_SUCCESSFUL"",""COMPLETED""]",1
auth_payer_0VRN1724230sN4D14U47n242,457553,20189822,CYBERSOURCE,2024-08-14T23:00:17.242Z,ter_352f806f61114893b8ad32e5,05,Y,AUTHENTICATED,[],[],["Y"],["Y"],["0"],[],"[""PENDING_AUTHENTICATION"",""AUTHENTICATION_SUCCESSFUL"",""COMPLETED""]",1
auth_payer_QRMZ3524237TCa114e97j739,489022,20189822,CYBERSOURCE,2024-08-14T23:07:35.739Z,ter_352f806f61114893b8ad32e5,05,Y,AUTHENTICATED,[],[],["Y"],["Y"],["0"],[],"[""PENDING_AUTHENTICATION"",""AUTHENTICATION_SUCCESSFUL"",""COMPLETED""]",1
auth_payer_f98j824238E07A144l75468,445827,20189822,CYBERSOURCE,2024-08-14T23:08:08.469Z,ter_352f806f61114893b8ad32e5,05,Y,AUTHENTICATED,[],[],["Y"],["Y"],[],[],"[""AUTHENTICATION_SUCCESSFUL"",""COMPLETED""]",1
auth_payer_TBJq392423101oQm14Oe7e210,552012,20189822,CYBERSOURCE,2024-08-14T23:10:39.210Z,ter_352f806f61114893b8ad32e5,,,AUTHENTICATED,["201"],"[""A message element required as defined in Table A.1 is missing from the message. deviceChannel,""]",["U"],[],[],[],"[""AUTHENTICATION_SUCCESSFUL"",""COMPLETED""]",1
auth_payer_nCOm51242315NtYC14dJ7V24,485932,20189822,CYBERSOURCE,2024-08-14T23:15:51.024Z,ter_352f806f61114893b8ad32e5,07,R,FAILED,[],[],["Y"],["R"],[],[],"[""AUTHENTICATION_FAILED"",""COMPLETED""]",1
auth_payer_EMkO1124231608dG14uK7T739,445827,20189822,CYBERSOURCE,2024-08-14T23:16:11.739Z,ter_352f806f61114893b8ad32e5,05,Y,AUTHENTICATED,[],[],["Y"],["Y"],[],[],"[""AUTHENTICATION_SUCCESSFUL"",""COMPLETED""]",1
auth_payer_N5J125242318quQx14T37j461,552012,20189822,CYBERSOURCE,2024-08-14T23:18:25.462Z,ter_352f806f61114893b8ad32e5,02,Y,AUTHENTICATED,[],[],["Y"],["Y"],["0"],[],"[""PENDING_AUTHENTICATION"",""AUTHENTICATION_SUCCESSFUL"",""COMPLETED""]",1
auth_payer_FzrM50242326slls14Qv7265,545205,20189822,CYBERSOURCE,2024-08-14T23:26:50.065Z,ter_352f806f61114893b8ad32e5,02,Y,AUTHENTICATED,[],[],["Y"],["Y"],["0"],[],"[""PENDING_AUTHENTICATION"",""AUTHENTICATION_SUCCESSFUL"",""COMPLETED""]",1
auth_payer_cLqm8242333zVPZ14qB7l112,469308,20189822,CYBERSOURCE,2024-08-14T23:33:08.112Z,ter_352f806f61114893b8ad32e5,05,Y,AUTHENTICATED,[],[],["Y"],["Y"],["0"],[],"[""PENDING_AUTHENTICATION"",""AUTHENTICATION_SUCCESSFUL"",""COMPLETED""]",1
auth_payer_7p4d262423333FhD14fz7K43,445687,20189822,CYBERSOURCE,2024-08-14T23:33:26.043Z,ter_352f806f61114893b8ad32e5,05,Y,AUTHENTICATED,[],[],["Y"],["Y"],["0"],[],"[""PENDING_AUTHENTICATION"",""AUTHENTICATION_SUCCESSFUL"",""COMPLETED""]",1
auth_payer_mtZb26242336GklO14vL7e887,485932,20189822,CYBERSOURCE,2024-08-14T23:36:26.887Z,ter_352f806f61114893b8ad32e5,07,R,FAILED,[],[],["Y"],["R"],[],[],"[""AUTHENTICATION_FAILED"",""COMPLETED""]",1
auth_payer_EzTO02423389xVZ14XP7h441,445687,20189822,CYBERSOURCE,2024-08-14T23:38:00.441Z,ter_352f806f61114893b8ad32e5,05,Y,AUTHENTICATED,[],[],["Y"],["Y"],["0"],[],"[""PENDING_AUTHENTICATION"",""AUTHENTICATION_SUCCESSFUL"",""COMPLETED""]",1
auth_payer_DGvr2242339LJ3A147Y7m283,445827,20189822,CYBERSOURCE,2024-08-14T23:39:02.283Z,ter_352f806f61114893b8ad32e5,05,Y,AUTHENTICATED,[],[],["Y"],["Y"],["0"],[],"[""PENDING_AUTHENTICATION"",""AUTHENTICATION_SUCCESSFUL"",""COMPLETED""]",1
auth_payer_xmhN49242339G2oo140S7i968,445827,20189822,CYBERSOURCE,2024-08-14T23:39:49.968Z,ter_352f806f61114893b8ad32e5,05,Y,AUTHENTICATED,[],[],["Y"],["Y"],[],[],"[""AUTHENTICATION_SUCCESSFUL"",""COMPLETED""]",1
auth_payer_W7pA3242341mnk014dE7C144,454887,20189822,CYBERSOURCE,2024-08-14T23:41:03.144Z,ter_352f806f61114893b8ad32e5,05,Y,AUTHENTICATED,[],[],["Y"],["Y"],["0"],[],"[""PENDING_AUTHENTICATION"",""AUTHENTICATION_SUCCESSFUL"",""COMPLETED""]",1
auth_payer_20qR582423427ijD14jp7Z777,445827,20189822,CYBERSOURCE,2024-08-14T23:42:58.777Z,ter_352f806f61114893b8ad32e5,05,Y,AUTHENTICATED,[],[],["Y"],["Y"],[],[],"[""AUTHENTICATION_SUCCESSFUL"",""COMPLETED""]",1
auth_payer_0L6b39242344NczU14N379466,445827,20189822,CYBERSOURCE,2024-08-14T23:44:39.466Z,ter_352f806f61114893b8ad32e5,05,Y,AUTHENTICATED,[],[],["Y"],["Y"],["0"],[],"[""PENDING_AUTHENTICATION"",""AUTHENTICATION_SUCCESSFUL"",""COMPLETED""]",1
auth_payer_Tku429242346pGNg146T7V18,454887,20189822,CYBERSOURCE,2024-08-14T23:46:29.018Z,ter_352f806f61114893b8ad32e5,05,Y,AUTHENTICATED,[],[],["Y"],["Y"],["0"],[],"[""PENDING_AUTHENTICATION"",""AUTHENTICATION_SUCCESSFUL"",""COMPLETED""]",1
auth_payer_dZ5O53242346dObl14Ye7B200,445827,20189822,CYBERSOURCE,2024-08-14T23:46:53.200Z,ter_352f806f61114893b8ad32e5,05,Y,AUTHENTICATED,[],[],["Y"],["Y"],["0"],[],"[""PENDING_AUTHENTICATION"",""AUTHENTICATION_SUCCESSFUL"",""COMPLETED""]",1
auth_payer_TRHO47242348ozHJ148U7t943,445827,20189822,CYBERSOURCE,2024-08-14T23:48:47.943Z,ter_352f806f61114893b8ad32e5,05,Y,AUTHENTICATED,[],[],["Y"],["Y"],["0"],[],"[""PENDING_AUTHENTICATION"",""AUTHENTICATION_SUCCESSFUL"",""COMPLETED""]",1
auth_payer_2vCj15242352yQHO14Hh7a469,445520,20189822,CYBERSOURCE,2024-08-14T23:52:15.469Z,ter_352f806f61114893b8ad32e5,05,Y,AUTHENTICATED,[],[],["Y"],["Y"],[],[],"[""AUTHENTICATION_SUCCESSFUL"",""COMPLETED""]",1
auth_payer_QqVM2824235207N314kH7l67,498328,20189822,CYBERSOURCE,2024-08-14T23:52:28.067Z,ter_352f806f61114893b8ad32e5,07,N,FAILED,[],[],["Y"],["N"],[],[],"[""AUTHENTICATION_FAILED"",""COMPLETED""]",1
auth_payer_a4Gr45242352tI0J14kb70265,545205,20189822,CYBERSOURCE,2024-08-14T23:52:45.266Z,ter_352f806f61114893b8ad32e5,02,Y,AUTHENTICATED,[],[],["Y"],["Y"],["0"],[],"[""PENDING_AUTHENTICATION"",""AUTHENTICATION_SUCCESSFUL"",""COMPLETED""]",1
auth_payer_0KB09242356slj214F27o476,489328,20189822,CYBERSOURCE,2024-08-14T23:56:09.476Z,ter_352f806f61114893b8ad32e5,05,Y,AUTHENTICATED,[],[],["Y"],["Y"],["0"],[],"[""PENDING_AUTHENTICATION"",""AUTHENTICATION_SUCCESSFUL"",""COMPLETED""]",1
auth_payer_voz73242359VEq914417L898,454887,20189822,CYBERSOURCE,2024-08-14T23:59:03.899Z,ter_352f806f61114893b8ad32e5,05,Y,AUTHENTICATED,[],[],["Y"],["Y"],["0"],[],"[""PENDING_AUTHENTICATION"",""AUTHENTICATION_SUCCESSFUL"",""COMPLETED""]",1
auth_payer_8J76322408dlSC15hU7N849,445827,20189822,CYBERSOURCE,2024-08-15T00:08:32.849Z,ter_352f806f61114893b8ad32e5,05,Y,AUTHENTICATED,[],[],["Y"],["Y"],["0"],[],"[""PENDING_AUTHENTICATION"",""AUTHENTICATION_SUCCESSFUL"",""COMPLETED""]",1
auth_payer_QykR282401102Pm15jv7r221,445827,20189822,CYBERSOURCE,2024-08-15T00:11:28.221Z,ter_352f806f61114893b8ad32e5,05,Y,AUTHENTICATED,[],[],["Y"],["Y"],["0"],[],"[""PENDING_AUTHENTICATION"",""AUTHENTICATION_SUCCESSFUL"",""COMPLETED""]",1
auth_payer_CDU14424011g9S815Ho7K616,414627,20189822,CYBERSOURCE,2024-08-15T00:11:44.616Z,ter_352f806f61114893b8ad32e5,05,Y,AUTHENTICATED,[],[],["Y"],["Y"],["0"],[],"[""PENDING_AUTHENTICATION"",""AUTHENTICATION_SUCCESSFUL"",""COMPLETED""]",1
auth_payer_oLXA1024012fYKs154i7N889,433367,20189822,CYBERSOURCE,2024-08-15T00:12:10.889Z,ter_352f806f61114893b8ad32e5,05,Y,AUTHENTICATED,[],[],["Y"],["Y"],["0"],[],"[""PENDING_AUTHENTICATION"",""AUTHENTICATION_SUCCESSFUL"",""COMPLETED""]",1
auth_payer_ekng124013d1Di15nv7d26,445827,20189822,CYBERSOURCE,2024-08-15T00:13:01.026Z,ter_352f806f61114893b8ad32e5,05,Y,AUTHENTICATED,[],[],["Y"],["Y"],["0"],[],"[""PENDING_AUTHENTICATION"",""AUTHENTICATION_SUCCESSFUL"",""COMPLETED""]",1
auth_payer_dTHS4124015B8Wg15rb7e196,445827,20189822,CYBERSOURCE,2024-08-15T00:15:41.196Z,ter_352f806f61114893b8ad32e5,05,Y,AUTHENTICATED,[],[],["Y"],["Y"],["0"],[],"[""PENDING_AUTHENTICATION"",""AUTHENTICATION_SUCCESSFUL"",""COMPLETED""]",1
auth_payer_INVc2724016a6Xi15c87F825,445827,20189822,CYBERSOURCE,2024-08-15T00:16:27.825Z,ter_352f806f61114893b8ad32e5,05,Y,AUTHENTICATED,[],[],["Y"],["Y"],["0"],[],"[""PENDING_AUTHENTICATION"",""AUTHENTICATION_SUCCESSFUL"",""COMPLETED""]",1
auth_payer_Aa8z5524021AM0T15PL72247,445827,20189822,CYBERSOURCE,2024-08-15T00:21:55.248Z,ter_352f806f61114893b8ad32e5,05,Y,AUTHENTICATED,[],[],["Y"],["Y"],["0"],[],"[""PENDING_AUTHENTICATION"",""AUTHENTICATION_SUCCESSFUL"",""COMPLETED""]",1
auth_payer_JIhb5124022DnpJ15hH7Q483,445827,20189822,CYBERSOURCE,2024-08-15T00:22:51.483Z,ter_352f806f61114893b8ad32e5,05,Y,AUTHENTICATED,[],[],["Y"],["Y"],["0"],[],"[""PENDING_AUTHENTICATION"",""AUTHENTICATION_SUCCESSFUL"",""COMPLETED""]",1
auth_payer_FWpd3524026FWnL152B76305,445827,20189822,CYBERSOURCE,2024-08-15T00:26:35.306Z,ter_352f806f61114893b8ad32e5,05,Y,AUTHENTICATED,[],[],["Y"],["Y"],["0"],[],"[""PENDING_AUTHENTICATION"",""AUTHENTICATION_SUCCESSFUL"",""COMPLETED""]",1
auth_payer_6Eh1424029R5NM152U7m878,445520,20189822,CYBERSOURCE,2024-08-15T00:29:04.878Z,ter_352f806f61114893b8ad32e5,05,Y,AUTHENTICATED,[],[],["Y"],["Y"],[],[],"[""AUTHENTICATION_SUCCESSFUL"",""COMPLETED""]",1
auth_payer_hbNe1624030I53T15hc7043,445827,20189822,CYBERSOURCE,2024-08-15T00:30:16.043Z,ter_352f806f61114893b8ad32e5,05,Y,AUTHENTICATED,[],[],["Y"],["Y"],["0"],[],"[""PENDING_AUTHENTICATION"",""AUTHENTICATION_SUCCESSFUL"",""COMPLETED""]",1
auth_payer_hqz21524031HKGd15iK76455,457553,20189822,CYBERSOURCE,2024-08-15T00:31:15.455Z,ter_352f806f61114893b8ad32e5,05,Y,AUTHENTICATED,[],[],["Y"],["Y"],["0"],[],"[""PENDING_AUTHENTICATION"",""AUTHENTICATION_SUCCESSFUL"",""COMPLETED""]",1
auth_payer_SvPs2424035T6F615bX75451,445827,20189822,CYBERSOURCE,2024-08-15T00:35:24.451Z,ter_352f806f61114893b8ad32e5,05,Y,AUTHENTICATED,[],[],["Y"],["Y"],["0"],[],"[""PENDING_AUTHENTICATION"",""AUTHENTICATION_SUCCESSFUL"",""COMPLETED""]",1
auth_payer_LsWu56240395jdK15Wo7P816,445827,20189822,CYBERSOURCE,2024-08-15T00:39:56.817Z,ter_352f806f61114893b8ad32e5,05,Y,AUTHENTICATED,[],[],["Y"],["Y"],["0"],[],"[""PENDING_AUTHENTICATION"",""AUTHENTICATION_SUCCESSFUL"",""COMPLETED""]",1
auth_payer_tDSV4724040TcXC15v27r640,552075,20189822,CYBERSOURCE,2024-08-15T00:40:47.640Z,ter_352f806f61114893b8ad32e5,02,Y,AUTHENTICATED,[],[],["Y"],["Y"],["0"],[],"[""PENDING_AUTHENTICATION"",""AUTHENTICATION_SUCCESSFUL"",""COMPLETED""]",1
auth_payer_fm801524042Dl60158y7m922,445520,20189822,CYBERSOURCE,2024-08-15T00:42:15.922Z,ter_352f806f61114893b8ad32e5,05,Y,AUTHENTICATED,[],[],["Y"],["Y"],[],[],"[""AUTHENTICATION_SUCCESSFUL"",""COMPLETED""]",1
auth_payer_9EOz19240423HCk15mX7b743,445827,20189822,CYBERSOURCE,2024-08-15T00:42:19.743Z,ter_352f806f61114893b8ad32e5,05,Y,AUTHENTICATED,[],[],["Y"],["Y"],["0"],[],"[""PENDING_AUTHENTICATION"",""AUTHENTICATION_SUCCESSFUL"",""COMPLETED""]",1
auth_payer_naVG4324042Ixj9154m7H796,454887,20189822,CYBERSOURCE,2024-08-15T00:42:43.796Z,ter_352f806f61114893b8ad32e5,05,Y,AUTHENTICATED,[],[],["Y"],["Y"],["0"],[],"[""PENDING_AUTHENTICATION"",""AUTHENTICATION_SUCCESSFUL"",""COMPLETED""]",1
auth_payer_0kgt024044DxgW15nM7G911,445827,20189822,CYBERSOURCE,2024-08-15T00:44:00.911Z,ter_352f806f61114893b8ad32e5,05,Y,AUTHENTICATED,[],[],["Y"],["Y"],["0"],[],"[""PENDING_AUTHENTICATION"",""AUTHENTICATION_SUCCESSFUL"",""COMPLETED""]",1
auth_payer_6jnp824045uNJc15Hq7U915,414627,20189822,CYBERSOURCE,2024-08-15T00:45:08.915Z,ter_352f806f61114893b8ad32e5,05,Y,AUTHENTICATED,[],[],["Y"],["Y"],["0"],[],"[""PENDING_AUTHENTICATION"",""AUTHENTICATION_SUCCESSFUL"",""COMPLETED""]",1
auth_payer_Cf68024046tiZv152R7D656,541802,20189822,CYBERSOURCE,2024-08-15T00:46:00.657Z,ter_352f806f61114893b8ad32e5,02,Y,AUTHENTICATED,[],[],["Y"],["Y"],["0"],[],"[""PENDING_AUTHENTICATION"",""AUTHENTICATION_SUCCESSFUL"",""COMPLETED""]",1
auth_payer_OjAr5424052ESFi153e7E913,445827,20189822,CYBERSOURCE,2024-08-15T00:52:54.913Z,ter_352f806f61114893b8ad32e5,05,Y,AUTHENTICATED,[],[],["Y"],["Y"],["0"],[],"[""PENDING_AUTHENTICATION"",""AUTHENTICATION_SUCCESSFUL"",""COMPLETED""]",1
auth_payer_5zfB2724055y6oJ15HV7K145,433072,20189822,CYBERSOURCE,2024-08-15T00:55:27.145Z,ter_352f806f61114893b8ad32e5,05,Y,AUTHENTICATED,[],[],["Y"],["Y"],["0"],[],"[""PENDING_AUTHENTICATION"",""AUTHENTICATION_SUCCESSFUL"",""COMPLETED""]",1
auth_payer_r8xn2624056gPs715uJ7v57,445827,20189822,CYBERSOURCE,2024-08-15T00:56:26.057Z,ter_352f806f61114893b8ad32e5,05,Y,AUTHENTICATED,[],[],["Y"],["Y"],[],[],"[""AUTHENTICATION_SUCCESSFUL"",""COMPLETED""]",1
auth_payer_QLCR2124058FqC715l77L969,445827,20189822,CYBERSOURCE,2024-08-15T00:58:21.969Z,ter_352f806f61114893b8ad32e5,05,Y,AUTHENTICATED,[],[],["Y"],["Y"],["0"],[],"[""PENDING_AUTHENTICATION"",""AUTHENTICATION_SUCCESSFUL"",""COMPLETED""]",1
auth_payer_WUgE212412Szto15x377637,457553,20189822,CYBERSOURCE,2024-08-15T01:02:21.637Z,ter_352f806f61114893b8ad32e5,07,N,FAILED,[],[],["Y"],["N"],["9"],[],"[""PENDING_AUTHENTICATION"",""AUTHENTICATION_FAILED"",""COMPLETED""]",1
auth_payer_M6NI282415G0JM154N7b218,445827,20189822,CYBERSOURCE,2024-08-15T01:05:28.218Z,ter_352f806f61114893b8ad32e5,05,Y,AUTHENTICATED,[],[],["Y"],["Y"],["0"],[],"[""PENDING_AUTHENTICATION"",""AUTHENTICATION_SUCCESSFUL"",""COMPLETED""]",1
auth_payer_xTut102419tvy615qZ7T512,445827,20189822,CYBERSOURCE,2024-08-15T01:09:10.512Z,ter_352f806f61114893b8ad32e5,05,Y,AUTHENTICATED,[],[],["Y"],["Y"],["0"],[],"[""PENDING_AUTHENTICATION"",""AUTHENTICATION_SUCCESSFUL"",""COMPLETED""]",1
auth_payer_gKGU3324110Nusg15227s60,445827,20189822,CYBERSOURCE,2024-08-15T01:10:33.060Z,ter_352f806f61114893b8ad32e5,05,Y,AUTHENTICATED,[],[],["Y"],["Y"],[],[],"[""AUTHENTICATION_SUCCESSFUL"",""COMPLETED""]",1
auth_payer_3smn1824112B37p15cm7S426,457553,20189822,CYBERSOURCE,2024-08-15T01:12:18.426Z,ter_352f806f61114893b8ad32e5,07,N,FAILED,[],[],["Y"],["N"],["9"],[],"[""PENDING_AUTHENTICATION"",""AUTHENTICATION_FAILED"",""COMPLETED""]",1
auth_payer_xWgq024116WzvO15g67x640,445520,20189822,CYBERSOURCE,2024-08-15T01:16:00.641Z,ter_352f806f61114893b8ad32e5,05,Y,AUTHENTICATED,[],[],["Y"],["Y"],[],[],"[""AUTHENTICATION_SUCCESSFUL"",""COMPLETED""]",1
auth_payer_2MIL4324116YvtL15gb75933,457553,20189822,CYBERSOURCE,2024-08-15T01:16:43.933Z,ter_352f806f61114893b8ad32e5,07,N,FAILED,[],[],["Y"],["N"],["9"],[],"[""PENDING_AUTHENTICATION"",""AUTHENTICATION_FAILED"",""COMPLETED""]",1
auth_payer_zKnb1224117SJBP15aZ7N366,445827,20189822,CYBERSOURCE,2024-08-15T01:17:12.366Z,ter_352f806f61114893b8ad32e5,05,Y,AUTHENTICATED,[],[],["Y"],["Y"],["0"],[],"[""PENDING_AUTHENTICATION"",""AUTHENTICATION_SUCCESSFUL"",""COMPLETED""]",1
auth_payer_OuOX1724118YaWY15nE7N757,445827,20189822,CYBERSOURCE,2024-08-15T01:18:17.757Z,ter_352f806f61114893b8ad32e5,05,Y,AUTHENTICATED,[],[],["Y"],["Y"],["0"],[],"[""PENDING_AUTHENTICATION"",""AUTHENTICATION_SUCCESSFUL"",""COMPLETED""]",1
auth_payer_i78a2324120chDD15mH7y280,457553,20189822,CYBERSOURCE,2024-08-15T01:20:23.280Z,ter_352f806f61114893b8ad32e5,05,Y,AUTHENTICATED,[],[],["Y"],["Y"],["0"],[],"[""PENDING_AUTHENTICATION"",""AUTHENTICATION_SUCCESSFUL"",""COMPLETED""]",1
auth_payer_K9Cf1924123JCFX15y47e662,489022,20189822,CYBERSOURCE,2024-08-15T01:23:19.662Z,ter_352f806f61114893b8ad32e5,05,Y,AUTHENTICATED,[],[],["Y"],["Y"],["0"],[],"[""PENDING_AUTHENTICATION"",""AUTHENTICATION_SUCCESSFUL"",""COMPLETED""]",1
auth_payer_tovX5924129zK4v15J07m880,405433,20189822,CYBERSOURCE,2024-08-15T01:29:59.880Z,ter_352f806f61114893b8ad32e5,05,Y,AUTHENTICATED,[],[],["Y"],["Y"],[],[],"[""AUTHENTICATION_SUCCESSFUL"",""COMPLETED""]",1
auth_payer_pHuT2224130Is3k15AX7u211,445827,20189822,CYBERSOURCE,2024-08-15T01:30:22.211Z,ter_352f806f61114893b8ad32e5,05,Y,AUTHENTICATED,[],[],["Y"],["Y"],["0"],[],"[""PENDING_AUTHENTICATION"",""AUTHENTICATION_SUCCESSFUL"",""COMPLETED""]",1
auth_payer_yQ7S2024136I4jW15Z17f526,445827,20189822,CYBERSOURCE,2024-08-15T01:36:20.526Z,ter_352f806f61114893b8ad32e5,05,Y,AUTHENTICATED,[],[],["Y"],["Y"],["0"],[],"[""PENDING_AUTHENTICATION"",""AUTHENTICATION_SUCCESSFUL"",""COMPLETED""]",1
auth_payer_GYO7624138PWnR15Su7q256,414627,20189822,CYBERSOURCE,2024-08-15T01:38:06.256Z,ter_352f806f61114893b8ad32e5,05,Y,AUTHENTICATED,[],[],["Y"],["Y"],["0"],[],"[""PENDING_AUTHENTICATION"",""AUTHENTICATION_SUCCESSFUL"",""COMPLETED""]",1
auth_payer_tavd4324138ssyE159d7R497,445827,20189822,CYBERSOURCE,2024-08-15T01:38:43.497Z,ter_352f806f61114893b8ad32e5,05,Y,AUTHENTICATED,[],[],["Y"],["Y"],["0"],[],"[""PENDING_AUTHENTICATION"",""AUTHENTICATION_SUCCESSFUL"",""COMPLETED""]",1
auth_payer_ja4I2024142YV7Y15tv7R469,445827,20189822,CYBERSOURCE,2024-08-15T01:42:20.469Z,ter_352f806f61114893b8ad32e5,05,Y,AUTHENTICATED,[],[],["Y"],["Y"],["0"],[],"[""PENDING_AUTHENTICATION"",""AUTHENTICATION_SUCCESSFUL"",""COMPLETED""]",1
auth_payer_5lEC824147K8jQ15Xj7a650,445827,20189822,CYBERSOURCE,2024-08-15T01:47:08.650Z,ter_352f806f61114893b8ad32e5,05,Y,AUTHENTICATED,[],[],["Y"],["Y"],["0"],[],"[""PENDING_AUTHENTICATION"",""AUTHENTICATION_SUCCESSFUL"",""COMPLETED""]",1
auth_payer_xhRY4424148lKJ715xc77903,445827,20189822,CYBERSOURCE,2024-08-15T01:48:44.903Z,ter_352f806f61114893b8ad32e5,05,Y,AUTHENTICATED,[],[],["Y"],["Y"],["0"],[],"[""PENDING_AUTHENTICATION"",""AUTHENTICATION_SUCCESSFUL"",""COMPLETED""]",1
auth_payer_N6I32024149lLCx15yf7y367,445827,20189822,CYBERSOURCE,2024-08-15T01:49:20.367Z,ter_352f806f61114893b8ad32e5,05,Y,AUTHENTICATED,[],[],["Y"],["Y"],["0"],[],"[""PENDING_AUTHENTICATION"",""AUTHENTICATION_SUCCESSFUL"",""COMPLETED""]",1
auth_payer_roJ929241505Imj15Oj7z902,414627,20189822,CYBERSOURCE,2024-08-15T01:50:29.902Z,ter_352f806f61114893b8ad32e5,05,Y,AUTHENTICATED,[],[],["Y"],["Y"],["0"],[],"[""PENDING_AUTHENTICATION"",""AUTHENTICATION_SUCCESSFUL"",""COMPLETED""]",1
auth_payer_zlx710241524sA915Jv7Q350,445827,20189822,CYBERSOURCE,2024-08-15T01:52:10.350Z,ter_352f806f61114893b8ad32e5,05,Y,AUTHENTICATED,[],[],["Y"],["Y"],["0"],[],"[""PENDING_AUTHENTICATION"",""AUTHENTICATION_SUCCESSFUL"",""COMPLETED""]",1
auth_payer_nuAZ4924155vld315Fo7U11,445520,20189822,CYBERSOURCE,2024-08-15T01:55:49.011Z,ter_352f806f61114893b8ad32e5,05,Y,AUTHENTICATED,[],[],["Y"],["Y"],[],[],"[""AUTHENTICATION_SUCCESSFUL"",""COMPLETED""]",1
auth_payer_g1Xi51241567mDH15XL7s531,445827,20189822,CYBERSOURCE,2024-08-15T01:56:51.532Z,ter_352f806f61114893b8ad32e5,05,Y,AUTHENTICATED,[],[],["Y"],["Y"],["0"],[],"[""PENDING_AUTHENTICATION"",""AUTHENTICATION_SUCCESSFUL"",""COMPLETED""]",1
auth_payer_Qdlb5241595TK015Y077413,445827,20189822,CYBERSOURCE,2024-08-15T01:59:05.413Z,ter_352f806f61114893b8ad32e5,05,Y,AUTHENTICATED,[],[],["Y"],["Y"],["0"],[],"[""PENDING_AUTHENTICATION"",""AUTHENTICATION_SUCCESSFUL"",""COMPLETED""]",1
auth_payer_Ern7592421CrkO15SP7f61,445827,20189822,CYBERSOURCE,2024-08-15T02:01:59.061Z,ter_352f806f61114893b8ad32e5,05,Y,AUTHENTICATED,[],[],["Y"],["Y"],["0"],[],"[""PENDING_AUTHENTICATION"",""AUTHENTICATION_SUCCESSFUL"",""COMPLETED""]",1
auth_payer_WvKl32423UJXK15Zl7Q428,546756,20189822,CYBERSOURCE,2024-08-15T02:03:03.428Z,ter_352f806f61114893b8ad32e5,02,Y,AUTHENTICATED,[],[],["Y"],["Y"],["0"],[],"[""PENDING_AUTHENTICATION"",""AUTHENTICATION_SUCCESSFUL"",""COMPLETED""]",1
auth_payer_Cfvg512424xjB615S87L248,445827,20189822,CYBERSOURCE,2024-08-15T02:04:51.248Z,ter_352f806f61114893b8ad32e5,05,Y,AUTHENTICATED,[],[],["Y"],["Y"],["0"],[],"[""PENDING_AUTHENTICATION"",""AUTHENTICATION_SUCCESSFUL"",""COMPLETED""]",1
auth_payer_WH2J592424hCy615YE7O603,445520,20189822,CYBERSOURCE,2024-08-15T02:04:59.603Z,ter_352f806f61114893b8ad32e5,05,Y,AUTHENTICATED,[],[],["Y"],["Y"],["0"],[],"[""PENDING_AUTHENTICATION"",""AUTHENTICATION_SUCCESSFUL"",""COMPLETED""]",1
auth_payer_lMG1192427zEmM15Br7G759,445827,20189822,CYBERSOURCE,2024-08-15T02:07:19.759Z,ter_352f806f61114893b8ad32e5,05,Y,AUTHENTICATED,[],[],["Y"],["Y"],["0"],[],"[""PENDING_AUTHENTICATION"",""AUTHENTICATION_SUCCESSFUL"",""COMPLETED""]",1
auth_payer_BIGk552427tS73151W7I316,471540,28055731,CYBERSOURCE,2024-08-15T02:07:55.316Z,ter_352f806f61114893b8ad32e5,,,PENDING,[],[],["Y"],[],[],[],"[""PENDING_AUTHENTICATION"",""COMPLETED""]",1
auth_payer_WBOg342429XdG415Ga7U702,445827,20189822,CYBERSOURCE,2024-08-15T02:09:34.702Z,ter_352f806f61114893b8ad32e5,05,Y,AUTHENTICATED,[],[],["Y"],["Y"],["0"],[],"[""PENDING_AUTHENTICATION"",""AUTHENTICATION_SUCCESSFUL"",""COMPLETED""]",1
auth_payer_DlVV324212i7ZB153P79221,445827,20189822,CYBERSOURCE,2024-08-15T02:12:03.221Z,ter_352f806f61114893b8ad32e5,05,Y,AUTHENTICATED,[],[],["Y"],["Y"],["0"],[],"[""PENDING_AUTHENTICATION"",""AUTHENTICATION_SUCCESSFUL"",""COMPLETED""]",1
auth_payer_scNa3424216THgv15qF7e552,414627,20189822,CYBERSOURCE,2024-08-15T02:16:34.552Z,ter_352f806f61114893b8ad32e5,05,Y,AUTHENTICATED,[],[],["Y"],["Y"],[],[],"[""AUTHENTICATION_SUCCESSFUL"",""COMPLETED""]",1
auth_payer_GANS2124220GCpT158R7C692,445827,20189822,CYBERSOURCE,2024-08-15T02:20:21.692Z,ter_352f806f61114893b8ad32e5,05,Y,AUTHENTICATED,[],[],["Y"],["Y"],["0"],[],"[""PENDING_AUTHENTICATION"",""AUTHENTICATION_SUCCESSFUL"",""COMPLETED""]",1
auth_payer_x6dT33242227WG715KR7r52,445827,20189822,CYBERSOURCE,2024-08-15T02:22:33.053Z,ter_352f806f61114893b8ad32e5,05,Y,AUTHENTICATED,[],[],["Y"],["Y"],["0"],[],"[""PENDING_AUTHENTICATION"",""AUTHENTICATION_SUCCESSFUL"",""COMPLETED""]",1
auth_payer_xuxZ1824224lWG615j67S633,445827,20189822,CYBERSOURCE,2024-08-15T02:24:18.633Z,ter_352f806f61114893b8ad32e5,05,Y,AUTHENTICATED,[],[],["Y"],["Y"],[],[],"[""AUTHENTICATION_SUCCESSFUL"",""COMPLETED""]",1
auth_payer_93vt4124224toxm153l7Q626,524197,20189822,CYBERSOURCE,2024-08-15T02:24:41.626Z,ter_352f806f61114893b8ad32e5,02,Y,AUTHENTICATED,[],[],["Y"],["Y"],["0"],[],"[""PENDING_AUTHENTICATION"",""AUTHENTICATION_SUCCESSFUL"",""COMPLETED""]",1
auth_payer_sW0h4824226Biot15xU7y467,414627,20189822,CYBERSOURCE,2024-08-15T02:26:48.467Z,ter_352f806f61114893b8ad32e5,05,Y,AUTHENTICATED,[],[],["Y"],["Y"],["0"],[],"[""PENDING_AUTHENTICATION"",""AUTHENTICATION_SUCCESSFUL"",""COMPLETED""]",1
auth_payer_S24P2324230lgsv15Dx7h280,445827,20189822,CYBERSOURCE,2024-08-15T02:30:23.280Z,ter_352f806f61114893b8ad32e5,05,Y,AUTHENTICATED,[],[],["Y"],["Y"],[],[],"[""AUTHENTICATION_SUCCESSFUL"",""COMPLETED""]",1
auth_payer_3Uzj824232sZTH15Sh7P560,481206,20189822,CYBERSOURCE,2024-08-15T02:32:08.560Z,ter_352f806f61114893b8ad32e5,05,Y,AUTHENTICATED,[],[],["Y"],["Y"],["0"],[],"[""PENDING_AUTHENTICATION"",""AUTHENTICATION_SUCCESSFUL"",""COMPLETED""]",1
auth_payer_yBND3724232nS4V15Wy7m551,405433,20189822,CYBERSOURCE,2024-08-15T02:32:37.552Z,ter_352f806f61114893b8ad32e5,05,Y,AUTHENTICATED,[],[],["Y"],["Y"],[],[],"[""AUTHENTICATION_SUCCESSFUL"",""COMPLETED""]",1
auth_payer_pfBj4024248EaIa15ng74560,483432,20189822,CYBERSOURCE,2024-08-15T02:48:40.560Z,ter_352f806f61114893b8ad32e5,,,PENDING,[],[],["Y"],[],[],[],"[""PENDING_AUTHENTICATION"",""COMPLETED""]",1
auth_payer_vtBe3124253Ecyi15sc7Q523,445827,20189822,CYBERSOURCE,2024-08-15T02:53:31.523Z,ter_352f806f61114893b8ad32e5,05,Y,AUTHENTICATED,[],[],["Y"],["Y"],[],[],"[""AUTHENTICATION_SUCCESSFUL"",""COMPLETED""]",1
auth_payer_5rI65224254upGQ15957A929,483432,20189822,CYBERSOURCE,2024-08-15T02:54:52.929Z,ter_352f806f61114893b8ad32e5,,,PENDING,[],[],["Y"],[],[],[],"[""PENDING_AUTHENTICATION"",""COMPLETED""]",1
auth_payer_Re4T2924328Fh015rJ77827,464774,20189822,CYBERSOURCE,2024-08-15T03:02:29.827Z,ter_352f806f61114893b8ad32e5,,,INITIATED,[],[],[],[],[],[],["COMPLETED"],1
auth_payer_igiD42433IcVI15Ve72384,445827,20189822,CYBERSOURCE,2024-08-15T03:03:04.384Z,ter_352f806f61114893b8ad32e5,05,Y,AUTHENTICATED,[],[],["Y"],["Y"],[],[],"[""AUTHENTICATION_SUCCESSFUL"",""COMPLETED""]",1
auth_payer_K4V9172435bZmb15dU7j224,483432,20189822,CYBERSOURCE,2024-08-15T03:05:17.224Z,ter_352f806f61114893b8ad32e5,05,Y,AUTHENTICATED,[],[],["Y"],["Y"],["0"],[],"[""PENDING_AUTHENTICATION"",""AUTHENTICATION_SUCCESSFUL"",""COMPLETED""]",1
auth_payer_ykNB22437D63B15Qb7g98,426684,20189822,CYBERSOURCE,2024-08-15T03:07:02.098Z,ter_352f806f61114893b8ad32e5,,,INITIATED,[],[],[],[],[],[],["COMPLETED"],1
auth_payer_PuJP142437nMqE15yP7l68,445827,20189822,CYBERSOURCE,2024-08-15T03:07:14.068Z,ter_352f806f61114893b8ad32e5,05,Y,AUTHENTICATED,[],[],["Y"],["Y"],[],[],"[""AUTHENTICATION_SUCCESSFUL"",""COMPLETED""]",1
auth_payer_joke5124311AF5R15fK7z797,445827,20189822,CYBERSOURCE,2024-08-15T03:11:51.797Z,ter_352f806f61114893b8ad32e5,05,Y,AUTHENTICATED,[],[],["Y"],["Y"],[],[],"[""AUTHENTICATION_SUCCESSFUL"",""COMPLETED""]",1
auth_payer_XcKK3624318BPRB15ab7Z405,445827,20189822,CYBERSOURCE,2024-08-15T03:18:36.405Z,ter_352f806f61114893b8ad32e5,07,R,FAILED,[],[],["Y"],["R"],[],[],"[""AUTHENTICATION_FAILED"",""COMPLETED""]",1
auth_payer_guK05424318SYUN15xC7W424,417323,20189822,CYBERSOURCE,2024-08-15T03:18:54.424Z,ter_352f806f61114893b8ad32e5,05,Y,AUTHENTICATED,[],[],["Y"],["Y"],[],[],"[""AUTHENTICATION_SUCCESSFUL"",""COMPLETED""]",1
auth_payer_ryOx824320pZpF15fu7j534,476853,20189822,CYBERSOURCE,2024-08-15T03:20:08.535Z,ter_352f806f61114893b8ad32e5,05,Y,AUTHENTICATED,[],[],["Y"],["Y"],[],[],"[""AUTHENTICATION_SUCCESSFUL"",""COMPLETED""]",1
auth_payer_PXIz2024323oL9J15Zf7897,429927,20189822,CYBERSOURCE,2024-08-15T03:23:20.097Z,ter_352f806f61114893b8ad32e5,05,Y,AUTHENTICATED,[],[],["Y"],["Y"],[],[],"[""AUTHENTICATION_SUCCESSFUL"",""COMPLETED""]",1
auth_payer_XK505424328Jun515Z27F326,429927,20189822,CYBERSOURCE,2024-08-15T03:28:54.326Z,ter_352f806f61114893b8ad32e5,05,Y,AUTHENTICATED,[],[],["Y"],["Y"],[],[],"[""AUTHENTICATION_SUCCESSFUL"",""COMPLETED""]",1
auth_payer_nyV93324329UxCU15ER7S811,405433,20189822,CYBERSOURCE,2024-08-15T03:29:33.811Z,ter_352f806f61114893b8ad32e5,05,Y,AUTHENTICATED,[],[],["Y"],["Y"],["0"],[],"[""PENDING_AUTHENTICATION"",""AUTHENTICATION_SUCCESSFUL"",""COMPLETED""]",1
auth_payer_aLK6024337WLvE15N377279,485932,20189822,CYBERSOURCE,2024-08-15T03:37:00.279Z,ter_352f806f61114893b8ad32e5,07,R,FAILED,[],[],["Y"],["R"],[],[],"[""AUTHENTICATION_FAILED"",""COMPLETED""]",1
auth_payer_cKaN3624338moHS15vl7k506,545205,20189822,CYBERSOURCE,2024-08-15T03:38:36.506Z,ter_352f806f61114893b8ad32e5,02,Y,AUTHENTICATED,[],[],["Y"],["Y"],["0"],[],"[""PENDING_AUTHENTICATION"",""AUTHENTICATION_SUCCESSFUL"",""COMPLETED""]",1
auth_payer_Fcfr3524339aUSE15fz7A427,445827,20189822,CYBERSOURCE,2024-08-15T03:39:35.427Z,ter_352f806f61114893b8ad32e5,05,Y,AUTHENTICATED,[],[],["Y"],["Y"],["0"],[],"[""PENDING_AUTHENTICATION"",""AUTHENTICATION_SUCCESSFUL"",""COMPLETED""]",1
auth_payer_0phW124341qoJS15cY7P403,445827,20189822,CYBERSOURCE,2024-08-15T03:41:01.403Z,ter_352f806f61114893b8ad32e5,05,Y,AUTHENTICATED,[],[],["Y"],["Y"],["0"],[],"[""PENDING_AUTHENTICATION"",""AUTHENTICATION_SUCCESSFUL"",""COMPLETED""]",1
auth_payer_6pGL3824343zSlg15r77B244,445827,20189822,CYBERSOURCE,2024-08-15T03:43:38.244Z,ter_352f806f61114893b8ad32e5,05,Y,AUTHENTICATED,[],[],["Y"],["Y"],["0"],[],"[""PENDING_AUTHENTICATION"",""AUTHENTICATION_SUCCESSFUL"",""COMPLETED""]",1
auth_payer_AKbp2724344NAvZ15ke7e35,475774,20189822,CYBERSOURCE,2024-08-15T03:44:27.036Z,ter_352f806f61114893b8ad32e5,,,INITIATED,[],[],[],[],[],[],["COMPLETED"],1
auth_payer_Udtn1724346f7zk15Iz7e707,445827,20189822,CYBERSOURCE,2024-08-15T03:46:17.707Z,ter_352f806f61114893b8ad32e5,05,Y,AUTHENTICATED,[],[],["Y"],["Y"],["0"],[],"[""PENDING_AUTHENTICATION"",""AUTHENTICATION_SUCCESSFUL"",""COMPLETED""]",1
auth_payer_JNkY2124346pFXe15hI7g611,445827,20189822,CYBERSOURCE,2024-08-15T03:46:21.611Z,ter_352f806f61114893b8ad32e5,05,Y,AUTHENTICATED,[],[],["Y"],["Y"],["0"],[],"[""PENDING_AUTHENTICATION"",""AUTHENTICATION_SUCCESSFUL"",""COMPLETED""]",1
auth_payer_gudl2124348sBq315RP7k589,445827,20189822,CYBERSOURCE,2024-08-15T03:48:21.589Z,ter_352f806f61114893b8ad32e5,05,Y,AUTHENTICATED,[],[],["Y"],["Y"],["0"],[],"[""PENDING_AUTHENTICATION"",""AUTHENTICATION_SUCCESSFUL"",""COMPLETED""]",1
auth_payer_qHWb2524349hm3e15dD7k589,445827,20189822,CYBERSOURCE,2024-08-15T03:49:25.589Z,ter_352f806f61114893b8ad32e5,05,Y,AUTHENTICATED,[],[],["Y"],["Y"],["0"],[],"[""PENDING_AUTHENTICATION"",""AUTHENTICATION_SUCCESSFUL"",""COMPLETED""]",1
auth_payer_kKD24924349NyBy15Dl7j683,518694,20189822,CYBERSOURCE,2024-08-15T03:49:49.683Z,ter_352f806f61114893b8ad32e5,02,Y,AUTHENTICATED,[],[],["Y"],["Y"],["0"],[],"[""PENDING_AUTHENTICATION"",""AUTHENTICATION_SUCCESSFUL"",""COMPLETED""]",1
auth_payer_jgXY324350OgaG15Rl7o35,451607,20189822,CYBERSOURCE,2024-08-15T03:50:03.036Z,ter_352f806f61114893b8ad32e5,,,INITIATED,[],[],[],[],[],[],["COMPLETED"],1
auth_payer_uyL02124350JEzf15dL7630,445827,20189822,CYBERSOURCE,2024-08-15T03:50:21.030Z,ter_352f806f61114893b8ad32e5,05,Y,AUTHENTICATED,[],[],["Y"],["Y"],["0"],[],"[""PENDING_AUTHENTICATION"",""AUTHENTICATION_SUCCESSFUL"",""COMPLETED""]",1
auth_payer_f14S5924351Eh7m15jy74538,445827,20189822,CYBERSOURCE,2024-08-15T03:51:59.538Z,ter_352f806f61114893b8ad32e5,05,Y,AUTHENTICATED,[],[],["Y"],["Y"],["0"],[],"[""PENDING_AUTHENTICATION"",""AUTHENTICATION_SUCCESSFUL"",""COMPLETED""]",1
auth_payer_obcm624353n6vg15bn79890,521372,20189822,CYBERSOURCE,2024-08-15T03:53:06.890Z,ter_352f806f61114893b8ad32e5,,,AUTHENTICATED,["201"],"[""A message element required as defined in Table A.1 is missing from the message. deviceChannel,""]",["U"],[],[],[],"[""AUTHENTICATION_SUCCESSFUL"",""COMPLETED""]",1
auth_payer_WVtZ2124353ZdgL154q77693,445827,20189822,CYBERSOURCE,2024-08-15T03:53:21.693Z,ter_352f806f61114893b8ad32e5,05,Y,AUTHENTICATED,[],[],["Y"],["Y"],["0"],[],"[""PENDING_AUTHENTICATION"",""AUTHENTICATION_SUCCESSFUL"",""COMPLETED""]",1
auth_payer_Eeao624355cZGC15HM79830,445827,20189822,CYBERSOURCE,2024-08-15T03:55:06.830Z,ter_352f806f61114893b8ad32e5,05,Y,AUTHENTICATED,[],[],["Y"],["Y"],["0"],[],"[""PENDING_AUTHENTICATION"",""AUTHENTICATION_SUCCESSFUL"",""COMPLETED""]",1
auth_payer_qrRR372444BLP6159Z7j226,430259,20189822,CYBERSOURCE,2024-08-15T04:04:37.227Z,ter_352f806f61114893b8ad32e5,05,Y,AUTHENTICATED,[],[],["Y"],["Y"],["0"],[],"[""PENDING_AUTHENTICATION"",""AUTHENTICATION_SUCCESSFUL"",""COMPLETED""]",1
auth_payer_KsmX342448zlHI15yW75227,483432,20189822,CYBERSOURCE,2024-08-15T04:08:34.227Z,ter_352f806f61114893b8ad32e5,,,PENDING,[],[],["Y"],[],[],[],"[""PENDING_AUTHENTICATION"",""COMPLETED""]",1
auth_payer_vH0N2724410KBzj15p57S920,457553,20189822,CYBERSOURCE,2024-08-15T04:10:27.920Z,ter_352f806f61114893b8ad32e5,05,Y,AUTHENTICATED,[],[],["Y"],["Y"],["0"],[],"[""PENDING_AUTHENTICATION"",""AUTHENTICATION_SUCCESSFUL"",""COMPLETED""]",1
auth_payer_U6ru4924410EgZ115uP7i777,445827,20189822,CYBERSOURCE,2024-08-15T04:10:49.777Z,ter_352f806f61114893b8ad32e5,,,INITIATED,[],[],[],[],[],[],["COMPLETED"],1
auth_payer_H6hx724411vJi815Qt7c263,483432,20189822,CYBERSOURCE,2024-08-15T04:11:07.264Z,ter_352f806f61114893b8ad32e5,05,Y,AUTHENTICATED,[],[],["Y"],["Y"],["0"],[],"[""PENDING_AUTHENTICATION"",""AUTHENTICATION_SUCCESSFUL"",""COMPLETED""]",1
auth_payer_uB8x5824413lQa015sF7I914,464426,20189822,CYBERSOURCE,2024-08-15T04:13:58.914Z,ter_352f806f61114893b8ad32e5,05,Y,AUTHENTICATED,[],[],["Y"],["Y"],["0"],[],"[""PENDING_AUTHENTICATION"",""AUTHENTICATION_SUCCESSFUL"",""COMPLETED""]",1
auth_payer_bYsf1124414MU9315qW7p804,445827,20189822,CYBERSOURCE,2024-08-15T04:14:11.804Z,ter_352f806f61114893b8ad32e5,,,INITIATED,[],[],[],[],[],[],["COMPLETED"],1
auth_payer_zZv05724414RAIS15IF7N72,445827,20189822,CYBERSOURCE,2024-08-15T04:14:57.072Z,ter_352f806f61114893b8ad32e5,05,Y,AUTHENTICATED,[],[],["Y"],["Y"],[],[],"[""AUTHENTICATION_SUCCESSFUL"",""COMPLETED""]",1
auth_payer_nuYQ824415kcYA15067M490,457553,20189822,CYBERSOURCE,2024-08-15T04:15:08.490Z,ter_352f806f61114893b8ad32e5,05,Y,AUTHENTICATED,[],[],["Y"],["Y"],["0"],[],"[""PENDING_AUTHENTICATION"",""AUTHENTICATION_SUCCESSFUL"",""COMPLETED""]",1
auth_payer_dz482024421KW1A15gQ7u323,489022,20189822,CYBERSOURCE,2024-08-15T04:21:20.324Z,ter_352f806f61114893b8ad32e5,05,Y,AUTHENTICATED,[],[],["Y"],["Y"],["0"],[],"[""PENDING_AUTHENTICATION"",""AUTHENTICATION_SUCCESSFUL"",""COMPLETED""]",1
auth_payer_ZUdA53244248SgX15L57v371,445827,20189822,CYBERSOURCE,2024-08-15T04:24:53.372Z,ter_352f806f61114893b8ad32e5,05,Y,AUTHENTICATED,[],[],["Y"],["Y"],[],[],"[""AUTHENTICATION_SUCCESSFUL"",""COMPLETED""]",1
auth_payer_90nG4924435gSjd15Kt7J614,512220,20189822,CYBERSOURCE,2024-08-15T04:35:49.614Z,ter_352f806f61114893b8ad32e5,02,Y,AUTHENTICATED,[],[],["Y"],["Y"],["0"],[],"[""PENDING_AUTHENTICATION"",""AUTHENTICATION_SUCCESSFUL"",""COMPLETED""]",1
auth_payer_21CG102443730zP150y7b198,445827,20189822,CYBERSOURCE,2024-08-15T04:37:10.198Z,ter_352f806f61114893b8ad32e5,,,INITIATED,[],[],[],[],[],[],["COMPLETED"],1
auth_payer_6qtv4524444G5sn15nc7O652,531801,20189822,CYBERSOURCE,2024-08-15T04:44:45.652Z,ter_352f806f61114893b8ad32e5,02,Y,AUTHENTICATED,[],[],["Y"],["Y"],["0"],[],"[""PENDING_AUTHENTICATION"",""AUTHENTICATION_SUCCESSFUL"",""COMPLETED""]",1
auth_payer_vA8e4724444QJ7615bj7i118,455310,20189822,CYBERSOURCE,2024-08-15T04:44:47.118Z,ter_352f806f61114893b8ad32e5,07,N,FAILED,[],[],["Y"],["N"],[],[],"[""AUTHENTICATION_FAILED"",""COMPLETED""]",1
auth_payer_CBXY1424451YKAR15Vo7Z580,520090,20189822,CYBERSOURCE,2024-08-15T04:51:14.580Z,ter_352f806f61114893b8ad32e5,02,Y,AUTHENTICATED,[],[],["Y"],["Y"],["0"],[],"[""PENDING_AUTHENTICATION"",""AUTHENTICATION_SUCCESSFUL"",""COMPLETED""]",1
auth_payer_GJ2b824453pjnd15lE7X804,445827,20189822,CYBERSOURCE,2024-08-15T04:53:08.804Z,ter_352f806f61114893b8ad32e5,05,Y,AUTHENTICATED,[],[],["Y"],["Y"],["0"],[],"[""PENDING_AUTHENTICATION"",""AUTHENTICATION_SUCCESSFUL"",""COMPLETED""]",1
auth_payer_vf7R2524455khlP15EE7K525,445827,20189822,CYBERSOURCE,2024-08-15T04:55:25.525Z,ter_352f806f61114893b8ad32e5,05,Y,AUTHENTICATED,[],[],["Y"],["Y"],["0"],[],"[""PENDING_AUTHENTICATION"",""AUTHENTICATION_SUCCESSFUL"",""COMPLETED""]",1
auth_payer_QeBC1224457596Y15yj7C343,445827,20189822,CYBERSOURCE,2024-08-15T04:57:12.343Z,ter_352f806f61114893b8ad32e5,05,Y,AUTHENTICATED,[],[],["Y"],["Y"],["0"],[],"[""PENDING_AUTHENTICATION"",""AUTHENTICATION_SUCCESSFUL"",""COMPLETED""]",1
auth_payer_hgK1424458cfal15Oi7R635,445827,20189822,CYBERSOURCE,2024-08-15T04:58:04.635Z,ter_352f806f61114893b8ad32e5,05,Y,AUTHENTICATED,[],[],["Y"],["Y"],["0"],[],"[""PENDING_AUTHENTICATION"",""AUTHENTICATION_SUCCESSFUL"",""COMPLETED""]",1
auth_payer_8Vxq46244595OZ215NH7q524,445827,20189822,CYBERSOURCE,2024-08-15T04:59:46.524Z,ter_352f806f61114893b8ad32e5,05,Y,AUTHENTICATED,[],[],["Y"],["Y"],[],[],"[""AUTHENTICATION_SUCCESSFUL"",""COMPLETED""]",1
auth_payer_Pj7R5724459pRjG15EC7Z472,445827,20189822,CYBERSOURCE,2024-08-15T04:59:57.472Z,ter_352f806f61114893b8ad32e5,05,Y,AUTHENTICATED,[],[],["Y"],["Y"],["0"],[],"[""PENDING_AUTHENTICATION"",""AUTHENTICATION_SUCCESSFUL"",""COMPLETED""]",1
auth_payer_5x37522450AfnT159D7v484,478295,20189822,CYBERSOURCE,2024-08-15T05:00:52.484Z,ter_352f806f61114893b8ad32e5,05,Y,AUTHENTICATED,[],[],["Y"],["Y"],["0"],[],"[""PENDING_AUTHENTICATION"",""AUTHENTICATION_SUCCESSFUL"",""COMPLETED""]",1
auth_payer_ycgp62451v8NQ15sQ784,445827,20189822,CYBERSOURCE,2024-08-15T05:01:06.004Z,ter_352f806f61114893b8ad32e5,05,Y,AUTHENTICATED,[],[],["Y"],["Y"],["0"],[],"[""PENDING_AUTHENTICATION"",""AUTHENTICATION_SUCCESSFUL"",""COMPLETED""]",1
auth_payer_T4dn272451EkvS15Q27B961,405433,20189822,CYBERSOURCE,2024-08-15T05:01:27.961Z,ter_352f806f61114893b8ad32e5,05,Y,AUTHENTICATED,[],[],["Y"],["Y"],[],[],"[""AUTHENTICATION_SUCCESSFUL"",""COMPLETED""]",1
auth_payer_FtVO352451RDKr15Vf7k491,497145,20189822,CYBERSOURCE,2024-08-15T05:01:35.491Z,ter_352f806f61114893b8ad32e5,05,Y,AUTHENTICATED,[],[],["Y"],["Y"],["0"],[],"[""PENDING_AUTHENTICATION"",""AUTHENTICATION_SUCCESSFUL"",""COMPLETED""]",1
auth_payer_Fe84402452g5sy15Pu75899,445827,20189822,CYBERSOURCE,2024-08-15T05:02:40.899Z,ter_352f806f61114893b8ad32e5,05,Y,AUTHENTICATED,[],[],["Y"],["Y"],["0"],[],"[""PENDING_AUTHENTICATION"",""AUTHENTICATION_SUCCESSFUL"",""COMPLETED""]",1
auth_payer_s8AH4424538kSI15rh7s634,445827,20189822,CYBERSOURCE,2024-08-15T05:03:44.634Z,ter_352f806f61114893b8ad32e5,05,Y,AUTHENTICATED,[],[],["Y"],["Y"],["0"],[],"[""PENDING_AUTHENTICATION"",""AUTHENTICATION_SUCCESSFUL"",""COMPLETED""]",1
auth_payer_l7aW342455Qzzx15Jp7l177,483432,20189822,CYBERSOURCE,2024-08-15T05:05:34.177Z,ter_352f806f61114893b8ad32e5,05,Y,AUTHENTICATED,[],[],["Y"],["Y"],["0"],[],"[""PENDING_AUTHENTICATION"",""AUTHENTICATION_SUCCESSFUL"",""COMPLETED""]",1
auth_payer_mfAb182458nvqO15rH7q417,455037,20189822,CYBERSOURCE,2024-08-15T05:08:18.417Z,ter_352f806f61114893b8ad32e5,05,Y,AUTHENTICATED,[],[],["Y"],["Y"],["0"],[],"[""PENDING_AUTHENTICATION"",""AUTHENTICATION_SUCCESSFUL"",""COMPLETED""]",1
auth_payer_tBn2252458KO4J15oj7I797,445827,20189822,CYBERSOURCE,2024-08-15T05:08:25.797Z,ter_352f806f61114893b8ad32e5,05,Y,AUTHENTICATED,[],[],["Y"],["Y"],[],[],"[""AUTHENTICATION_SUCCESSFUL"",""COMPLETED""]",1
auth_payer_FFQi2924510cj4D158P7b381,445827,20189822,CYBERSOURCE,2024-08-15T05:10:29.382Z,ter_352f806f61114893b8ad32e5,05,Y,AUTHENTICATED,[],[],["Y"],["Y"],["0"],[],"[""PENDING_AUTHENTICATION"",""AUTHENTICATION_SUCCESSFUL"",""COMPLETED""]",1
auth_payer_CzvU2824511MfN715Ux7u59,445827,20189822,CYBERSOURCE,2024-08-15T05:11:28.059Z,ter_352f806f61114893b8ad32e5,05,Y,AUTHENTICATED,[],[],["Y"],["Y"],["0"],[],"[""PENDING_AUTHENTICATION"",""AUTHENTICATION_SUCCESSFUL"",""COMPLETED""]",1
auth_payer_JK1J3124511N1Ei15AZ7N801,527742,28055731,CYBERSOURCE,2024-08-15T05:11:31.802Z,ter_a2f0ed2d064248a8bdabc6a2,02,Y,AUTHENTICATED,[],[],["Y"],["Y"],["0"],[],"[""PENDING_AUTHENTICATION"",""AUTHENTICATION_SUCCESSFUL"",""COMPLETED""]",1
auth_payer_siET1724513DE6u155R7A308,445827,20189822,CYBERSOURCE,2024-08-15T05:13:17.308Z,ter_352f806f61114893b8ad32e5,,,INITIATED,[],[],[],[],[],[],["COMPLETED"],1
auth_payer_fxDd524525JQV415VN7S268,445827,20189822,CYBERSOURCE,2024-08-15T05:25:05.268Z,ter_352f806f61114893b8ad32e5,05,Y,AUTHENTICATED,[],[],["Y"],["Y"],["0"],[],"[""PENDING_AUTHENTICATION"",""AUTHENTICATION_SUCCESSFUL"",""COMPLETED""]",1
auth_payer_6h3u4824526NU3215m67Q456,445827,20189822,CYBERSOURCE,2024-08-15T05:26:48.456Z,ter_352f806f61114893b8ad32e5,05,Y,AUTHENTICATED,[],[],["Y"],["Y"],["0"],[],"[""PENDING_AUTHENTICATION"",""AUTHENTICATION_SUCCESSFUL"",""COMPLETED""]",1
auth_payer_Lcoz824533mg3q15nq7Q149,454684,20189822,CYBERSOURCE,2024-08-15T05:33:08.149Z,ter_352f806f61114893b8ad32e5,05,Y,AUTHENTICATED,[],[],["Y"],["Y"],["0"],[],"[""PENDING_AUTHENTICATION"",""AUTHENTICATION_SUCCESSFUL"",""COMPLETED""]",1
auth_payer_TpdM38245543JG515Tk7J183,405433,20189822,CYBERSOURCE,2024-08-15T05:54:38.183Z,ter_352f806f61114893b8ad32e5,05,Y,AUTHENTICATED,[],[],["Y"],["Y"],[],[],"[""AUTHENTICATION_SUCCESSFUL"",""COMPLETED""]",1
auth_payer_Ak093724556SCcT15K375167,518694,20189822,CYBERSOURCE,2024-08-15T05:56:37.167Z,ter_352f806f61114893b8ad32e5,02,Y,AUTHENTICATED,[],[],["Y"],["Y"],["0"],[],"[""PENDING_AUTHENTICATION"",""AUTHENTICATION_SUCCESSFUL"",""COMPLETED""]",1
auth_payer_Tvtq18245587d3915X07I233,445827,20189822,CYBERSOURCE,2024-08-15T05:58:18.233Z,ter_352f806f61114893b8ad32e5,05,Y,AUTHENTICATED,[],[],["Y"],["Y"],[],[],"[""AUTHENTICATION_SUCCESSFUL"",""COMPLETED""]",1
auth_payer_mS564824558WmIR157t7T419,445827,20189822,CYBERSOURCE,2024-08-15T05:58:48.420Z,ter_352f806f61114893b8ad32e5,05,Y,AUTHENTICATED,[],[],["Y"],["Y"],["0"],[],"[""PENDING_AUTHENTICATION"",""AUTHENTICATION_SUCCESSFUL"",""COMPLETED""]",1
auth_payer_LKSQ3024618EpM15Lc7A268,457553,20189822,CYBERSOURCE,2024-08-15T06:01:30.268Z,ter_352f806f61114893b8ad32e5,05,Y,AUTHENTICATED,[],[],["Y"],["Y"],["0"],[],"[""PENDING_AUTHENTICATION"",""AUTHENTICATION_SUCCESSFUL"",""COMPLETED""]",1
auth_payer_8AXu4524634vmB15C47Z262,435240,20189822,CYBERSOURCE,2024-08-15T06:03:45.262Z,ter_352f806f61114893b8ad32e5,,,PENDING,[],[],["Y"],[],[],[],"[""PENDING_AUTHENTICATION"",""COMPLETED""]",1
auth_payer_51FP472468DsZO15or7u376,445827,20189822,CYBERSOURCE,2024-08-15T06:08:47.376Z,ter_352f806f61114893b8ad32e5,05,Y,AUTHENTICATED,[],[],["Y"],["Y"],["0"],[],"[""PENDING_AUTHENTICATION"",""AUTHENTICATION_SUCCESSFUL"",""COMPLETED""]",1
auth_payer_nvdM392469pdaU15gP7i358,435240,20189822,CYBERSOURCE,2024-08-15T06:09:39.358Z,ter_352f806f61114893b8ad32e5,,,PENDING,[],[],["Y"],[],[],[],"[""PENDING_AUTHENTICATION"",""COMPLETED""]",1
auth_payer_tvsH24246107CSC15187s350,445827,20189822,CYBERSOURCE,2024-08-15T06:10:24.350Z,ter_352f806f61114893b8ad32e5,05,Y,AUTHENTICATED,[],[],["Y"],["Y"],["0"],[],"[""PENDING_AUTHENTICATION"",""AUTHENTICATION_SUCCESSFUL"",""COMPLETED""]",1
auth_payer_spNV1124612EeQ815em7u652,435240,20189822,CYBERSOURCE,2024-08-15T06:12:11.652Z,ter_352f806f61114893b8ad32e5,,,PENDING,[],[],["Y"],[],[],[],"[""PENDING_AUTHENTICATION"",""COMPLETED""]",1
auth_payer_pxvj5724613OCAf15gz7s926,445827,20189822,CYBERSOURCE,2024-08-15T06:13:57.926Z,ter_352f806f61114893b8ad32e5,05,Y,AUTHENTICATED,[],[],["Y"],["Y"],["0"],[],"[""PENDING_AUTHENTICATION"",""AUTHENTICATION_SUCCESSFUL"",""COMPLETED""]",1
auth_payer_bVDD40246156zdK15rf7230,445827,20189822,CYBERSOURCE,2024-08-15T06:15:40.030Z,ter_352f806f61114893b8ad32e5,05,Y,AUTHENTICATED,[],[],["Y"],["Y"],[],[],"[""AUTHENTICATION_SUCCESSFUL"",""COMPLETED""]",1
auth_payer_1AJJ3424616h8IS15Zt7q503,445827,20189822,CYBERSOURCE,2024-08-15T06:16:34.503Z,ter_352f806f61114893b8ad32e5,05,Y,AUTHENTICATED,[],[],["Y"],["Y"],["0"],[],"[""PENDING_AUTHENTICATION"",""AUTHENTICATION_SUCCESSFUL"",""COMPLETED""]",1
auth_payer_jDAU43246216zgy15VA7y721,445827,20189822,CYBERSOURCE,2024-08-15T06:21:43.721Z,ter_352f806f61114893b8ad32e5,05,Y,AUTHENTICATED,[],[],["Y"],["Y"],[],[],"[""AUTHENTICATION_SUCCESSFUL"",""COMPLETED""]",1
auth_payer_HD2o82462505qt15LL7O877,435240,20189822,CYBERSOURCE,2024-08-15T06:25:08.877Z,ter_352f806f61114893b8ad32e5,05,Y,AUTHENTICATED,[],[],["Y"],["Y"],["0"],[],"[""PENDING_AUTHENTICATION"",""AUTHENTICATION_SUCCESSFUL"",""COMPLETED""]",1
auth_payer_Khsq5124633q4fC153i7p794,445827,20189822,CYBERSOURCE,2024-08-15T06:33:51.794Z,ter_352f806f61114893b8ad32e5,05,Y,AUTHENTICATED,[],[],["Y"],["Y"],["0"],[],"[""PENDING_AUTHENTICATION"",""AUTHENTICATION_SUCCESSFUL"",""COMPLETED""]",1
auth_payer_KzJ13024635hSSs15QC79845,445827,20189822,CYBERSOURCE,2024-08-15T06:35:30.845Z,ter_352f806f61114893b8ad32e5,05,Y,AUTHENTICATED,[],[],["Y"],["Y"],["0"],[],"[""PENDING_AUTHENTICATION"",""AUTHENTICATION_SUCCESSFUL"",""COMPLETED""]",1
auth_payer_4has1324637B7lc15BZ7p582,445827,20189822,CYBERSOURCE,2024-08-15T06:37:13.583Z,ter_352f806f61114893b8ad32e5,05,Y,AUTHENTICATED,[],[],["Y"],["Y"],["0"],[],"[""PENDING_AUTHENTICATION"",""AUTHENTICATION_SUCCESSFUL"",""COMPLETED""]",1
auth_payer_eDQI1724638Ntkq150P7U479,445827,20189822,CYBERSOURCE,2024-08-15T06:38:17.479Z,ter_352f806f61114893b8ad32e5,05,Y,AUTHENTICATED,[],[],["Y"],["Y"],["0"],[],"[""PENDING_AUTHENTICATION"",""AUTHENTICATION_SUCCESSFUL"",""COMPLETED""]",1
auth_payer_O9Ai2524639i6Qy15bC7Z875,445827,20189822,CYBERSOURCE,2024-08-15T06:39:25.875Z,ter_352f806f61114893b8ad32e5,07,R,FAILED,[],[],["Y"],["R"],[],[],"[""AUTHENTICATION_FAILED"",""COMPLETED""]",1
auth_payer_bZkv4124639j93L15BU79600,445827,20189822,CYBERSOURCE,2024-08-15T06:39:41.600Z,ter_352f806f61114893b8ad32e5,05,Y,AUTHENTICATED,[],[],["Y"],["Y"],["0"],[],"[""PENDING_AUTHENTICATION"",""AUTHENTICATION_SUCCESSFUL"",""COMPLETED""]",1
auth_payer_F5BO16246411FH515lW7v270,445827,20189822,CYBERSOURCE,2024-08-15T06:41:16.270Z,ter_352f806f61114893b8ad32e5,05,Y,AUTHENTICATED,[],[],["Y"],["Y"],["0"],[],"[""PENDING_AUTHENTICATION"",""AUTHENTICATION_SUCCESSFUL"",""COMPLETED""]",1
auth_payer_AVLW4024642qC0015T47j686,445827,20189822,CYBERSOURCE,2024-08-15T06:42:40.686Z,ter_352f806f61114893b8ad32e5,,,INITIATED,[],[],[],[],[],[],["COMPLETED"],1
auth_payer_1XFT55246464DgM157H7B231,445827,20189822,CYBERSOURCE,2024-08-15T06:46:55.231Z,ter_352f806f61114893b8ad32e5,05,Y,AUTHENTICATED,[],[],["Y"],["Y"],["0"],[],"[""PENDING_AUTHENTICATION"",""AUTHENTICATION_SUCCESSFUL"",""COMPLETED""]",1
auth_payer_11LI1624650ZYQY15c37J715,445827,20189822,CYBERSOURCE,2024-08-15T06:50:16.715Z,ter_352f806f61114893b8ad32e5,05,Y,AUTHENTICATED,[],[],["Y"],["Y"],["0"],[],"[""PENDING_AUTHENTICATION"",""AUTHENTICATION_SUCCESSFUL"",""COMPLETED""]",1
auth_payer_8znz5224650SBDT15ea7B520,445827,20189822,CYBERSOURCE,2024-08-15T06:50:52.520Z,ter_352f806f61114893b8ad32e5,05,Y,AUTHENTICATED,[],[],["Y"],["Y"],["0"],[],"[""PENDING_AUTHENTICATION"",""AUTHENTICATION_SUCCESSFUL"",""COMPLETED""]",1
auth_payer_GHHs3924651dPCQ152h7H942,445827,20189822,CYBERSOURCE,2024-08-15T06:51:39.942Z,ter_352f806f61114893b8ad32e5,,,INITIATED,[],[],[],[],[],[],["COMPLETED"],1
auth_payer_K1yS5224651Ap5O15tg7e333,445827,20189822,CYBERSOURCE,2024-08-15T06:51:52.333Z,ter_352f806f61114893b8ad32e5,05,Y,AUTHENTICATED,[],[],["Y"],["Y"],["0"],[],"[""PENDING_AUTHENTICATION"",""AUTHENTICATION_SUCCESSFUL"",""COMPLETED""]",1
auth_payer_A1ID4724654Je6715HW7h220,466515,20189822,CYBERSOURCE,2024-08-15T06:54:47.220Z,ter_352f806f61114893b8ad32e5,05,Y,AUTHENTICATED,[],[],["Y"],["Y"],["0"],[],"[""PENDING_AUTHENTICATION"",""AUTHENTICATION_SUCCESSFUL"",""COMPLETED""]",1
auth_payer_amA6424655uBBp15Ka7r591,445827,20189822,CYBERSOURCE,2024-08-15T06:55:04.591Z,ter_352f806f61114893b8ad32e5,05,Y,AUTHENTICATED,[],[],["Y"],["Y"],["0"],[],"[""PENDING_AUTHENTICATION"",""AUTHENTICATION_SUCCESSFUL"",""COMPLETED""]",1
auth_payer_QRyF39246559eaW15YD7L452,445827,20189822,CYBERSOURCE,2024-08-15T06:55:39.452Z,ter_352f806f61114893b8ad32e5,05,Y,AUTHENTICATED,[],[],["Y"],["Y"],["0"],[],"[""PENDING_AUTHENTICATION"",""AUTHENTICATION_SUCCESSFUL"",""COMPLETED""]",1
auth_payer_T749142470rAxt15nx7p222,445827,20189822,CYBERSOURCE,2024-08-15T07:00:14.222Z,ter_352f806f61114893b8ad32e5,05,Y,AUTHENTICATED,[],[],["Y"],["Y"],["0"],[],"[""PENDING_AUTHENTICATION"",""AUTHENTICATION_SUCCESSFUL"",""COMPLETED""]",1
auth_payer_1Juy724720M4N15157e236,445827,20189822,CYBERSOURCE,2024-08-15T07:02:07.236Z,ter_352f806f61114893b8ad32e5,05,Y,AUTHENTICATED,[],[],["Y"],["Y"],["0"],[],"[""PENDING_AUTHENTICATION"",""AUTHENTICATION_SUCCESSFUL"",""COMPLETED""]",1
auth_payer_ugho92472KDzH15O67h558,445827,20189822,CYBERSOURCE,2024-08-15T07:02:09.558Z,ter_352f806f61114893b8ad32e5,05,Y,AUTHENTICATED,[],[],["Y"],["Y"],["0"],[],"[""PENDING_AUTHENTICATION"",""AUTHENTICATION_SUCCESSFUL"",""COMPLETED""]",1
auth_payer_LrYn102472saOs15SR7A118,445827,20189822,CYBERSOURCE,2024-08-15T07:02:10.118Z,ter_352f806f61114893b8ad32e5,05,Y,AUTHENTICATED,[],[],["Y"],["Y"],["0"],[],"[""PENDING_AUTHENTICATION"",""AUTHENTICATION_SUCCESSFUL"",""COMPLETED""]",1
auth_payer_nWAC452473ZINc15Ml7f716,445827,20189822,CYBERSOURCE,2024-08-15T07:03:45.716Z,ter_352f806f61114893b8ad32e5,05,Y,AUTHENTICATED,[],[],["Y"],["Y"],["0"],[],"[""PENDING_AUTHENTICATION"",""AUTHENTICATION_SUCCESSFUL"",""COMPLETED""]",1
auth_payer_IbNh192475Zsr215p07s273,445827,20189822,CYBERSOURCE,2024-08-15T07:05:19.273Z,ter_352f806f61114893b8ad32e5,05,Y,AUTHENTICATED,[],[],["Y"],["Y"],["0"],[],"[""PENDING_AUTHENTICATION"",""AUTHENTICATION_SUCCESSFUL"",""COMPLETED""]",1
auth_payer_peV7552475AD4g15U17E790,464159,20189822,CYBERSOURCE,2024-08-15T07:05:55.790Z,ter_352f806f61114893b8ad32e5,05,Y,AUTHENTICATED,[],[],["Y"],["Y"],["0"],[],"[""PENDING_AUTHENTICATION"",""AUTHENTICATION_SUCCESSFUL"",""COMPLETED""]",1
auth_payer_Zsjf122476x9nF15vH7i23,445827,20189822,CYBERSOURCE,2024-08-15T07:06:12.023Z,ter_352f806f61114893b8ad32e5,05,Y,AUTHENTICATED,[],[],["Y"],["Y"],["0"],[],"[""PENDING_AUTHENTICATION"",""AUTHENTICATION_SUCCESSFUL"",""COMPLETED""]",1
auth_payer_1zBk39247677Zr15517v580,445827,20189822,CYBERSOURCE,2024-08-15T07:06:39.580Z,ter_352f806f61114893b8ad32e5,05,Y,AUTHENTICATED,[],[],["Y"],["Y"],["0"],[],"[""PENDING_AUTHENTICATION"",""AUTHENTICATION_SUCCESSFUL"",""COMPLETED""]",1
auth_payer_bqkR422476vBpd15e17x782,445827,20189822,CYBERSOURCE,2024-08-15T07:06:42.782Z,ter_352f806f61114893b8ad32e5,05,Y,AUTHENTICATED,[],[],["Y"],["Y"],["0"],[],"[""PENDING_AUTHENTICATION"",""AUTHENTICATION_SUCCESSFUL"",""COMPLETED""]",1
auth_payer_AzYc524789f1K15c974611,445827,20189822,CYBERSOURCE,2024-08-15T07:08:05.611Z,ter_352f806f61114893b8ad32e5,05,Y,AUTHENTICATED,[],[],["Y"],["Y"],["0"],[],"[""PENDING_AUTHENTICATION"",""AUTHENTICATION_SUCCESSFUL"",""COMPLETED""]",1
auth_payer_Zhjm572478FsIH15uE7E649,489022,20189822,CYBERSOURCE,2024-08-15T07:08:57.649Z,ter_352f806f61114893b8ad32e5,05,Y,AUTHENTICATED,[],[],["Y"],["Y"],["0"],[],"[""PENDING_AUTHENTICATION"",""AUTHENTICATION_SUCCESSFUL"",""COMPLETED""]",1
auth_payer_1q1f242479ADH615aq7d395,445827,20189822,CYBERSOURCE,2024-08-15T07:09:24.395Z,ter_352f806f61114893b8ad32e5,05,Y,AUTHENTICATED,[],[],["Y"],["Y"],["0"],[],"[""PENDING_AUTHENTICATION"",""AUTHENTICATION_SUCCESSFUL"",""COMPLETED""]",1
auth_payer_LIYW4824710oyTs15MG7G526,445827,20189822,CYBERSOURCE,2024-08-15T07:10:48.526Z,ter_352f806f61114893b8ad32e5,05,Y,AUTHENTICATED,[],[],["Y"],["Y"],["0"],[],"[""PENDING_AUTHENTICATION"",""AUTHENTICATION_SUCCESSFUL"",""COMPLETED""]",1
auth_payer_Mj0h4024712FU1A15dI73975,520090,28055731,CYBERSOURCE,2024-08-15T07:12:40.975Z,ter_a2f0ed2d064248a8bdabc6a2,02,Y,AUTHENTICATED,[],[],["Y"],["Y"],["0"],[],"[""PENDING_AUTHENTICATION"",""AUTHENTICATION_SUCCESSFUL"",""COMPLETED""]",1
auth_payer_445J3024713IF1W15uo7Y498,445827,20189822,CYBERSOURCE,2024-08-15T07:13:30.498Z,ter_352f806f61114893b8ad32e5,05,Y,AUTHENTICATED,[],[],["Y"],["Y"],["0"],[],"[""PENDING_AUTHENTICATION"",""AUTHENTICATION_SUCCESSFUL"",""COMPLETED""]",1
auth_payer_TUsd224715Fjrn15Nr7r837,524646,20189822,CYBERSOURCE,2024-08-15T07:15:02.837Z,ter_352f806f61114893b8ad32e5,02,Y,AUTHENTICATED,[],[],["Y"],["Y"],["0"],[],"[""PENDING_AUTHENTICATION"",""AUTHENTICATION_SUCCESSFUL"",""COMPLETED""]",1
auth_payer_6aEc2224719Jak415Xa7B147,489022,20189822,CYBERSOURCE,2024-08-15T07:19:22.147Z,ter_352f806f61114893b8ad32e5,05,Y,AUTHENTICATED,[],[],["Y"],["Y"],["0"],[],"[""PENDING_AUTHENTICATION"",""AUTHENTICATION_SUCCESSFUL"",""COMPLETED""]",1
auth_payer_hUpD924720VIW0154s78947,445827,20189822,CYBERSOURCE,2024-08-15T07:20:09.948Z,ter_352f806f61114893b8ad32e5,05,Y,AUTHENTICATED,[],[],["Y"],["Y"],["0"],[],"[""PENDING_AUTHENTICATION"",""AUTHENTICATION_SUCCESSFUL"",""COMPLETED""]",1
auth_payer_G2sI1324721ABUe15Df7i900,445827,20189822,CYBERSOURCE,2024-08-15T07:21:13.900Z,ter_352f806f61114893b8ad32e5,05,Y,AUTHENTICATED,[],[],["Y"],["Y"],["0"],[],"[""PENDING_AUTHENTICATION"",""AUTHENTICATION_SUCCESSFUL"",""COMPLETED""]",1
auth_payer_1uMN38247221Rq615Se7S706,445827,20189822,CYBERSOURCE,2024-08-15T07:22:38.706Z,ter_352f806f61114893b8ad32e5,05,Y,AUTHENTICATED,[],[],["Y"],["Y"],[],[],"[""AUTHENTICATION_SUCCESSFUL"",""COMPLETED""]",1
auth_payer_sMnq9247251FtS156P75991,445827,20189822,CYBERSOURCE,2024-08-15T07:25:09.991Z,ter_352f806f61114893b8ad32e5,05,Y,AUTHENTICATED,[],[],["Y"],["Y"],["0"],[],"[""PENDING_AUTHENTICATION"",""AUTHENTICATION_SUCCESSFUL"",""COMPLETED""]",1
auth_payer_LpCo324726vLvp15ku7m672,445827,20189822,CYBERSOURCE,2024-08-15T07:26:03.672Z,ter_352f806f61114893b8ad32e5,05,Y,AUTHENTICATED,[],[],["Y"],["Y"],["0"],[],"[""PENDING_AUTHENTICATION"",""AUTHENTICATION_SUCCESSFUL"",""COMPLETED""]",1
auth_payer_N7V1324730185o15rg70713,454887,20189822,CYBERSOURCE,2024-08-15T07:30:03.713Z,ter_352f806f61114893b8ad32e5,05,Y,AUTHENTICATED,[],[],["Y"],["Y"],["0"],[],"[""PENDING_AUTHENTICATION"",""AUTHENTICATION_SUCCESSFUL"",""COMPLETED""]",1
auth_payer_sKfr1924730Uo6u15yh7u757,445827,20189822,CYBERSOURCE,2024-08-15T07:30:19.757Z,ter_352f806f61114893b8ad32e5,05,Y,AUTHENTICATED,[],[],["Y"],["Y"],["0"],[],"[""PENDING_AUTHENTICATION"",""AUTHENTICATION_SUCCESSFUL"",""COMPLETED""]",1
auth_payer_UfJo2524732UOV215OR7t706,445827,20189822,CYBERSOURCE,2024-08-15T07:32:25.706Z,ter_352f806f61114893b8ad32e5,05,Y,AUTHENTICATED,[],[],["Y"],["Y"],["0"],[],"[""PENDING_AUTHENTICATION"",""AUTHENTICATION_SUCCESSFUL"",""COMPLETED""]",1
auth_payer_pAOf3524733L83K15bt7P133,445827,20189822,CYBERSOURCE,2024-08-15T07:33:35.133Z,ter_352f806f61114893b8ad32e5,,,INITIATED,[],[],[],[],[],[],["COMPLETED"],1
auth_payer_UKrl1724735e1RG15ll7G169,445521,20189822,CYBERSOURCE,2024-08-15T07:35:17.169Z,ter_352f806f61114893b8ad32e5,05,Y,AUTHENTICATED,[],[],["Y"],["Y"],[],[],"[""AUTHENTICATION_SUCCESSFUL"",""COMPLETED""]",1
auth_payer_e4YR3624736x6Cg15HH7X52,445827,20189822,CYBERSOURCE,2024-08-15T07:36:36.052Z,ter_352f806f61114893b8ad32e5,05,Y,AUTHENTICATED,[],[],["Y"],["Y"],["0"],[],"[""PENDING_AUTHENTICATION"",""AUTHENTICATION_SUCCESSFUL"",""COMPLETED""]",1
auth_payer_aQV142247472ydG15Mz7x492,445827,20189822,CYBERSOURCE,2024-08-15T07:47:42.492Z,ter_352f806f61114893b8ad32e5,05,Y,AUTHENTICATED,[],[],["Y"],["Y"],["0"],[],"[""PENDING_AUTHENTICATION"",""AUTHENTICATION_SUCCESSFUL"",""COMPLETED""]",1
auth_payer_tzPx124748B13515NH7n615,466515,20189822,CYBERSOURCE,2024-08-15T07:48:01.615Z,ter_352f806f61114893b8ad32e5,05,Y,AUTHENTICATED,[],[],["Y"],["Y"],["0"],[],"[""PENDING_AUTHENTICATION"",""AUTHENTICATION_SUCCESSFUL"",""COMPLETED""]",1
auth_payer_kOu74924750At8715FX7I557,466515,20189822,CYBERSOURCE,2024-08-15T07:50:49.557Z,ter_352f806f61114893b8ad32e5,05,Y,AUTHENTICATED,[],[],["Y"],["Y"],["0"],[],"[""PENDING_AUTHENTICATION"",""AUTHENTICATION_SUCCESSFUL"",""COMPLETED""]",1
auth_payer_G74A5124754NClz15Mz7L365,445827,20189822,CYBERSOURCE,2024-08-15T07:54:51.365Z,ter_352f806f61114893b8ad32e5,05,Y,AUTHENTICATED,[],[],["Y"],["Y"],["0"],[],"[""PENDING_AUTHENTICATION"",""AUTHENTICATION_SUCCESSFUL"",""COMPLETED""]",1
auth_payer_OQSV3824756B0m615dE7L620,445827,20189822,CYBERSOURCE,2024-08-15T07:56:38.620Z,ter_352f806f61114893b8ad32e5,05,Y,AUTHENTICATED,[],[],["Y"],["Y"],["0"],[],"[""PENDING_AUTHENTICATION"",""AUTHENTICATION_SUCCESSFUL"",""COMPLETED""]",1
auth_payer_1oBn2224758gLRu15kC7B251,454887,20189822,CYBERSOURCE,2024-08-15T07:58:22.251Z,ter_352f806f61114893b8ad32e5,05,Y,AUTHENTICATED,[],[],["Y"],["Y"],["0"],[],"[""PENDING_AUTHENTICATION"",""AUTHENTICATION_SUCCESSFUL"",""COMPLETED""]",1
auth_payer_MqYJ232481Y0E2153z7d298,457553,20189822,CYBERSOURCE,2024-08-15T08:01:23.299Z,ter_352f806f61114893b8ad32e5,05,Y,AUTHENTICATED,[],[],["Y"],["Y"],["0"],[],"[""PENDING_AUTHENTICATION"",""AUTHENTICATION_SUCCESSFUL"",""COMPLETED""]",1
auth_payer_vW8L332482BR4715D27m335,457927,20189822,CYBERSOURCE,2024-08-15T08:02:33.335Z,ter_352f806f61114893b8ad32e5,05,Y,AUTHENTICATED,[],[],["Y"],["Y"],["0"],[],"[""PENDING_AUTHENTICATION"",""AUTHENTICATION_SUCCESSFUL"",""COMPLETED""]",1
auth_payer_8VGs182483FAVv15mx7X622,445827,20189822,CYBERSOURCE,2024-08-15T08:03:18.622Z,ter_352f806f61114893b8ad32e5,05,Y,AUTHENTICATED,[],[],["Y"],["Y"],["0"],[],"[""PENDING_AUTHENTICATION"",""AUTHENTICATION_SUCCESSFUL"",""COMPLETED""]",1
auth_payer_OGGQ202483ofXV15To7u843,445827,20189822,CYBERSOURCE,2024-08-15T08:03:20.843Z,ter_352f806f61114893b8ad32e5,05,Y,AUTHENTICATED,[],[],["Y"],["Y"],["0"],[],"[""PENDING_AUTHENTICATION"",""AUTHENTICATION_SUCCESSFUL"",""COMPLETED""]",1
auth_payer_GkGx252483bcIv15317e326,445827,20189822,CYBERSOURCE,2024-08-15T08:03:25.326Z,ter_352f806f61114893b8ad32e5,05,Y,AUTHENTICATED,[],[],["Y"],["Y"],["0"],[],"[""PENDING_AUTHENTICATION"",""AUTHENTICATION_SUCCESSFUL"",""COMPLETED""]",1
auth_payer_c8tY12248429kj152A7z118,405433,20189822,CYBERSOURCE,2024-08-15T08:04:12.118Z,ter_352f806f61114893b8ad32e5,05,Y,AUTHENTICATED,[],[],["Y"],["Y"],[],[],"[""AUTHENTICATION_SUCCESSFUL"",""COMPLETED""]",1
auth_payer_CE1B172486inTf15HN7t333,414627,20189822,CYBERSOURCE,2024-08-15T08:06:17.333Z,ter_352f806f61114893b8ad32e5,05,Y,AUTHENTICATED,[],[],["Y"],["Y"],[],[],"[""AUTHENTICATION_SUCCESSFUL"",""COMPLETED""]",1
auth_payer_3ZUx4624864MYA15n37m853,445827,20189822,CYBERSOURCE,2024-08-15T08:06:46.853Z,ter_352f806f61114893b8ad32e5,05,Y,AUTHENTICATED,[],[],["Y"],["Y"],["0"],[],"[""PENDING_AUTHENTICATION"",""AUTHENTICATION_SUCCESSFUL"",""COMPLETED""]",1
auth_payer_Vett5124810sOb115hq7L560,489022,20189822,CYBERSOURCE,2024-08-15T08:10:51.560Z,ter_352f806f61114893b8ad32e5,05,Y,AUTHENTICATED,[],[],["Y"],["Y"],["0"],[],"[""PENDING_AUTHENTICATION"",""AUTHENTICATION_SUCCESSFUL"",""COMPLETED""]",1
auth_payer_1naB5624812KX6U15Fc74295,445827,20189822,CYBERSOURCE,2024-08-15T08:12:56.295Z,ter_352f806f61114893b8ad32e5,05,Y,AUTHENTICATED,[],[],["Y"],["Y"],["0"],[],"[""PENDING_AUTHENTICATION"",""AUTHENTICATION_SUCCESSFUL"",""COMPLETED""]",1
auth_payer_Tm6q1024813xe2n152o74180,445827,20189822,CYBERSOURCE,2024-08-15T08:13:10.180Z,ter_352f806f61114893b8ad32e5,05,Y,AUTHENTICATED,[],[],["Y"],["Y"],["0"],[],"[""PENDING_AUTHENTICATION"",""AUTHENTICATION_SUCCESSFUL"",""COMPLETED""]",1
auth_payer_d6PE3824814MV1515Zi7J58,445827,20189822,CYBERSOURCE,2024-08-15T08:14:38.058Z,ter_352f806f61114893b8ad32e5,05,Y,AUTHENTICATED,[],[],["Y"],["Y"],["0"],[],"[""PENDING_AUTHENTICATION"",""AUTHENTICATION_SUCCESSFUL"",""COMPLETED""]",1
auth_payer_Aq1i2624816ivi815EX7P914,445827,20189822,CYBERSOURCE,2024-08-15T08:16:26.914Z,ter_352f806f61114893b8ad32e5,05,Y,AUTHENTICATED,[],[],["Y"],["Y"],["0"],[],"[""PENDING_AUTHENTICATION"",""AUTHENTICATION_SUCCESSFUL"",""COMPLETED""]",1
auth_payer_WbL55624816pcCX15bq7a826,445827,20189822,CYBERSOURCE,2024-08-15T08:16:56.826Z,ter_352f806f61114893b8ad32e5,05,Y,AUTHENTICATED,[],[],["Y"],["Y"],["0"],[],"[""PENDING_AUTHENTICATION"",""AUTHENTICATION_SUCCESSFUL"",""COMPLETED""]",1
auth_payer_NH1E1724818nNlp15AO7U478,483432,20189822,CYBERSOURCE,2024-08-15T08:18:17.478Z,ter_352f806f61114893b8ad32e5,05,Y,AUTHENTICATED,[],[],["Y"],["Y"],["0"],[],"[""PENDING_AUTHENTICATION"",""AUTHENTICATION_SUCCESSFUL"",""COMPLETED""]",1
auth_payer_E4e83424818LJAQ15Cb7P326,445827,20189822,CYBERSOURCE,2024-08-15T08:18:34.326Z,ter_352f806f61114893b8ad32e5,05,Y,AUTHENTICATED,[],[],["Y"],["Y"],["0"],[],"[""PENDING_AUTHENTICATION"",""AUTHENTICATION_SUCCESSFUL"",""COMPLETED""]",1
auth_payer_cdGM324819Wu4L15SJ7258,405433,20189822,CYBERSOURCE,2024-08-15T08:19:03.058Z,ter_352f806f61114893b8ad32e5,05,Y,AUTHENTICATED,[],[],["Y"],["Y"],[],[],"[""AUTHENTICATION_SUCCESSFUL"",""COMPLETED""]",1
auth_payer_6KZH824820vH3W15HU7x939,445827,20189822,CYBERSOURCE,2024-08-15T08:20:08.939Z,ter_352f806f61114893b8ad32e5,05,Y,AUTHENTICATED,[],[],["Y"],["Y"],["0"],[],"[""PENDING_AUTHENTICATION"",""AUTHENTICATION_SUCCESSFUL"",""COMPLETED""]",1
auth_payer_fXTr424823VQN415bd74523,445827,20189822,CYBERSOURCE,2024-08-15T08:23:04.523Z,ter_352f806f61114893b8ad32e5,05,Y,AUTHENTICATED,[],[],["Y"],["Y"],["0"],[],"[""PENDING_AUTHENTICATION"",""AUTHENTICATION_SUCCESSFUL"",""COMPLETED""]",1
auth_payer_bqlm824825RvaP15TM7j896,445827,20189822,CYBERSOURCE,2024-08-15T08:25:08.896Z,ter_352f806f61114893b8ad32e5,05,Y,AUTHENTICATED,[],[],["Y"],["Y"],["0"],[],"[""PENDING_AUTHENTICATION"",""AUTHENTICATION_SUCCESSFUL"",""COMPLETED""]",1
auth_payer_ZCWN3224825De2c15Fq7v381,445827,20189822,CYBERSOURCE,2024-08-15T08:25:32.381Z,ter_352f806f61114893b8ad32e5,05,Y,AUTHENTICATED,[],[],["Y"],["Y"],["0"],[],"[""PENDING_AUTHENTICATION"",""AUTHENTICATION_SUCCESSFUL"",""COMPLETED""]",1
auth_payer_FEjY4624825oaQi159R7p278,445827,20189822,CYBERSOURCE,2024-08-15T08:25:46.278Z,ter_352f806f61114893b8ad32e5,05,Y,AUTHENTICATED,[],[],["Y"],["Y"],["0"],[],"[""PENDING_AUTHENTICATION"",""AUTHENTICATION_SUCCESSFUL"",""COMPLETED""]",1
auth_payer_Jjjy4248278ZVG15Zc76276,445827,20189822,CYBERSOURCE,2024-08-15T08:27:04.276Z,ter_352f806f61114893b8ad32e5,05,Y,AUTHENTICATED,[],[],["Y"],["Y"],["0"],[],"[""PENDING_AUTHENTICATION"",""AUTHENTICATION_SUCCESSFUL"",""COMPLETED""]",1
auth_payer_ui1B5324827iaOa15In73874,405433,20189822,CYBERSOURCE,2024-08-15T08:27:53.874Z,ter_352f806f61114893b8ad32e5,05,Y,AUTHENTICATED,[],[],["Y"],["Y"],[],[],"[""AUTHENTICATION_SUCCESSFUL"",""COMPLETED""]",1
auth_payer_LgXy2924828XJrt15yv7L966,445827,20189822,CYBERSOURCE,2024-08-15T08:28:29.966Z,ter_352f806f61114893b8ad32e5,05,Y,AUTHENTICATED,[],[],["Y"],["Y"],["0"],[],"[""PENDING_AUTHENTICATION"",""AUTHENTICATION_SUCCESSFUL"",""COMPLETED""]",1
auth_payer_N6V03724828FLM615xq78503,445827,20189822,CYBERSOURCE,2024-08-15T08:28:37.503Z,ter_352f806f61114893b8ad32e5,05,Y,AUTHENTICATED,[],[],["Y"],["Y"],["0"],[],"[""PENDING_AUTHENTICATION"",""AUTHENTICATION_SUCCESSFUL"",""COMPLETED""]",1
auth_payer_aAhx1924830p7ld15u67c430,445827,20189822,CYBERSOURCE,2024-08-15T08:30:19.430Z,ter_352f806f61114893b8ad32e5,05,Y,AUTHENTICATED,[],[],["Y"],["Y"],[],[],"[""AUTHENTICATION_SUCCESSFUL"",""COMPLETED""]",1
auth_payer_ZLp81724831Dn0n15fR72948,445827,20189822,CYBERSOURCE,2024-08-15T08:31:17.948Z,ter_352f806f61114893b8ad32e5,05,Y,AUTHENTICATED,[],[],["Y"],["Y"],["0"],[],"[""PENDING_AUTHENTICATION"",""AUTHENTICATION_SUCCESSFUL"",""COMPLETED""]",1
auth_payer_JrxB2424831aqfz15Sf7q177,483432,20189822,CYBERSOURCE,2024-08-15T08:31:24.177Z,ter_352f806f61114893b8ad32e5,05,Y,AUTHENTICATED,[],[],["Y"],["Y"],["0"],[],"[""PENDING_AUTHENTICATION"",""AUTHENTICATION_SUCCESSFUL"",""COMPLETED""]",1
auth_payer_m4SA4124831c8KQ15RN7O138,445827,20189822,CYBERSOURCE,2024-08-15T08:31:41.139Z,ter_352f806f61114893b8ad32e5,05,Y,AUTHENTICATED,[],[],["Y"],["Y"],["0"],[],"[""PENDING_AUTHENTICATION"",""AUTHENTICATION_SUCCESSFUL"",""COMPLETED""]",1
auth_payer_o1lz2424832i5d015VI7v225,445827,20189822,CYBERSOURCE,2024-08-15T08:32:24.226Z,ter_352f806f61114893b8ad32e5,05,Y,AUTHENTICATED,[],[],["Y"],["Y"],["0"],[],"[""PENDING_AUTHENTICATION"",""AUTHENTICATION_SUCCESSFUL"",""COMPLETED""]",1
auth_payer_aeRU5824832Eitr15677A359,445827,20189822,CYBERSOURCE,2024-08-15T08:32:58.359Z,ter_352f806f61114893b8ad32e5,05,Y,AUTHENTICATED,[],[],["Y"],["Y"],["0"],[],"[""PENDING_AUTHENTICATION"",""AUTHENTICATION_SUCCESSFUL"",""COMPLETED""]",1
auth_payer_t65L524833gsWp158i7q24,445827,20189822,CYBERSOURCE,2024-08-15T08:33:05.024Z,ter_352f806f61114893b8ad32e5,05,Y,AUTHENTICATED,[],[],["Y"],["Y"],["0"],[],"[""PENDING_AUTHENTICATION"",""AUTHENTICATION_SUCCESSFUL"",""COMPLETED""]",1
auth_payer_58qx5324834t8Cp15Jd7L330,445827,20189822,CYBERSOURCE,2024-08-15T08:34:53.330Z,ter_352f806f61114893b8ad32e5,05,Y,AUTHENTICATED,[],[],["Y"],["Y"],["0"],[],"[""PENDING_AUTHENTICATION"",""AUTHENTICATION_SUCCESSFUL"",""COMPLETED""]",1
auth_payer_WZpD4324836fQ2515nz79513,445827,20189822,CYBERSOURCE,2024-08-15T08:36:43.513Z,ter_352f806f61114893b8ad32e5,05,Y,AUTHENTICATED,[],[],["Y"],["Y"],["0"],[],"[""PENDING_AUTHENTICATION"",""AUTHENTICATION_SUCCESSFUL"",""COMPLETED""]",1
auth_payer_OASY49248426f5y15qV7Y181,445827,20189822,CYBERSOURCE,2024-08-15T08:42:49.181Z,ter_352f806f61114893b8ad32e5,05,Y,AUTHENTICATED,[],[],["Y"],["Y"],["0"],[],"[""PENDING_AUTHENTICATION"",""AUTHENTICATION_SUCCESSFUL"",""COMPLETED""]",1
auth_payer_R64d5224842ooiY15Yt7K362,445827,20189822,CYBERSOURCE,2024-08-15T08:42:52.362Z,ter_352f806f61114893b8ad32e5,05,Y,AUTHENTICATED,[],[],["Y"],["Y"],["0"],[],"[""PENDING_AUTHENTICATION"",""AUTHENTICATION_SUCCESSFUL"",""COMPLETED""]",1
auth_payer_lMr435248430fT015Ae7s96,445827,20189822,CYBERSOURCE,2024-08-15T08:43:35.096Z,ter_352f806f61114893b8ad32e5,05,Y,AUTHENTICATED,[],[],["Y"],["Y"],["0"],[],"[""PENDING_AUTHENTICATION"",""AUTHENTICATION_SUCCESSFUL"",""COMPLETED""]",1
auth_payer_iPX012248445yD915BJ7Y801,516815,28056094,CYBERSOURCE,2024-08-15T08:44:12.801Z,ter_352f806f61114893b8ad32e5,00,R,FAILED,[],[],["Y"],["R"],[],[],"[""AUTHENTICATION_FAILED"",""COMPLETED""]",1
auth_payer_6Wmi1524844chnM15rp71122,433072,20189822,CYBERSOURCE,2024-08-15T08:44:15.122Z,ter_352f806f61114893b8ad32e5,05,Y,AUTHENTICATED,[],[],["Y"],["Y"],["0"],[],"[""PENDING_AUTHENTICATION"",""AUTHENTICATION_SUCCESSFUL"",""COMPLETED""]",1
auth_payer_ccZ329248457xmj15Ro73771,445827,20189822,CYBERSOURCE,2024-08-15T08:45:29.771Z,ter_352f806f61114893b8ad32e5,05,Y,AUTHENTICATED,[],[],["Y"],["Y"],["0"],[],"[""PENDING_AUTHENTICATION"",""AUTHENTICATION_SUCCESSFUL"",""COMPLETED""]",1
auth_payer_GmyG4024845shZU15iO77557,524646,20189822,CYBERSOURCE,2024-08-15T08:45:40.557Z,ter_352f806f61114893b8ad32e5,02,Y,AUTHENTICATED,[],[],["Y"],["Y"],["0"],[],"[""PENDING_AUTHENTICATION"",""AUTHENTICATION_SUCCESSFUL"",""COMPLETED""]",1
auth_payer_7xo053248455ysi15s07Y128,445687,20189822,CYBERSOURCE,2024-08-15T08:45:53.128Z,ter_352f806f61114893b8ad32e5,05,Y,AUTHENTICATED,[],[],["Y"],["Y"],["0"],[],"[""PENDING_AUTHENTICATION"",""AUTHENTICATION_SUCCESSFUL"",""COMPLETED""]",1
auth_payer_v2y35824845nKtH15Gt7F691,445827,20189822,CYBERSOURCE,2024-08-15T08:45:58.691Z,ter_352f806f61114893b8ad32e5,05,Y,AUTHENTICATED,[],[],["Y"],["Y"],["0"],[],"[""PENDING_AUTHENTICATION"",""AUTHENTICATION_SUCCESSFUL"",""COMPLETED""]",1
auth_payer_G5W44424847HPKQ15bV7E173,445827,20189822,CYBERSOURCE,2024-08-15T08:47:44.173Z,ter_352f806f61114893b8ad32e5,05,Y,AUTHENTICATED,[],[],["Y"],["Y"],["0"],[],"[""PENDING_AUTHENTICATION"",""AUTHENTICATION_SUCCESSFUL"",""COMPLETED""]",1
auth_payer_RWg95824848Ierh15l278626,445827,20189822,CYBERSOURCE,2024-08-15T08:48:58.626Z,ter_352f806f61114893b8ad32e5,05,Y,AUTHENTICATED,[],[],["Y"],["Y"],["0"],[],"[""PENDING_AUTHENTICATION"",""AUTHENTICATION_SUCCESSFUL"",""COMPLETED""]",1
auth_payer_NbgK2524849H1mt15Io7R514,445827,20189822,CYBERSOURCE,2024-08-15T08:49:25.514Z,ter_352f806f61114893b8ad32e5,05,Y,AUTHENTICATED,[],[],["Y"],["Y"],["0"],[],"[""PENDING_AUTHENTICATION"",""AUTHENTICATION_SUCCESSFUL"",""COMPLETED""]",1
auth_payer_1oGB4124849H16215bI7L722,483115,20189822,CYBERSOURCE,2024-08-15T08:49:41.722Z,ter_352f806f61114893b8ad32e5,05,Y,AUTHENTICATED,[],[],["Y"],["Y"],["0"],[],"[""PENDING_AUTHENTICATION"",""AUTHENTICATION_SUCCESSFUL"",""COMPLETED""]",1
auth_payer_TVCt5324849hb7b15sl7p905,445827,20189822,CYBERSOURCE,2024-08-15T08:49:53.905Z,ter_352f806f61114893b8ad32e5,05,Y,AUTHENTICATED,[],[],["Y"],["Y"],[],[],"[""AUTHENTICATION_SUCCESSFUL"",""COMPLETED""]",1
auth_payer_WUxo2024850SuxV15zM78961,445827,20189822,CYBERSOURCE,2024-08-15T08:50:20.961Z,ter_352f806f61114893b8ad32e5,05,Y,AUTHENTICATED,[],[],["Y"],["Y"],["0"],[],"[""PENDING_AUTHENTICATION"",""AUTHENTICATION_SUCCESSFUL"",""COMPLETED""]",1
auth_payer_eW8e5824850dRUi158q75768,445827,20189822,CYBERSOURCE,2024-08-15T08:50:58.768Z,ter_352f806f61114893b8ad32e5,05,Y,AUTHENTICATED,[],[],["Y"],["Y"],["0"],[],"[""PENDING_AUTHENTICATION"",""AUTHENTICATION_SUCCESSFUL"",""COMPLETED""]",1
auth_payer_cjcN5924850bT4g15ng7D374,445827,20189822,CYBERSOURCE,2024-08-15T08:50:59.374Z,ter_352f806f61114893b8ad32e5,05,Y,AUTHENTICATED,[],[],["Y"],["Y"],["0"],[],"[""PENDING_AUTHENTICATION"",""AUTHENTICATION_SUCCESSFUL"",""COMPLETED""]",1
auth_payer_DgGK524851SEqK15nW75217,518694,20189822,CYBERSOURCE,2024-08-15T08:51:05.218Z,ter_352f806f61114893b8ad32e5,02,Y,AUTHENTICATED,[],[],["Y"],["Y"],["0"],[],"[""PENDING_AUTHENTICATION"",""AUTHENTICATION_SUCCESSFUL"",""COMPLETED""]",1
auth_payer_dIsV5724851M6qK157g7s595,445827,20189822,CYBERSOURCE,2024-08-15T08:51:57.596Z,ter_352f806f61114893b8ad32e5,05,Y,AUTHENTICATED,[],[],["Y"],["Y"],["0"],[],"[""PENDING_AUTHENTICATION"",""AUTHENTICATION_SUCCESSFUL"",""COMPLETED""]",1
auth_payer_RuBS1024852TyaD15Rr7e9,445827,20189822,CYBERSOURCE,2024-08-15T08:52:10.009Z,ter_352f806f61114893b8ad32e5,,,INITIATED,[],[],[],[],[],[],["COMPLETED"],1
auth_payer_5dI42224852b42I15Il7W645,445827,20189822,CYBERSOURCE,2024-08-15T08:52:22.645Z,ter_352f806f61114893b8ad32e5,05,Y,AUTHENTICATED,[],[],["Y"],["Y"],["0"],[],"[""PENDING_AUTHENTICATION"",""AUTHENTICATION_SUCCESSFUL"",""COMPLETED""]",1
auth_payer_t9Gd3324853xxDh15FM7q872,445827,20189822,CYBERSOURCE,2024-08-15T08:53:33.872Z,ter_352f806f61114893b8ad32e5,05,Y,AUTHENTICATED,[],[],["Y"],["Y"],["0"],[],"[""PENDING_AUTHENTICATION"",""AUTHENTICATION_SUCCESSFUL"",""COMPLETED""]",1
auth_payer_7IZp4424853ZSvv15A77d326,445827,20189822,CYBERSOURCE,2024-08-15T08:53:44.326Z,ter_352f806f61114893b8ad32e5,05,Y,AUTHENTICATED,[],[],["Y"],["Y"],["0"],[],"[""PENDING_AUTHENTICATION"",""AUTHENTICATION_SUCCESSFUL"",""COMPLETED""]",1
auth_payer_6xsE3324854o78c15vA7X188,445827,20189822,CYBERSOURCE,2024-08-15T08:54:33.189Z,ter_352f806f61114893b8ad32e5,05,Y,AUTHENTICATED,[],[],["Y"],["Y"],["0"],[],"[""PENDING_AUTHENTICATION"",""AUTHENTICATION_SUCCESSFUL"",""COMPLETED""]",1
auth_payer_22hD3724854KmVM15Ne7V145,445827,20189822,CYBERSOURCE,2024-08-15T08:54:37.145Z,ter_352f806f61114893b8ad32e5,05,Y,AUTHENTICATED,[],[],["Y"],["Y"],[],[],"[""AUTHENTICATION_SUCCESSFUL"",""COMPLETED""]",1
auth_payer_OEBb4724854aZTQ15v87p272,445827,20189822,CYBERSOURCE,2024-08-15T08:54:47.272Z,ter_352f806f61114893b8ad32e5,05,Y,AUTHENTICATED,[],[],["Y"],["Y"],["0"],[],"[""PENDING_AUTHENTICATION"",""AUTHENTICATION_SUCCESSFUL"",""COMPLETED""]",1
auth_payer_TpJc5924854M1d815xP73727,524197,20189822,CYBERSOURCE,2024-08-15T08:54:59.727Z,ter_352f806f61114893b8ad32e5,02,Y,AUTHENTICATED,[],[],["Y"],["Y"],["0"],[],"[""PENDING_AUTHENTICATION"",""AUTHENTICATION_SUCCESSFUL"",""COMPLETED""]",1
auth_payer_lzVr524855CF1q15S67a283,445827,20189822,CYBERSOURCE,2024-08-15T08:55:05.283Z,ter_352f806f61114893b8ad32e5,05,Y,AUTHENTICATED,[],[],["Y"],["Y"],["0"],[],"[""PENDING_AUTHENTICATION"",""AUTHENTICATION_SUCCESSFUL"",""COMPLETED""]",1
auth_payer_GdA01924855Zjqu15YX71475,445827,20189822,CYBERSOURCE,2024-08-15T08:55:19.475Z,ter_352f806f61114893b8ad32e5,05,Y,AUTHENTICATED,[],[],["Y"],["Y"],["0"],[],"[""PENDING_AUTHENTICATION"",""AUTHENTICATION_SUCCESSFUL"",""COMPLETED""]",1
auth_payer_OmHK3124855cn5Y15PL7M185,445827,20189822,CYBERSOURCE,2024-08-15T08:55:31.185Z,ter_352f806f61114893b8ad32e5,05,Y,AUTHENTICATED,[],[],["Y"],["Y"],["0"],[],"[""PENDING_AUTHENTICATION"",""AUTHENTICATION_SUCCESSFUL"",""COMPLETED""]",1
auth_payer_TuCG3524855473U15qZ7p606,445687,20189822,CYBERSOURCE,2024-08-15T08:55:35.606Z,ter_352f806f61114893b8ad32e5,05,Y,AUTHENTICATED,[],[],["Y"],["Y"],["0"],[],"[""PENDING_AUTHENTICATION"",""AUTHENTICATION_SUCCESSFUL"",""COMPLETED""]",1
auth_payer_qHeD624856TigT15jq7v180,445827,20189822,CYBERSOURCE,2024-08-15T08:56:06.180Z,ter_352f806f61114893b8ad32e5,05,Y,AUTHENTICATED,[],[],["Y"],["Y"],["0"],[],"[""PENDING_AUTHENTICATION"",""AUTHENTICATION_SUCCESSFUL"",""COMPLETED""]",1
auth_payer_iQq32024856FcQ915Ck70336,445827,20189822,CYBERSOURCE,2024-08-15T08:56:20.336Z,ter_352f806f61114893b8ad32e5,05,Y,AUTHENTICATED,[],[],["Y"],["Y"],["0"],[],"[""PENDING_AUTHENTICATION"",""AUTHENTICATION_SUCCESSFUL"",""COMPLETED""]",1
auth_payer_rhdF3424857ocUI15CW7I401,445827,20189822,CYBERSOURCE,2024-08-15T08:57:34.401Z,ter_352f806f61114893b8ad32e5,05,Y,AUTHENTICATED,[],[],["Y"],["Y"],["0"],[],"[""PENDING_AUTHENTICATION"",""AUTHENTICATION_SUCCESSFUL"",""COMPLETED""]",1
auth_payer_pIY53324859ODDm15kQ7u844,445827,20189822,CYBERSOURCE,2024-08-15T08:59:33.844Z,ter_352f806f61114893b8ad32e5,05,Y,AUTHENTICATED,[],[],["Y"],["Y"],["0"],[],"[""PENDING_AUTHENTICATION"",""AUTHENTICATION_SUCCESSFUL"",""COMPLETED""]",1
auth_payer_TfZH102490ryyH15Nv7N787,445827,20189822,CYBERSOURCE,2024-08-15T09:00:10.787Z,ter_352f806f61114893b8ad32e5,05,Y,AUTHENTICATED,[],[],["Y"],["Y"],["0"],[],"[""PENDING_AUTHENTICATION"",""AUTHENTICATION_SUCCESSFUL"",""COMPLETED""]",1
auth_payer_SEAK32249040D515nl74649,445827,20189822,CYBERSOURCE,2024-08-15T09:00:32.649Z,ter_352f806f61114893b8ad32e5,05,Y,AUTHENTICATED,[],[],["Y"],["Y"],["0"],[],"[""PENDING_AUTHENTICATION"",""AUTHENTICATION_SUCCESSFUL"",""COMPLETED""]",1
auth_payer_hWlu472490q2Ul15qF7Z699,445827,20189822,CYBERSOURCE,2024-08-15T09:00:47.699Z,ter_352f806f61114893b8ad32e5,05,Y,AUTHENTICATED,[],[],["Y"],["Y"],["0"],[],"[""PENDING_AUTHENTICATION"",""AUTHENTICATION_SUCCESSFUL"",""COMPLETED""]",1
auth_payer_xpVC522490lYuz15Hp7J254,445827,20189822,CYBERSOURCE,2024-08-15T09:00:52.254Z,ter_352f806f61114893b8ad32e5,05,Y,AUTHENTICATED,[],[],["Y"],["Y"],["0"],[],"[""PENDING_AUTHENTICATION"",""AUTHENTICATION_SUCCESSFUL"",""COMPLETED""]",1
auth_payer_QxiV262491izPD15JY7n740,445827,20189822,CYBERSOURCE,2024-08-15T09:01:26.741Z,ter_352f806f61114893b8ad32e5,05,Y,AUTHENTICATED,[],[],["Y"],["Y"],["0"],[],"[""PENDING_AUTHENTICATION"",""AUTHENTICATION_SUCCESSFUL"",""COMPLETED""]",1
auth_payer_yQPv332491V9ef15n27A11,445827,20189822,CYBERSOURCE,2024-08-15T09:01:33.011Z,ter_352f806f61114893b8ad32e5,05,Y,AUTHENTICATED,[],[],["Y"],["Y"],["0"],[],"[""PENDING_AUTHENTICATION"",""AUTHENTICATION_SUCCESSFUL"",""COMPLETED""]",1
auth_payer_xyJm12493d9iF15EA75830,445827,20189822,CYBERSOURCE,2024-08-15T09:03:01.830Z,ter_352f806f61114893b8ad32e5,05,Y,AUTHENTICATED,[],[],["Y"],["Y"],["0"],[],"[""PENDING_AUTHENTICATION"",""AUTHENTICATION_SUCCESSFUL"",""COMPLETED""]",1
auth_payer_XzUY2224933Ttq15Hg7f888,445827,20189822,CYBERSOURCE,2024-08-15T09:03:22.888Z,ter_352f806f61114893b8ad32e5,05,Y,AUTHENTICATED,[],[],["Y"],["Y"],[],[],"[""AUTHENTICATION_SUCCESSFUL"",""COMPLETED""]",1
auth_payer_7Sx3472493s1Dy15vL7p299,445827,20189822,CYBERSOURCE,2024-08-15T09:03:47.299Z,ter_352f806f61114893b8ad32e5,05,Y,AUTHENTICATED,[],[],["Y"],["Y"],["0"],[],"[""PENDING_AUTHENTICATION"",""AUTHENTICATION_SUCCESSFUL"",""COMPLETED""]",1
auth_payer_XJnA1624956YO315X37v138,445827,20189822,CYBERSOURCE,2024-08-15T09:05:16.138Z,ter_352f806f61114893b8ad32e5,05,Y,AUTHENTICATED,[],[],["Y"],["Y"],["0"],[],"[""PENDING_AUTHENTICATION"",""AUTHENTICATION_SUCCESSFUL"",""COMPLETED""]",1
auth_payer_22zE512497Yf0X15be7P176,445827,20189822,CYBERSOURCE,2024-08-15T09:07:51.176Z,ter_352f806f61114893b8ad32e5,05,Y,AUTHENTICATED,[],[],["Y"],["Y"],["0"],[],"[""PENDING_AUTHENTICATION"",""AUTHENTICATION_SUCCESSFUL"",""COMPLETED""]",1
auth_payer_R8MJ522497Zrob15ck7j525,445827,20189822,CYBERSOURCE,2024-08-15T09:07:52.525Z,ter_352f806f61114893b8ad32e5,05,Y,AUTHENTICATED,[],[],["Y"],["Y"],["0"],[],"[""PENDING_AUTHENTICATION"",""AUTHENTICATION_SUCCESSFUL"",""COMPLETED""]",1
auth_payer_b1Y232499cGWA15iI7Y866,445827,20189822,CYBERSOURCE,2024-08-15T09:09:03.866Z,ter_352f806f61114893b8ad32e5,05,Y,AUTHENTICATED,[],[],["Y"],["Y"],[],[],"[""AUTHENTICATION_SUCCESSFUL"",""COMPLETED""]",1
auth_payer_vvLU424911hBJn15t87Q549,445827,20189822,CYBERSOURCE,2024-08-15T09:11:04.549Z,ter_352f806f61114893b8ad32e5,05,Y,AUTHENTICATED,[],[],["Y"],["Y"],["0"],[],"[""PENDING_AUTHENTICATION"",""AUTHENTICATION_SUCCESSFUL"",""COMPLETED""]",1
auth_payer_ZjEY3224912Jnzi15lm7D670,445827,20189822,CYBERSOURCE,2024-08-15T09:12:32.670Z,ter_352f806f61114893b8ad32e5,05,Y,AUTHENTICATED,[],[],["Y"],["Y"],["0"],[],"[""PENDING_AUTHENTICATION"",""AUTHENTICATION_SUCCESSFUL"",""COMPLETED""]",1
auth_payer_XPlf024913c3Ae15Gl7z364,445827,20189822,CYBERSOURCE,2024-08-15T09:13:00.364Z,ter_352f806f61114893b8ad32e5,05,Y,AUTHENTICATED,[],[],["Y"],["Y"],["0"],[],"[""PENDING_AUTHENTICATION"",""AUTHENTICATION_SUCCESSFUL"",""COMPLETED""]",1
auth_payer_c0oF4424913D2v915sT7h825,524646,20189822,CYBERSOURCE,2024-08-15T09:13:44.825Z,ter_352f806f61114893b8ad32e5,02,Y,AUTHENTICATED,[],[],["Y"],["Y"],["0"],[],"[""PENDING_AUTHENTICATION"",""AUTHENTICATION_SUCCESSFUL"",""COMPLETED""]",1
auth_payer_UN705624913xvPH153j7K793,523968,20189822,CYBERSOURCE,2024-08-15T09:13:56.793Z,ter_352f806f61114893b8ad32e5,02,Y,AUTHENTICATED,[],[],["Y"],["Y"],["0"],[],"[""PENDING_AUTHENTICATION"",""AUTHENTICATION_SUCCESSFUL"",""COMPLETED""]",1
auth_payer_VgeV2724915S3ET15Bv7m438,445827,20189822,CYBERSOURCE,2024-08-15T09:15:27.438Z,ter_352f806f61114893b8ad32e5,05,Y,AUTHENTICATED,[],[],["Y"],["Y"],["0"],[],"[""PENDING_AUTHENTICATION"",""AUTHENTICATION_SUCCESSFUL"",""COMPLETED""]",1
auth_payer_S0ep5324915Lttz15ZQ7l759,445827,20189822,CYBERSOURCE,2024-08-15T09:15:53.759Z,ter_352f806f61114893b8ad32e5,05,Y,AUTHENTICATED,[],[],["Y"],["Y"],["0"],[],"[""PENDING_AUTHENTICATION"",""AUTHENTICATION_SUCCESSFUL"",""COMPLETED""]",1
auth_payer_B7hN5624915WoLS15VO7H860,445827,20189822,CYBERSOURCE,2024-08-15T09:15:56.860Z,ter_352f806f61114893b8ad32e5,05,Y,AUTHENTICATED,[],[],["Y"],["Y"],["0"],[],"[""PENDING_AUTHENTICATION"",""AUTHENTICATION_SUCCESSFUL"",""COMPLETED""]",1
auth_payer_Um472124917jobx15hO7P125,445827,20189822,CYBERSOURCE,2024-08-15T09:17:21.125Z,ter_352f806f61114893b8ad32e5,05,Y,AUTHENTICATED,[],[],["Y"],["Y"],["0"],[],"[""PENDING_AUTHENTICATION"",""AUTHENTICATION_SUCCESSFUL"",""COMPLETED""]",1
auth_payer_rPrQ40249171d2K15Tc7q252,457553,20189822,CYBERSOURCE,2024-08-15T09:17:40.252Z,ter_352f806f61114893b8ad32e5,,,PENDING,[],[],["Y"],[],[],[],"[""PENDING_AUTHENTICATION"",""COMPLETED""]",1
auth_payer_rO6J53249178R6515FQ7Y678,445827,20189822,CYBERSOURCE,2024-08-15T09:17:53.678Z,ter_352f806f61114893b8ad32e5,05,Y,AUTHENTICATED,[],[],["Y"],["Y"],[],[],"[""AUTHENTICATION_SUCCESSFUL"",""COMPLETED""]",1
auth_payer_cQGm3724918tchR15Vj7I253,445827,20189822,CYBERSOURCE,2024-08-15T09:18:37.253Z,ter_352f806f61114893b8ad32e5,05,Y,AUTHENTICATED,[],[],["Y"],["Y"],["0"],[],"[""PENDING_AUTHENTICATION"",""AUTHENTICATION_SUCCESSFUL"",""COMPLETED""]",1
auth_payer_jCIq4124918BSHd150B7M576,445827,20189822,CYBERSOURCE,2024-08-15T09:18:41.576Z,ter_352f806f61114893b8ad32e5,05,Y,AUTHENTICATED,[],[],["Y"],["Y"],["0"],[],"[""PENDING_AUTHENTICATION"",""AUTHENTICATION_SUCCESSFUL"",""COMPLETED""]",1
auth_payer_BUu34024920YLIt15My7O374,445827,20189822,CYBERSOURCE,2024-08-15T09:20:40.374Z,ter_352f806f61114893b8ad32e5,05,Y,AUTHENTICATED,[],[],["Y"],["Y"],[],[],"[""AUTHENTICATION_SUCCESSFUL"",""COMPLETED""]",1
auth_payer_Up1V57249215MdC15N77K329,445827,20189822,CYBERSOURCE,2024-08-15T09:21:57.329Z,ter_352f806f61114893b8ad32e5,05,Y,AUTHENTICATED,[],[],["Y"],["Y"],["0"],[],"[""PENDING_AUTHENTICATION"",""AUTHENTICATION_SUCCESSFUL"",""COMPLETED""]",1
auth_payer_9eIH2624923VD4r15y77Q390,466515,20189822,CYBERSOURCE,2024-08-15T09:23:26.390Z,ter_352f806f61114893b8ad32e5,05,Y,AUTHENTICATED,[],[],["Y"],["Y"],["0"],[],"[""PENDING_AUTHENTICATION"",""AUTHENTICATION_SUCCESSFUL"",""COMPLETED""]",1
auth_payer_G6gb3224923BpjD15Y87b152,524646,20189822,CYBERSOURCE,2024-08-15T09:23:32.152Z,ter_352f806f61114893b8ad32e5,02,Y,AUTHENTICATED,[],[],["Y"],["Y"],["0"],[],"[""PENDING_AUTHENTICATION"",""AUTHENTICATION_SUCCESSFUL"",""COMPLETED""]",1
auth_payer_33fd3824923BWAO15sJ7u584,414627,20189822,CYBERSOURCE,2024-08-15T09:23:38.585Z,ter_352f806f61114893b8ad32e5,05,Y,AUTHENTICATED,[],[],["Y"],["Y"],[],[],"[""AUTHENTICATION_SUCCESSFUL"",""COMPLETED""]",1
auth_payer_lE6t3524924qrjd15q57X32,445827,20189822,CYBERSOURCE,2024-08-15T09:24:35.032Z,ter_352f806f61114893b8ad32e5,05,Y,AUTHENTICATED,[],[],["Y"],["Y"],["0"],[],"[""PENDING_AUTHENTICATION"",""AUTHENTICATION_SUCCESSFUL"",""COMPLETED""]",1
auth_payer_kLB95724925jg5E15ag7A519,414627,20189822,CYBERSOURCE,2024-08-15T09:25:57.519Z,ter_352f806f61114893b8ad32e5,05,Y,AUTHENTICATED,[],[],["Y"],["Y"],[],[],"[""AUTHENTICATION_SUCCESSFUL"",""COMPLETED""]",1
auth_payer_UNfN2324932Fd2Y15af71411,445827,20189822,CYBERSOURCE,2024-08-15T09:32:23.411Z,ter_352f806f61114893b8ad32e5,05,Y,AUTHENTICATED,[],[],["Y"],["Y"],["0"],[],"[""PENDING_AUTHENTICATION"",""AUTHENTICATION_SUCCESSFUL"",""COMPLETED""]",1
auth_payer_yZ521424933vK6U153a7A732,428679,20189822,CYBERSOURCE,2024-08-15T09:33:14.732Z,ter_352f806f61114893b8ad32e5,05,Y,AUTHENTICATED,[],[],["Y"],["Y"],["0"],[],"[""PENDING_AUTHENTICATION"",""AUTHENTICATION_SUCCESSFUL"",""COMPLETED""]",1
auth_payer_BYMr1224936kEdi15oz7J885,518694,20189822,CYBERSOURCE,2024-08-15T09:36:12.886Z,ter_352f806f61114893b8ad32e5,02,Y,AUTHENTICATED,[],[],["Y"],["Y"],["0"],[],"[""PENDING_AUTHENTICATION"",""AUTHENTICATION_SUCCESSFUL"",""COMPLETED""]",1
auth_payer_1LOZ4224941eFQG15Y17k617,429927,20189822,CYBERSOURCE,2024-08-15T09:41:42.617Z,ter_352f806f61114893b8ad32e5,05,Y,AUTHENTICATED,[],[],["Y"],["Y"],[],[],"[""AUTHENTICATION_SUCCESSFUL"",""COMPLETED""]",1
auth_payer_Ldox5024941ylO515GY75998,445827,20189822,CYBERSOURCE,2024-08-15T09:41:50.999Z,ter_352f806f61114893b8ad32e5,05,Y,AUTHENTICATED,[],[],["Y"],["Y"],["0"],[],"[""PENDING_AUTHENTICATION"",""AUTHENTICATION_SUCCESSFUL"",""COMPLETED""]",1
auth_payer_hJZt13249435djX15s07H211,445827,20189822,CYBERSOURCE,2024-08-15T09:43:13.211Z,ter_352f806f61114893b8ad32e5,05,Y,AUTHENTICATED,[],[],["Y"],["Y"],["0"],[],"[""PENDING_AUTHENTICATION"",""AUTHENTICATION_SUCCESSFUL"",""COMPLETED""]",1
auth_payer_vUlQ024944lcir15H37n607,445827,20189822,CYBERSOURCE,2024-08-15T09:44:00.607Z,ter_352f806f61114893b8ad32e5,05,Y,AUTHENTICATED,[],[],["Y"],["Y"],[],[],"[""AUTHENTICATION_SUCCESSFUL"",""COMPLETED""]",1
auth_payer_Fyka4024944hSZv15p27W402,445827,20189822,CYBERSOURCE,2024-08-15T09:44:40.402Z,ter_352f806f61114893b8ad32e5,05,Y,AUTHENTICATED,[],[],["Y"],["Y"],["0"],[],"[""PENDING_AUTHENTICATION"",""AUTHENTICATION_SUCCESSFUL"",""COMPLETED""]",1
auth_payer_BjLr524951icyf15tp7I764,524197,20189822,CYBERSOURCE,2024-08-15T09:51:05.764Z,ter_352f806f61114893b8ad32e5,02,Y,AUTHENTICATED,[],[],["Y"],["Y"],["0"],[],"[""PENDING_AUTHENTICATION"",""AUTHENTICATION_SUCCESSFUL"",""COMPLETED""]",1
auth_payer_2EWW49249557qGE15J37C622,485932,20189822,CYBERSOURCE,2024-08-15T09:55:49.622Z,ter_352f806f61114893b8ad32e5,07,R,FAILED,[],[],["Y"],["R"],[],[],"[""AUTHENTICATION_FAILED"",""COMPLETED""]",1
auth_payer_zdLU3324958dIqk15kK7k852,489022,20189822,CYBERSOURCE,2024-08-15T09:58:33.852Z,ter_352f806f61114893b8ad32e5,06,A,AUTHENTICATED,[],[],["Y"],["A"],[],[],"[""AUTHENTICATION_SUCCESSFUL"",""COMPLETED""]",1
auth_payer_rsF63924102giDY15OZ7C765,529271,20189822,CYBERSOURCE,2024-08-15T10:02:39.765Z,ter_352f806f61114893b8ad32e5,02,Y,AUTHENTICATED,[],[],["Y"],["Y"],["0"],[],"[""PENDING_AUTHENTICATION"",""AUTHENTICATION_SUCCESSFUL"",""COMPLETED""]",1
auth_payer_RqW64024105fByO15JA7C816,529271,20189822,CYBERSOURCE,2024-08-15T10:05:40.816Z,ter_352f806f61114893b8ad32e5,02,Y,AUTHENTICATED,[],[],["Y"],["Y"],["0"],[],"[""PENDING_AUTHENTICATION"",""AUTHENTICATION_SUCCESSFUL"",""COMPLETED""]",1
auth_payer_SDBD2324107f3ja15II7T728,445827,20189822,CYBERSOURCE,2024-08-15T10:07:23.729Z,ter_352f806f61114893b8ad32e5,05,Y,AUTHENTICATED,[],[],["Y"],["Y"],["0"],[],"[""PENDING_AUTHENTICATION"",""AUTHENTICATION_SUCCESSFUL"",""COMPLETED""]",1
auth_payer_BhRC41241010sXnr15Ss74732,445827,20189822,CYBERSOURCE,2024-08-15T10:10:41.732Z,ter_352f806f61114893b8ad32e5,05,Y,AUTHENTICATED,[],[],["Y"],["Y"],["0"],[],"[""PENDING_AUTHENTICATION"",""AUTHENTICATION_SUCCESSFUL"",""COMPLETED""]",1
auth_payer_JODj82410121diu152h73997,445827,20189822,CYBERSOURCE,2024-08-15T10:12:08.997Z,ter_352f806f61114893b8ad32e5,05,Y,AUTHENTICATED,[],[],["Y"],["Y"],["0"],[],"[""PENDING_AUTHENTICATION"",""AUTHENTICATION_SUCCESSFUL"",""COMPLETED""]",1
auth_payer_aFaQ39241012EXdQ15t97v325,445827,20189822,CYBERSOURCE,2024-08-15T10:12:39.325Z,ter_352f806f61114893b8ad32e5,05,Y,AUTHENTICATED,[],[],["Y"],["Y"],["0"],[],"[""PENDING_AUTHENTICATION"",""AUTHENTICATION_SUCCESSFUL"",""COMPLETED""]",1
auth_payer_Fxpo4241014PnXp15F47u413,445827,20189822,CYBERSOURCE,2024-08-15T10:14:04.413Z,ter_352f806f61114893b8ad32e5,,,INITIATED,[],[],[],[],[],[],["COMPLETED"],1
auth_payer_AZ7Z142410173Lxg15dm70179,445827,20189822,CYBERSOURCE,2024-08-15T10:17:14.179Z,ter_352f806f61114893b8ad32e5,05,Y,AUTHENTICATED,[],[],["Y"],["Y"],["0"],[],"[""PENDING_AUTHENTICATION"",""AUTHENTICATION_SUCCESSFUL"",""COMPLETED""]",1
auth_payer_RJlh3241020bZAg15TO7y303,445827,20189822,CYBERSOURCE,2024-08-15T10:20:03.303Z,ter_352f806f61114893b8ad32e5,05,Y,AUTHENTICATED,[],[],["Y"],["Y"],["0"],[],"[""PENDING_AUTHENTICATION"",""AUTHENTICATION_SUCCESSFUL"",""COMPLETED""]",1
auth_payer_E5zo5241021bOsm15hc7k194,445827,20189822,CYBERSOURCE,2024-08-15T10:21:05.194Z,ter_352f806f61114893b8ad32e5,05,Y,AUTHENTICATED,[],[],["Y"],["Y"],["0"],[],"[""PENDING_AUTHENTICATION"",""AUTHENTICATION_SUCCESSFUL"",""COMPLETED""]",1
auth_payer_YZza292410225jpB15bG7P713,445827,20189822,CYBERSOURCE,2024-08-15T10:22:29.713Z,ter_352f806f61114893b8ad32e5,05,Y,AUTHENTICATED,[],[],["Y"],["Y"],["0"],[],"[""PENDING_AUTHENTICATION"",""AUTHENTICATION_SUCCESSFUL"",""COMPLETED""]",1
auth_payer_1qPZ41241023sqdE15iU7k323,457553,20189822,CYBERSOURCE,2024-08-15T10:23:41.323Z,ter_352f806f61114893b8ad32e5,05,Y,AUTHENTICATED,[],[],["Y"],["Y"],["0"],[],"[""PENDING_AUTHENTICATION"",""AUTHENTICATION_SUCCESSFUL"",""COMPLETED""]",1
auth_payer_ZxFl50241023616f15oV7330,445827,20189822,CYBERSOURCE,2024-08-15T10:23:50.030Z,ter_352f806f61114893b8ad32e5,05,Y,AUTHENTICATED,[],[],["Y"],["Y"],["0"],[],"[""PENDING_AUTHENTICATION"",""AUTHENTICATION_SUCCESSFUL"",""COMPLETED""]",1
auth_payer_NMfK13241025unQE15US7x610,445827,20189822,CYBERSOURCE,2024-08-15T10:25:13.610Z,ter_352f806f61114893b8ad32e5,05,Y,AUTHENTICATED,[],[],["Y"],["Y"],[],[],"[""AUTHENTICATION_SUCCESSFUL"",""COMPLETED""]",1
auth_payer_zmEM162410254vin15Hk7r360,445827,20189822,CYBERSOURCE,2024-08-15T10:25:16.360Z,ter_352f806f61114893b8ad32e5,,,INITIATED,[],[],[],[],[],[],["COMPLETED"],1
auth_payer_n8Ka332410263XVE15uV7a346,445827,20189822,CYBERSOURCE,2024-08-15T10:26:33.346Z,ter_352f806f61114893b8ad32e5,05,Y,AUTHENTICATED,[],[],["Y"],["Y"],["0"],[],"[""PENDING_AUTHENTICATION"",""AUTHENTICATION_SUCCESSFUL"",""COMPLETED""]",1
auth_payer_OMol29241027ttjt15B57M288,445827,20189822,CYBERSOURCE,2024-08-15T10:27:29.289Z,ter_352f806f61114893b8ad32e5,05,Y,AUTHENTICATED,[],[],["Y"],["Y"],["0"],[],"[""PENDING_AUTHENTICATION"",""AUTHENTICATION_SUCCESSFUL"",""COMPLETED""]",1
auth_payer_MDvk10241029hZJo152c7u367,445827,20189822,CYBERSOURCE,2024-08-15T10:29:10.367Z,ter_352f806f61114893b8ad32e5,05,Y,AUTHENTICATED,[],[],["Y"],["Y"],["0"],[],"[""PENDING_AUTHENTICATION"",""AUTHENTICATION_SUCCESSFUL"",""COMPLETED""]",1
auth_payer_iuOz18241029ozvW15IC7X274,489022,20189822,CYBERSOURCE,2024-08-15T10:29:18.274Z,ter_352f806f61114893b8ad32e5,06,A,AUTHENTICATED,[],[],["Y"],["A"],[],[],"[""AUTHENTICATION_SUCCESSFUL"",""COMPLETED""]",1
auth_payer_USTW12241030uxLj15887f324,518694,20189822,CYBERSOURCE,2024-08-15T10:30:12.324Z,ter_352f806f61114893b8ad32e5,02,Y,AUTHENTICATED,[],[],["Y"],["Y"],["0"],[],"[""PENDING_AUTHENTICATION"",""AUTHENTICATION_SUCCESSFUL"",""COMPLETED""]",1
auth_payer_LSJp35241030ZlYO15V67x109,445827,20189822,CYBERSOURCE,2024-08-15T10:30:35.109Z,ter_352f806f61114893b8ad32e5,05,Y,AUTHENTICATED,[],[],["Y"],["Y"],["0"],[],"[""PENDING_AUTHENTICATION"",""AUTHENTICATION_SUCCESSFUL"",""COMPLETED""]",1
auth_payer_yRhU1241031JTvK15917e768,405433,20189822,CYBERSOURCE,2024-08-15T10:31:01.768Z,ter_352f806f61114893b8ad32e5,05,Y,AUTHENTICATED,[],[],["Y"],["Y"],[],[],"[""AUTHENTICATION_SUCCESSFUL"",""COMPLETED""]",1
auth_payer_4EQl7241031flZx15EM78252,445827,20189822,CYBERSOURCE,2024-08-15T10:31:07.252Z,ter_352f806f61114893b8ad32e5,05,Y,AUTHENTICATED,[],[],["Y"],["Y"],["0"],[],"[""PENDING_AUTHENTICATION"",""AUTHENTICATION_SUCCESSFUL"",""COMPLETED""]",1
auth_payer_UgMm19241031AXBn15cx7I627,445827,20189822,CYBERSOURCE,2024-08-15T10:31:19.627Z,ter_352f806f61114893b8ad32e5,05,Y,AUTHENTICATED,[],[],["Y"],["Y"],["0"],[],"[""PENDING_AUTHENTICATION"",""AUTHENTICATION_SUCCESSFUL"",""COMPLETED""]",1
auth_payer_cL0N32241032dndc152t7m116,445827,20189822,CYBERSOURCE,2024-08-15T10:32:32.116Z,ter_352f806f61114893b8ad32e5,05,Y,AUTHENTICATED,[],[],["Y"],["Y"],["0"],[],"[""PENDING_AUTHENTICATION"",""AUTHENTICATION_SUCCESSFUL"",""COMPLETED""]",1
auth_payer_sv3S26241033qH2Z15sJ7F867,445827,20189822,CYBERSOURCE,2024-08-15T10:33:26.867Z,ter_352f806f61114893b8ad32e5,05,Y,AUTHENTICATED,[],[],["Y"],["Y"],["0"],[],"[""PENDING_AUTHENTICATION"",""AUTHENTICATION_SUCCESSFUL"",""COMPLETED""]",1
auth_payer_slav38241034qnjQ159H7E4,445827,20189822,CYBERSOURCE,2024-08-15T10:34:38.004Z,ter_352f806f61114893b8ad32e5,05,Y,AUTHENTICATED,[],[],["Y"],["Y"],["0"],[],"[""PENDING_AUTHENTICATION"",""AUTHENTICATION_SUCCESSFUL"",""COMPLETED""]",1
auth_payer_yPjy30241036oHvF15GE7r463,445827,20189822,CYBERSOURCE,2024-08-15T10:36:30.463Z,ter_352f806f61114893b8ad32e5,05,Y,AUTHENTICATED,[],[],["Y"],["Y"],["0"],[],"[""PENDING_AUTHENTICATION"",""AUTHENTICATION_SUCCESSFUL"",""COMPLETED""]",1
auth_payer_L6DU36241036ql0v15qP7R151,445827,20189822,CYBERSOURCE,2024-08-15T10:36:36.151Z,ter_352f806f61114893b8ad32e5,05,Y,AUTHENTICATED,[],[],["Y"],["Y"],["0"],[],"[""PENDING_AUTHENTICATION"",""AUTHENTICATION_SUCCESSFUL"",""COMPLETED""]",1
auth_payer_kAkg32241037vk3s15Ee7k343,445827,20189822,CYBERSOURCE,2024-08-15T10:37:32.343Z,ter_352f806f61114893b8ad32e5,05,Y,AUTHENTICATED,[],[],["Y"],["Y"],["0"],[],"[""PENDING_AUTHENTICATION"",""AUTHENTICATION_SUCCESSFUL"",""COMPLETED""]",1
auth_payer_UFKu50241037ihd715eO7v597,445827,20189822,CYBERSOURCE,2024-08-15T10:37:50.597Z,ter_352f806f61114893b8ad32e5,05,Y,AUTHENTICATED,[],[],["Y"],["Y"],["0"],[],"[""PENDING_AUTHENTICATION"",""AUTHENTICATION_SUCCESSFUL"",""COMPLETED""]",1
auth_payer_Qvo822241038c24s15Uj7X772,445827,20189822,CYBERSOURCE,2024-08-15T10:38:22.772Z,ter_352f806f61114893b8ad32e5,05,Y,AUTHENTICATED,[],[],["Y"],["Y"],["0"],[],"[""PENDING_AUTHENTICATION"",""AUTHENTICATION_SUCCESSFUL"",""COMPLETED""]",1
auth_payer_uAjV29241038y2A5150f7m943,456893,20189822,CYBERSOURCE,2024-08-15T10:38:29.943Z,ter_352f806f61114893b8ad32e5,,,PENDING,[],[],["Y"],[],[],[],"[""PENDING_AUTHENTICATION"",""COMPLETED""]",1
auth_payer_H6O850241038Qtnv15cN7a13,445827,20189822,CYBERSOURCE,2024-08-15T10:38:50.013Z,ter_352f806f61114893b8ad32e5,05,Y,AUTHENTICATED,[],[],["Y"],["Y"],["0"],[],"[""PENDING_AUTHENTICATION"",""AUTHENTICATION_SUCCESSFUL"",""COMPLETED""]",1
auth_payer_fgKB44241039Qvg2158j7Q843,445827,20189822,CYBERSOURCE,2024-08-15T10:39:44.843Z,ter_352f806f61114893b8ad32e5,05,Y,AUTHENTICATED,[],[],["Y"],["Y"],["0"],[],"[""PENDING_AUTHENTICATION"",""AUTHENTICATION_SUCCESSFUL"",""COMPLETED""]",1
auth_payer_ZzQC13241041BlZI150e77236,445827,20189822,CYBERSOURCE,2024-08-15T10:41:13.236Z,ter_352f806f61114893b8ad32e5,05,Y,AUTHENTICATED,[],[],["Y"],["Y"],["0"],[],"[""PENDING_AUTHENTICATION"",""AUTHENTICATION_SUCCESSFUL"",""COMPLETED""]",1
auth_payer_C4OC51241041MV0115JU7t763,445827,20189822,CYBERSOURCE,2024-08-15T10:41:51.763Z,ter_352f806f61114893b8ad32e5,05,Y,AUTHENTICATED,[],[],["Y"],["Y"],["0"],[],"[""PENDING_AUTHENTICATION"",""AUTHENTICATION_SUCCESSFUL"",""COMPLETED""]",1
auth_payer_byYd39241042fZuT15GB7x349,445827,20189822,CYBERSOURCE,2024-08-15T10:42:39.349Z,ter_352f806f61114893b8ad32e5,05,Y,AUTHENTICATED,[],[],["Y"],["Y"],["0"],[],"[""PENDING_AUTHENTICATION"",""AUTHENTICATION_SUCCESSFUL"",""COMPLETED""]",1
auth_payer_zvJV15241043IyOr154V7s532,445827,20189822,CYBERSOURCE,2024-08-15T10:43:15.532Z,ter_352f806f61114893b8ad32e5,05,Y,AUTHENTICATED,[],[],["Y"],["Y"],["0"],[],"[""PENDING_AUTHENTICATION"",""AUTHENTICATION_SUCCESSFUL"",""COMPLETED""]",1
auth_payer_xQCp592410432aU7155579711,546757,20189822,CYBERSOURCE,2024-08-15T10:43:59.711Z,ter_352f806f61114893b8ad32e5,02,Y,AUTHENTICATED,[],[],["Y"],["Y"],["0"],[],"[""PENDING_AUTHENTICATION"",""AUTHENTICATION_SUCCESSFUL"",""COMPLETED""]",1
auth_payer_Aq4T37241044kO0415Ox7U704,445827,20189822,CYBERSOURCE,2024-08-15T10:44:37.704Z,ter_352f806f61114893b8ad32e5,05,Y,AUTHENTICATED,[],[],["Y"],["Y"],["0"],[],"[""PENDING_AUTHENTICATION"",""AUTHENTICATION_SUCCESSFUL"",""COMPLETED""]",1
auth_payer_x7cc3241045pSS715cW7q646,414627,20189822,CYBERSOURCE,2024-08-15T10:45:03.647Z,ter_352f806f61114893b8ad32e5,05,Y,AUTHENTICATED,[],[],["Y"],["Y"],[],[],"[""AUTHENTICATION_SUCCESSFUL"",""COMPLETED""]",1
auth_payer_HGIc52241045pZOG15OA7l600,445827,20189822,CYBERSOURCE,2024-08-15T10:45:52.600Z,ter_352f806f61114893b8ad32e5,05,Y,AUTHENTICATED,[],[],["Y"],["Y"],["0"],[],"[""PENDING_AUTHENTICATION"",""AUTHENTICATION_SUCCESSFUL"",""COMPLETED""]",1
auth_payer_rNOD58241045UOnP15jZ7v120,445827,20189822,CYBERSOURCE,2024-08-15T10:45:58.120Z,ter_352f806f61114893b8ad32e5,05,Y,AUTHENTICATED,[],[],["Y"],["Y"],["0"],[],"[""PENDING_AUTHENTICATION"",""AUTHENTICATION_SUCCESSFUL"",""COMPLETED""]",1
auth_payer_38YD02410474mRC15FE7l264,445827,20189822,CYBERSOURCE,2024-08-15T10:47:00.264Z,ter_352f806f61114893b8ad32e5,05,Y,AUTHENTICATED,[],[],["Y"],["Y"],["0"],[],"[""PENDING_AUTHENTICATION"",""AUTHENTICATION_SUCCESSFUL"",""COMPLETED""]",1
auth_payer_3PuG3241047KIU715mi7n731,445827,20189822,CYBERSOURCE,2024-08-15T10:47:03.731Z,ter_352f806f61114893b8ad32e5,05,Y,AUTHENTICATED,[],[],["Y"],["Y"],["0"],[],"[""PENDING_AUTHENTICATION"",""AUTHENTICATION_SUCCESSFUL"",""COMPLETED""]",1
auth_payer_0I2S18241048Q8AR15iT7O711,445827,20189822,CYBERSOURCE,2024-08-15T10:48:18.711Z,ter_352f806f61114893b8ad32e5,05,Y,AUTHENTICATED,[],[],["Y"],["Y"],["0"],[],"[""PENDING_AUTHENTICATION"",""AUTHENTICATION_SUCCESSFUL"",""COMPLETED""]",1
auth_payer_30re22241048Gl1W15cG7S771,445827,20189822,CYBERSOURCE,2024-08-15T10:48:22.772Z,ter_352f806f61114893b8ad32e5,05,Y,AUTHENTICATED,[],[],["Y"],["Y"],["0"],[],"[""PENDING_AUTHENTICATION"",""AUTHENTICATION_SUCCESSFUL"",""COMPLETED""]",1
auth_payer_odxs35241049bxIX15Dx73419,454887,20189822,CYBERSOURCE,2024-08-15T10:49:35.419Z,ter_352f806f61114893b8ad32e5,05,Y,AUTHENTICATED,[],[],["Y"],["Y"],["0"],[],"[""PENDING_AUTHENTICATION"",""AUTHENTICATION_SUCCESSFUL"",""COMPLETED""]",1
auth_payer_R8Wm48241049gLbV15IC7f266,445827,20189822,CYBERSOURCE,2024-08-15T10:49:48.266Z,ter_352f806f61114893b8ad32e5,05,Y,AUTHENTICATED,[],[],["Y"],["Y"],["0"],[],"[""PENDING_AUTHENTICATION"",""AUTHENTICATION_SUCCESSFUL"",""COMPLETED""]",1
auth_payer_jaA7152410502qjx15IS7c580,470350,20189822,CYBERSOURCE,2024-08-15T10:50:15.580Z,ter_352f806f61114893b8ad32e5,05,Y,AUTHENTICATED,[],[],["Y"],["Y"],["0"],[],"[""PENDING_AUTHENTICATION"",""AUTHENTICATION_SUCCESSFUL"",""COMPLETED""]",1
auth_payer_dtQj232410517Yuv15BJ7H656,445827,20189822,CYBERSOURCE,2024-08-15T10:51:23.656Z,ter_352f806f61114893b8ad32e5,05,Y,AUTHENTICATED,[],[],["Y"],["Y"],["0"],[],"[""PENDING_AUTHENTICATION"",""AUTHENTICATION_SUCCESSFUL"",""COMPLETED""]",1
auth_payer_kTHC24241051JMuY15GD7L119,445827,20189822,CYBERSOURCE,2024-08-15T10:51:24.119Z,ter_352f806f61114893b8ad32e5,05,Y,AUTHENTICATED,[],[],["Y"],["Y"],["0"],[],"[""PENDING_AUTHENTICATION"",""AUTHENTICATION_SUCCESSFUL"",""COMPLETED""]",1
auth_payer_BKaz312410513man15ZA7R890,454887,20189822,CYBERSOURCE,2024-08-15T10:51:31.890Z,ter_352f806f61114893b8ad32e5,05,Y,AUTHENTICATED,[],[],["Y"],["Y"],["0"],[],"[""PENDING_AUTHENTICATION"",""AUTHENTICATION_SUCCESSFUL"",""COMPLETED""]",1
auth_payer_NJse35241051dGYF15UQ7l176,445827,20189822,CYBERSOURCE,2024-08-15T10:51:35.177Z,ter_352f806f61114893b8ad32e5,05,Y,AUTHENTICATED,[],[],["Y"],["Y"],["0"],[],"[""PENDING_AUTHENTICATION"",""AUTHENTICATION_SUCCESSFUL"",""COMPLETED""]",1
auth_payer_kVed42241051janW15ee7W836,457553,20189822,CYBERSOURCE,2024-08-15T10:51:42.837Z,ter_352f806f61114893b8ad32e5,05,Y,AUTHENTICATED,[],[],["Y"],["Y"],["0"],[],"[""PENDING_AUTHENTICATION"",""AUTHENTICATION_SUCCESSFUL"",""COMPLETED""]",1
auth_payer_Tr1G36241052rHL015Yx7s23,445827,20189822,CYBERSOURCE,2024-08-15T10:52:36.023Z,ter_352f806f61114893b8ad32e5,05,Y,AUTHENTICATED,[],[],["Y"],["Y"],["0"],[],"[""PENDING_AUTHENTICATION"",""AUTHENTICATION_SUCCESSFUL"",""COMPLETED""]",1
auth_payer_HPbB14241053DdBM15t77D556,418347,20189822,CYBERSOURCE,2024-08-15T10:53:14.556Z,ter_352f806f61114893b8ad32e5,05,Y,AUTHENTICATED,[],[],["Y"],["Y"],["0"],[],"[""PENDING_AUTHENTICATION"",""AUTHENTICATION_SUCCESSFUL"",""COMPLETED""]",1
auth_payer_AnQs22241053WY5V15JM7X407,445827,20189822,CYBERSOURCE,2024-08-15T10:53:22.407Z,ter_352f806f61114893b8ad32e5,05,Y,AUTHENTICATED,[],[],["Y"],["Y"],["0"],[],"[""PENDING_AUTHENTICATION"",""AUTHENTICATION_SUCCESSFUL"",""COMPLETED""]",1
auth_payer_tAId45241054Fehg159F7J600,445827,20189822,CYBERSOURCE,2024-08-15T10:54:45.600Z,ter_352f806f61114893b8ad32e5,05,Y,AUTHENTICATED,[],[],["Y"],["Y"],["0"],[],"[""PENDING_AUTHENTICATION"",""AUTHENTICATION_SUCCESSFUL"",""COMPLETED""]",1
auth_payer_sgbZ20241055ZaGJ15ZZ7K98,445827,20189822,CYBERSOURCE,2024-08-15T10:55:20.098Z,ter_352f806f61114893b8ad32e5,05,Y,AUTHENTICATED,[],[],["Y"],["Y"],["0"],[],"[""PENDING_AUTHENTICATION"",""AUTHENTICATION_SUCCESSFUL"",""COMPLETED""]",1
auth_payer_yYVz212410550smn15PU77254,445827,20189822,CYBERSOURCE,2024-08-15T10:55:21.254Z,ter_352f806f61114893b8ad32e5,05,Y,AUTHENTICATED,[],[],["Y"],["Y"],["0"],[],"[""PENDING_AUTHENTICATION"",""AUTHENTICATION_SUCCESSFUL"",""COMPLETED""]",1
auth_payer_58vz1241056PRFf15Or7q179,445827,20189822,CYBERSOURCE,2024-08-15T10:56:01.179Z,ter_352f806f61114893b8ad32e5,05,Y,AUTHENTICATED,[],[],["Y"],["Y"],["0"],[],"[""PENDING_AUTHENTICATION"",""AUTHENTICATION_SUCCESSFUL"",""COMPLETED""]",1
auth_payer_pgmp32410569f6b15Vc7b443,445827,20189822,CYBERSOURCE,2024-08-15T10:56:03.443Z,ter_352f806f61114893b8ad32e5,05,Y,AUTHENTICATED,[],[],["Y"],["Y"],["0"],[],"[""PENDING_AUTHENTICATION"",""AUTHENTICATION_SUCCESSFUL"",""COMPLETED""]",1
auth_payer_J0pP152410563bL715pr7212,489022,20189822,CYBERSOURCE,2024-08-15T10:56:15.013Z,ter_352f806f61114893b8ad32e5,05,Y,AUTHENTICATED,[],[],["Y"],["Y"],["0"],[],"[""PENDING_AUTHENTICATION"",""AUTHENTICATION_SUCCESSFUL"",""COMPLETED""]",1
auth_payer_fLFt32410579vfc15MA70636,454887,20189822,CYBERSOURCE,2024-08-15T10:57:03.636Z,ter_352f806f61114893b8ad32e5,05,Y,AUTHENTICATED,[],[],["Y"],["Y"],["0"],[],"[""PENDING_AUTHENTICATION"",""AUTHENTICATION_SUCCESSFUL"",""COMPLETED""]",1
auth_payer_t0JW31241057ogiL15nu70805,445827,20189822,CYBERSOURCE,2024-08-15T10:57:31.805Z,ter_352f806f61114893b8ad32e5,05,Y,AUTHENTICATED,[],[],["Y"],["Y"],["0"],[],"[""PENDING_AUTHENTICATION"",""AUTHENTICATION_SUCCESSFUL"",""COMPLETED""]",1
auth_payer_G1F2302410582nua15tc7c681,445827,20189822,CYBERSOURCE,2024-08-15T10:58:30.681Z,ter_352f806f61114893b8ad32e5,05,Y,AUTHENTICATED,[],[],["Y"],["Y"],["0"],[],"[""PENDING_AUTHENTICATION"",""AUTHENTICATION_SUCCESSFUL"",""COMPLETED""]",1
auth_payer_5YkR47241058FDB2154J79439,445827,20189822,CYBERSOURCE,2024-08-15T10:58:47.440Z,ter_352f806f61114893b8ad32e5,05,Y,AUTHENTICATED,[],[],["Y"],["Y"],["0"],[],"[""PENDING_AUTHENTICATION"",""AUTHENTICATION_SUCCESSFUL"",""COMPLETED""]",1
auth_payer_k8rv34241059rWSq15se71657,454887,20189822,CYBERSOURCE,2024-08-15T10:59:34.657Z,ter_352f806f61114893b8ad32e5,05,Y,AUTHENTICATED,[],[],["Y"],["Y"],["0"],[],"[""PENDING_AUTHENTICATION"",""AUTHENTICATION_SUCCESSFUL"",""COMPLETED""]",1
auth_payer_yKGi12241109pBQ15Bz7s440,445827,20189822,CYBERSOURCE,2024-08-15T11:00:12.440Z,ter_352f806f61114893b8ad32e5,05,Y,AUTHENTICATED,[],[],["Y"],["Y"],["0"],[],"[""PENDING_AUTHENTICATION"",""AUTHENTICATION_SUCCESSFUL"",""COMPLETED""]",1
auth_payer_Ldge2824111uVmY152s7i867,445827,20189822,CYBERSOURCE,2024-08-15T11:01:28.867Z,ter_352f806f61114893b8ad32e5,05,Y,AUTHENTICATED,[],[],["Y"],["Y"],["0"],[],"[""PENDING_AUTHENTICATION"",""AUTHENTICATION_SUCCESSFUL"",""COMPLETED""]",1
auth_payer_n4SF3124111Rltj15PW7s766,445827,20189822,CYBERSOURCE,2024-08-15T11:01:31.766Z,ter_352f806f61114893b8ad32e5,05,Y,AUTHENTICATED,[],[],["Y"],["Y"],["0"],[],"[""PENDING_AUTHENTICATION"",""AUTHENTICATION_SUCCESSFUL"",""COMPLETED""]",1
auth_payer_nxbu424112aGyf15qx7T964,445827,20189822,CYBERSOURCE,2024-08-15T11:02:04.964Z,ter_352f806f61114893b8ad32e5,05,Y,AUTHENTICATED,[],[],["Y"],["Y"],[],[],"[""AUTHENTICATION_SUCCESSFUL"",""COMPLETED""]",1
auth_payer_7jPl3924112YaYq156p7u133,445827,20189822,CYBERSOURCE,2024-08-15T11:02:39.133Z,ter_352f806f61114893b8ad32e5,05,Y,AUTHENTICATED,[],[],["Y"],["Y"],["0"],[],"[""PENDING_AUTHENTICATION"",""AUTHENTICATION_SUCCESSFUL"",""COMPLETED""]",1
auth_payer_n9SL5724112YPHy150U7L29,445827,20189822,CYBERSOURCE,2024-08-15T11:02:57.029Z,ter_352f806f61114893b8ad32e5,05,Y,AUTHENTICATED,[],[],["Y"],["Y"],["0"],[],"[""PENDING_AUTHENTICATION"",""AUTHENTICATION_SUCCESSFUL"",""COMPLETED""]",1
auth_payer_FdU03724113rd9K15ii7e168,445827,20189822,CYBERSOURCE,2024-08-15T11:03:37.168Z,ter_352f806f61114893b8ad32e5,05,Y,AUTHENTICATED,[],[],["Y"],["Y"],["0"],[],"[""PENDING_AUTHENTICATION"",""AUTHENTICATION_SUCCESSFUL"",""COMPLETED""]",1
auth_payer_oB403224114q2sa15fp7D178,445827,20189822,CYBERSOURCE,2024-08-15T11:04:32.178Z,ter_352f806f61114893b8ad32e5,05,Y,AUTHENTICATED,[],[],["Y"],["Y"],["0"],[],"[""PENDING_AUTHENTICATION"",""AUTHENTICATION_SUCCESSFUL"",""COMPLETED""]",1
auth_payer_2UmJ4524114sjpF15XT7v693,445827,20189822,CYBERSOURCE,2024-08-15T11:04:45.693Z,ter_352f806f61114893b8ad32e5,05,Y,AUTHENTICATED,[],[],["Y"],["Y"],["0"],[],"[""PENDING_AUTHENTICATION"",""AUTHENTICATION_SUCCESSFUL"",""COMPLETED""]",1
auth_payer_g2KK4724114csW015te7x765,445827,20189822,CYBERSOURCE,2024-08-15T11:04:47.766Z,ter_352f806f61114893b8ad32e5,05,Y,AUTHENTICATED,[],[],["Y"],["Y"],["0"],[],"[""PENDING_AUTHENTICATION"",""AUTHENTICATION_SUCCESSFUL"",""COMPLETED""]",1
auth_payer_49AW1924115HUEJ15BZ75440,445827,20189822,CYBERSOURCE,2024-08-15T11:05:19.440Z,ter_352f806f61114893b8ad32e5,07,N,FAILED,[],[],["Y"],["N"],["9"],[],"[""PENDING_AUTHENTICATION"",""AUTHENTICATION_FAILED"",""COMPLETED""]",1
auth_payer_B98k5224115XRJS15Vr7D435,445827,20189822,CYBERSOURCE,2024-08-15T11:05:52.435Z,ter_352f806f61114893b8ad32e5,05,Y,AUTHENTICATED,[],[],["Y"],["Y"],["0"],[],"[""PENDING_AUTHENTICATION"",""AUTHENTICATION_SUCCESSFUL"",""COMPLETED""]",1
auth_payer_3qBt22241166GHa15Ju7e105,445827,20189822,CYBERSOURCE,2024-08-15T11:06:22.105Z,ter_352f806f61114893b8ad32e5,05,Y,AUTHENTICATED,[],[],["Y"],["Y"],["0"],[],"[""PENDING_AUTHENTICATION"",""AUTHENTICATION_SUCCESSFUL"",""COMPLETED""]",1
auth_payer_C2zh4224116BOcB15LL7p183,445827,20189822,CYBERSOURCE,2024-08-15T11:06:42.183Z,ter_352f806f61114893b8ad32e5,05,Y,AUTHENTICATED,[],[],["Y"],["Y"],["0"],[],"[""PENDING_AUTHENTICATION"",""AUTHENTICATION_SUCCESSFUL"",""COMPLETED""]",1
auth_payer_pdsT5024116z4SL15yI75186,445827,20189822,CYBERSOURCE,2024-08-15T11:06:50.186Z,ter_352f806f61114893b8ad32e5,05,Y,AUTHENTICATED,[],[],["Y"],["Y"],["0"],[],"[""PENDING_AUTHENTICATION"",""AUTHENTICATION_SUCCESSFUL"",""COMPLETED""]",1
auth_payer_Bu7F5324116MSdz15Lp70522,445827,20189822,CYBERSOURCE,2024-08-15T11:06:53.522Z,ter_352f806f61114893b8ad32e5,05,Y,AUTHENTICATED,[],[],["Y"],["Y"],["0"],[],"[""PENDING_AUTHENTICATION"",""AUTHENTICATION_SUCCESSFUL"",""COMPLETED""]",1
auth_payer_jOYM0241185tBJ15aE7V749,445827,20189822,CYBERSOURCE,2024-08-15T11:08:00.749Z,ter_352f806f61114893b8ad32e5,05,Y,AUTHENTICATED,[],[],["Y"],["Y"],["0"],[],"[""PENDING_AUTHENTICATION"",""AUTHENTICATION_SUCCESSFUL"",""COMPLETED""]",1
auth_payer_xY1W1224119Qdkc15iC7G150,445827,20189822,CYBERSOURCE,2024-08-15T11:09:12.150Z,ter_352f806f61114893b8ad32e5,05,Y,AUTHENTICATED,[],[],["Y"],["Y"],["0"],[],"[""PENDING_AUTHENTICATION"",""AUTHENTICATION_SUCCESSFUL"",""COMPLETED""]",1
auth_payer_NJJx31241195IHp15UM7n57,445827,20189822,CYBERSOURCE,2024-08-15T11:09:31.057Z,ter_352f806f61114893b8ad32e5,05,Y,AUTHENTICATED,[],[],["Y"],["Y"],["0"],[],"[""PENDING_AUTHENTICATION"",""AUTHENTICATION_SUCCESSFUL"",""COMPLETED""]",1
auth_payer_BhMQ4924119jJoR15Vb74978,428679,20189822,CYBERSOURCE,2024-08-15T11:09:49.978Z,ter_352f806f61114893b8ad32e5,05,Y,AUTHENTICATED,[],[],["Y"],["Y"],["0"],[],"[""PENDING_AUTHENTICATION"",""AUTHENTICATION_SUCCESSFUL"",""COMPLETED""]",1
auth_payer_9rF2182411109ct315kU71273,456891,20189822,CYBERSOURCE,2024-08-15T11:10:18.273Z,ter_352f806f61114893b8ad32e5,,,INITIATED,[],[],[],[],[],[],["COMPLETED"],1
auth_payer_iTvg29241110TiNi15zP7u489,445827,20189822,CYBERSOURCE,2024-08-15T11:10:29.490Z,ter_352f806f61114893b8ad32e5,05,Y,AUTHENTICATED,[],[],["Y"],["Y"],["0"],[],"[""PENDING_AUTHENTICATION"",""AUTHENTICATION_SUCCESSFUL"",""COMPLETED""]",1
auth_payer_2j2413241111D1kO15Tu7q656,445827,20189822,CYBERSOURCE,2024-08-15T11:11:13.656Z,ter_352f806f61114893b8ad32e5,05,Y,AUTHENTICATED,[],[],["Y"],["Y"],["0"],[],"[""PENDING_AUTHENTICATION"",""AUTHENTICATION_SUCCESSFUL"",""COMPLETED""]",1
auth_payer_vmoV4241113yaBI15Pe7i643,445827,20189822,CYBERSOURCE,2024-08-15T11:13:04.644Z,ter_352f806f61114893b8ad32e5,05,Y,AUTHENTICATED,[],[],["Y"],["Y"],["0"],[],"[""PENDING_AUTHENTICATION"",""AUTHENTICATION_SUCCESSFUL"",""COMPLETED""]",1
auth_payer_5gCU11241113xvez15Lb7g335,445827,20189822,CYBERSOURCE,2024-08-15T11:13:11.335Z,ter_352f806f61114893b8ad32e5,05,Y,AUTHENTICATED,[],[],["Y"],["Y"],["0"],[],"[""PENDING_AUTHENTICATION"",""AUTHENTICATION_SUCCESSFUL"",""COMPLETED""]",1
auth_payer_mRFQ52241114OKbU15137E391,445827,20189822,CYBERSOURCE,2024-08-15T11:14:52.391Z,ter_352f806f61114893b8ad32e5,05,Y,AUTHENTICATED,[],[],["Y"],["Y"],["0"],[],"[""PENDING_AUTHENTICATION"",""AUTHENTICATION_SUCCESSFUL"",""COMPLETED""]",1
auth_payer_cfdB51241115ZSNr15Ma7W28,445520,20189822,CYBERSOURCE,2024-08-15T11:15:51.028Z,ter_352f806f61114893b8ad32e5,05,Y,AUTHENTICATED,[],[],["Y"],["Y"],[],[],"[""AUTHENTICATION_SUCCESSFUL"",""COMPLETED""]",1
auth_payer_iqeL38241116Dkgt15Rj7M954,445827,20189822,CYBERSOURCE,2024-08-15T11:16:38.954Z,ter_352f806f61114893b8ad32e5,05,Y,AUTHENTICATED,[],[],["Y"],["Y"],["0"],[],"[""PENDING_AUTHENTICATION"",""AUTHENTICATION_SUCCESSFUL"",""COMPLETED""]",1
auth_payer_ZJae15241117xZcC15eR7Q941,445827,20189822,CYBERSOURCE,2024-08-15T11:17:15.941Z,ter_352f806f61114893b8ad32e5,05,Y,AUTHENTICATED,[],[],["Y"],["Y"],["0"],[],"[""PENDING_AUTHENTICATION"",""AUTHENTICATION_SUCCESSFUL"",""COMPLETED""]",1
auth_payer_oAqW41241118g2t715Lq73251,445827,20189822,CYBERSOURCE,2024-08-15T11:18:41.251Z,ter_352f806f61114893b8ad32e5,05,Y,AUTHENTICATED,[],[],["Y"],["Y"],["0"],[],"[""PENDING_AUTHENTICATION"",""AUTHENTICATION_SUCCESSFUL"",""COMPLETED""]",1
auth_payer_ds1C49241118gmZg15bz7J371,445827,20189822,CYBERSOURCE,2024-08-15T11:18:49.371Z,ter_352f806f61114893b8ad32e5,05,Y,AUTHENTICATED,[],[],["Y"],["Y"],["0"],[],"[""PENDING_AUTHENTICATION"",""AUTHENTICATION_SUCCESSFUL"",""COMPLETED""]",1
auth_payer_mz6y26241119yY4F15aE7Z606,445827,20189822,CYBERSOURCE,2024-08-15T11:19:26.606Z,ter_352f806f61114893b8ad32e5,05,Y,AUTHENTICATED,[],[],["Y"],["Y"],["0"],[],"[""PENDING_AUTHENTICATION"",""AUTHENTICATION_SUCCESSFUL"",""COMPLETED""]",1
auth_payer_WPq4482411199yWo15hM7u244,445827,20189822,CYBERSOURCE,2024-08-15T11:19:48.244Z,ter_352f806f61114893b8ad32e5,05,Y,AUTHENTICATED,[],[],["Y"],["Y"],[],[],"[""AUTHENTICATION_SUCCESSFUL"",""COMPLETED""]",1
auth_payer_eulX22241120R9OQ15sE73624,445827,20189822,CYBERSOURCE,2024-08-15T11:20:22.624Z,ter_352f806f61114893b8ad32e5,05,Y,AUTHENTICATED,[],[],["Y"],["Y"],["0"],[],"[""PENDING_AUTHENTICATION"",""AUTHENTICATION_SUCCESSFUL"",""COMPLETED""]",1
auth_payer_1pGS45241120EA1B15an7M635,445827,20189822,CYBERSOURCE,2024-08-15T11:20:45.635Z,ter_352f806f61114893b8ad32e5,05,Y,AUTHENTICATED,[],[],["Y"],["Y"],["0"],[],"[""PENDING_AUTHENTICATION"",""AUTHENTICATION_SUCCESSFUL"",""COMPLETED""]",1
auth_payer_77O7522411212SOs15uE75764,445827,20189822,CYBERSOURCE,2024-08-15T11:21:52.764Z,ter_352f806f61114893b8ad32e5,05,Y,AUTHENTICATED,[],[],["Y"],["Y"],["0"],[],"[""PENDING_AUTHENTICATION"",""AUTHENTICATION_SUCCESSFUL"",""COMPLETED""]",1
auth_payer_Dun130241122VrfV157c7Z904,445827,20189822,CYBERSOURCE,2024-08-15T11:22:30.904Z,ter_352f806f61114893b8ad32e5,05,Y,AUTHENTICATED,[],[],["Y"],["Y"],["0"],[],"[""PENDING_AUTHENTICATION"",""AUTHENTICATION_SUCCESSFUL"",""COMPLETED""]",1
auth_payer_SR2O59241122ejbI15z27z142,445827,20189822,CYBERSOURCE,2024-08-15T11:22:59.142Z,ter_352f806f61114893b8ad32e5,05,Y,AUTHENTICATED,[],[],["Y"],["Y"],["0"],[],"[""PENDING_AUTHENTICATION"",""AUTHENTICATION_SUCCESSFUL"",""COMPLETED""]",1
auth_payer_CePp38241123Ujmk15r47g846,445827,20189822,CYBERSOURCE,2024-08-15T11:23:38.846Z,ter_352f806f61114893b8ad32e5,05,Y,AUTHENTICATED,[],[],["Y"],["Y"],["0"],[],"[""PENDING_AUTHENTICATION"",""AUTHENTICATION_SUCCESSFUL"",""COMPLETED""]",1
auth_payer_A38S34241124hvxE150J7v213,445827,20189822,CYBERSOURCE,2024-08-15T11:24:34.213Z,ter_352f806f61114893b8ad32e5,05,Y,AUTHENTICATED,[],[],["Y"],["Y"],["0"],[],"[""PENDING_AUTHENTICATION"",""AUTHENTICATION_SUCCESSFUL"",""COMPLETED""]",1
auth_payer_hmWf49241124vZIf15Nu7c712,445827,20189822,CYBERSOURCE,2024-08-15T11:24:49.712Z,ter_352f806f61114893b8ad32e5,05,Y,AUTHENTICATED,[],[],["Y"],["Y"],["0"],[],"[""PENDING_AUTHENTICATION"",""AUTHENTICATION_SUCCESSFUL"",""COMPLETED""]",1
auth_payer_EQrz56241125y2dl15AZ7t477,445827,20189822,CYBERSOURCE,2024-08-15T11:25:56.477Z,ter_352f806f61114893b8ad32e5,05,Y,AUTHENTICATED,[],[],["Y"],["Y"],["0"],[],"[""PENDING_AUTHENTICATION"",""AUTHENTICATION_SUCCESSFUL"",""COMPLETED""]",1
auth_payer_QSDR53241126hiji15zb77980,445827,20189822,CYBERSOURCE,2024-08-15T11:26:53.980Z,ter_352f806f61114893b8ad32e5,05,Y,AUTHENTICATED,[],[],["Y"],["Y"],["0"],[],"[""PENDING_AUTHENTICATION"",""AUTHENTICATION_SUCCESSFUL"",""COMPLETED""]",1
auth_payer_vdNA2241128K27J152178607,445827,20189822,CYBERSOURCE,2024-08-15T11:28:02.608Z,ter_352f806f61114893b8ad32e5,05,Y,AUTHENTICATED,[],[],["Y"],["Y"],["0"],[],"[""PENDING_AUTHENTICATION"",""AUTHENTICATION_SUCCESSFUL"",""COMPLETED""]",1
auth_payer_Bo9I122411289r3y15G87X800,445827,20189822,CYBERSOURCE,2024-08-15T11:28:12.800Z,ter_352f806f61114893b8ad32e5,05,Y,AUTHENTICATED,[],[],["Y"],["Y"],["0"],[],"[""PENDING_AUTHENTICATION"",""AUTHENTICATION_SUCCESSFUL"",""COMPLETED""]",1
auth_payer_YolO112411296f2315qJ7y732,445827,20189822,CYBERSOURCE,2024-08-15T11:29:11.732Z,ter_352f806f61114893b8ad32e5,05,Y,AUTHENTICATED,[],[],["Y"],["Y"],["0"],[],"[""PENDING_AUTHENTICATION"",""AUTHENTICATION_SUCCESSFUL"",""COMPLETED""]",1
auth_payer_AI7R17241129r4IO150M7U909,445827,20189822,CYBERSOURCE,2024-08-15T11:29:17.909Z,ter_352f806f61114893b8ad32e5,05,Y,AUTHENTICATED,[],[],["Y"],["Y"],["0"],[],"[""PENDING_AUTHENTICATION"",""AUTHENTICATION_SUCCESSFUL"",""COMPLETED""]",1
auth_payer_doc134241129PZtW15UA76692,445827,20189822,CYBERSOURCE,2024-08-15T11:29:34.692Z,ter_352f806f61114893b8ad32e5,05,Y,AUTHENTICATED,[],[],["Y"],["Y"],["0"],[],"[""PENDING_AUTHENTICATION"",""AUTHENTICATION_SUCCESSFUL"",""COMPLETED""]",1
auth_payer_DYkP35241130Fecr15uk7k993,445827,20189822,CYBERSOURCE,2024-08-15T11:30:35.993Z,ter_352f806f61114893b8ad32e5,05,Y,AUTHENTICATED,[],[],["Y"],["Y"],["0"],[],"[""PENDING_AUTHENTICATION"",""AUTHENTICATION_SUCCESSFUL"",""COMPLETED""]",1
auth_payer_jRHi36241130roMA15I77g322,454807,20189822,CYBERSOURCE,2024-08-15T11:30:36.322Z,ter_352f806f61114893b8ad32e5,05,Y,AUTHENTICATED,[],[],["Y"],["Y"],["0"],[],"[""PENDING_AUTHENTICATION"",""AUTHENTICATION_SUCCESSFUL"",""COMPLETED""]",1
auth_payer_Tlhe48241130VMrQ15RR7F558,445827,20189822,CYBERSOURCE,2024-08-15T11:30:48.558Z,ter_352f806f61114893b8ad32e5,05,Y,AUTHENTICATED,[],[],["Y"],["Y"],["0"],[],"[""PENDING_AUTHENTICATION"",""AUTHENTICATION_SUCCESSFUL"",""COMPLETED""]",1
auth_payer_zP5O42241131IQPX15rC7Z907,445827,20189822,CYBERSOURCE,2024-08-15T11:31:42.907Z,ter_352f806f61114893b8ad32e5,05,Y,AUTHENTICATED,[],[],["Y"],["Y"],["0"],[],"[""PENDING_AUTHENTICATION"",""AUTHENTICATION_SUCCESSFUL"",""COMPLETED""]",1
auth_payer_lEa25241132yBX815sI7J379,445827,20189822,CYBERSOURCE,2024-08-15T11:32:05.379Z,ter_352f806f61114893b8ad32e5,05,Y,AUTHENTICATED,[],[],["Y"],["Y"],[],[],"[""AUTHENTICATION_SUCCESSFUL"",""COMPLETED""]",1
auth_payer_Y0HL34241132xNJu15sd7z109,518694,20189822,CYBERSOURCE,2024-08-15T11:32:34.110Z,ter_352f806f61114893b8ad32e5,02,Y,AUTHENTICATED,[],[],["Y"],["Y"],["0"],[],"[""PENDING_AUTHENTICATION"",""AUTHENTICATION_SUCCESSFUL"",""COMPLETED""]",1
auth_payer_JbTd43241132mk6R15dn7Q707,445827,20189822,CYBERSOURCE,2024-08-15T11:32:43.707Z,ter_352f806f61114893b8ad32e5,05,Y,AUTHENTICATED,[],[],["Y"],["Y"],["0"],[],"[""PENDING_AUTHENTICATION"",""AUTHENTICATION_SUCCESSFUL"",""COMPLETED""]",1
auth_payer_2Gx5524113486DM152W7Z690,445827,20189822,CYBERSOURCE,2024-08-15T11:34:05.690Z,ter_352f806f61114893b8ad32e5,05,Y,AUTHENTICATED,[],[],["Y"],["Y"],["0"],[],"[""PENDING_AUTHENTICATION"",""AUTHENTICATION_SUCCESSFUL"",""COMPLETED""]",1
auth_payer_Xn4S18241134WXGf155Z7h970,445827,20189822,CYBERSOURCE,2024-08-15T11:34:18.970Z,ter_352f806f61114893b8ad32e5,05,Y,AUTHENTICATED,[],[],["Y"],["Y"],["0"],[],"[""PENDING_AUTHENTICATION"",""AUTHENTICATION_SUCCESSFUL"",""COMPLETED""]",1
auth_payer_6ZOt16241135gS8r157e7652,445827,20189822,CYBERSOURCE,2024-08-15T11:35:16.052Z,ter_352f806f61114893b8ad32e5,,,INITIATED,[],[],[],[],[],[],["COMPLETED"],1
auth_payer_cg9o43241137HQWT15nm7H892,445827,20189822,CYBERSOURCE,2024-08-15T11:37:43.892Z,ter_352f806f61114893b8ad32e5,05,Y,AUTHENTICATED,[],[],["Y"],["Y"],["0"],[],"[""PENDING_AUTHENTICATION"",""AUTHENTICATION_SUCCESSFUL"",""COMPLETED""]",1
auth_payer_XSQL22241138hCQy15nd7L674,445827,20189822,CYBERSOURCE,2024-08-15T11:38:22.674Z,ter_352f806f61114893b8ad32e5,05,Y,AUTHENTICATED,[],[],["Y"],["Y"],["0"],[],"[""PENDING_AUTHENTICATION"",""AUTHENTICATION_SUCCESSFUL"",""COMPLETED""]",1
auth_payer_9uVM44241138t59P15po72423,445827,20189822,CYBERSOURCE,2024-08-15T11:38:44.423Z,ter_352f806f61114893b8ad32e5,05,Y,AUTHENTICATED,[],[],["Y"],["Y"],["0"],[],"[""PENDING_AUTHENTICATION"",""AUTHENTICATION_SUCCESSFUL"",""COMPLETED""]",1
auth_payer_LEQl52241138h4Wa15RG7e554,445827,20189822,CYBERSOURCE,2024-08-15T11:38:52.554Z,ter_352f806f61114893b8ad32e5,05,Y,AUTHENTICATED,[],[],["Y"],["Y"],["0"],[],"[""PENDING_AUTHENTICATION"",""AUTHENTICATION_SUCCESSFUL"",""COMPLETED""]",1
auth_payer_Csxd122411390hOy15hc73712,445827,20189822,CYBERSOURCE,2024-08-15T11:39:12.712Z,ter_352f806f61114893b8ad32e5,05,Y,AUTHENTICATED,[],[],["Y"],["Y"],["0"],[],"[""PENDING_AUTHENTICATION"",""AUTHENTICATION_SUCCESSFUL"",""COMPLETED""]",1
auth_payer_Wgos262411401LuH15ZG7A192,445827,20189822,CYBERSOURCE,2024-08-15T11:40:26.192Z,ter_352f806f61114893b8ad32e5,05,Y,AUTHENTICATED,[],[],["Y"],["Y"],["0"],[],"[""PENDING_AUTHENTICATION"",""AUTHENTICATION_SUCCESSFUL"",""COMPLETED""]",1
auth_payer_Y2AC24241141Gz4t15fK7D37,445827,20189822,CYBERSOURCE,2024-08-15T11:41:24.037Z,ter_352f806f61114893b8ad32e5,05,Y,AUTHENTICATED,[],[],["Y"],["Y"],["0"],[],"[""PENDING_AUTHENTICATION"",""AUTHENTICATION_SUCCESSFUL"",""COMPLETED""]",1
auth_payer_bSJG262411421Et015BA7b679,445827,20189822,CYBERSOURCE,2024-08-15T11:42:26.679Z,ter_352f806f61114893b8ad32e5,05,Y,AUTHENTICATED,[],[],["Y"],["Y"],["0"],[],"[""PENDING_AUTHENTICATION"",""AUTHENTICATION_SUCCESSFUL"",""COMPLETED""]",1
auth_payer_rb2c542411428d6Q15Kf7S235,445827,20189822,CYBERSOURCE,2024-08-15T11:42:54.236Z,ter_352f806f61114893b8ad32e5,,,INITIATED,[],[],[],[],[],[],["COMPLETED"],1
auth_payer_Fge1232411434r3315s67i211,445827,20189822,CYBERSOURCE,2024-08-15T11:43:23.212Z,ter_352f806f61114893b8ad32e5,05,Y,AUTHENTICATED,[],[],["Y"],["Y"],["0"],[],"[""PENDING_AUTHENTICATION"",""AUTHENTICATION_SUCCESSFUL"",""COMPLETED""]",1
auth_payer_XNxU2924114481n315vT7l108,445827,20189822,CYBERSOURCE,2024-08-15T11:44:29.108Z,ter_352f806f61114893b8ad32e5,05,Y,AUTHENTICATED,[],[],["Y"],["Y"],["0"],[],"[""PENDING_AUTHENTICATION"",""AUTHENTICATION_SUCCESSFUL"",""COMPLETED""]",1
auth_payer_thfo25241145Kz0O159v7D23,445827,20189822,CYBERSOURCE,2024-08-15T11:45:25.023Z,ter_352f806f61114893b8ad32e5,05,Y,AUTHENTICATED,[],[],["Y"],["Y"],["0"],[],"[""PENDING_AUTHENTICATION"",""AUTHENTICATION_SUCCESSFUL"",""COMPLETED""]",1
auth_payer_hkpX8241146u7te15hi7H658,445827,20189822,CYBERSOURCE,2024-08-15T11:46:08.658Z,ter_352f806f61114893b8ad32e5,,,INITIATED,[],[],[],[],[],[],["COMPLETED"],1
auth_payer_8pDl25241146MYUi15uF7q146,445827,20189822,CYBERSOURCE,2024-08-15T11:46:25.146Z,ter_352f806f61114893b8ad32e5,05,Y,AUTHENTICATED,[],[],["Y"],["Y"],["0"],[],"[""PENDING_AUTHENTICATION"",""AUTHENTICATION_SUCCESSFUL"",""COMPLETED""]",1
auth_payer_7WEt21241147GFZ415ct7z621,445827,20189822,CYBERSOURCE,2024-08-15T11:47:21.621Z,ter_352f806f61114893b8ad32e5,05,Y,AUTHENTICATED,[],[],["Y"],["Y"],["0"],[],"[""PENDING_AUTHENTICATION"",""AUTHENTICATION_SUCCESSFUL"",""COMPLETED""]",1
auth_payer_yEc752241147hXA615ox76588,422689,20189822,CYBERSOURCE,2024-08-15T11:47:52.588Z,ter_352f806f61114893b8ad32e5,05,Y,AUTHENTICATED,[],[],["Y"],["Y"],["0"],[],"[""PENDING_AUTHENTICATION"",""AUTHENTICATION_SUCCESSFUL"",""COMPLETED""]",1
auth_payer_XL4p29241148bUYO15nm74428,445827,20189822,CYBERSOURCE,2024-08-15T11:48:29.428Z,ter_352f806f61114893b8ad32e5,07,R,FAILED,[],[],["Y"],["R"],[],[],"[""AUTHENTICATION_FAILED"",""COMPLETED""]",1
auth_payer_rqGS17241149cUEa15aD7m69,445827,20189822,CYBERSOURCE,2024-08-15T11:49:17.069Z,ter_352f806f61114893b8ad32e5,07,R,FAILED,[],[],["Y"],["R"],[],[],"[""AUTHENTICATION_FAILED"",""COMPLETED""]",1
auth_payer_kAff3241152Vnmy15c97a195,445827,20189822,CYBERSOURCE,2024-08-15T11:52:03.195Z,ter_352f806f61114893b8ad32e5,05,Y,AUTHENTICATED,[],[],["Y"],["Y"],["0"],[],"[""PENDING_AUTHENTICATION"",""AUTHENTICATION_SUCCESSFUL"",""COMPLETED""]",1
auth_payer_YSCU26241152hJEk15fg7n971,445827,20189822,CYBERSOURCE,2024-08-15T11:52:26.971Z,ter_352f806f61114893b8ad32e5,05,Y,AUTHENTICATED,[],[],["Y"],["Y"],["0"],[],"[""PENDING_AUTHENTICATION"",""AUTHENTICATION_SUCCESSFUL"",""COMPLETED""]",1
auth_payer_Ps9T42411566NvB15Lb7x145,445827,20189822,CYBERSOURCE,2024-08-15T11:56:04.145Z,ter_352f806f61114893b8ad32e5,05,Y,AUTHENTICATED,[],[],["Y"],["Y"],["0"],[],"[""PENDING_AUTHENTICATION"",""AUTHENTICATION_SUCCESSFUL"",""COMPLETED""]",1
auth_payer_g71l31241157a4Rz15Df7z491,445827,20189822,CYBERSOURCE,2024-08-15T11:57:31.491Z,ter_352f806f61114893b8ad32e5,05,Y,AUTHENTICATED,[],[],["Y"],["Y"],["0"],[],"[""PENDING_AUTHENTICATION"",""AUTHENTICATION_SUCCESSFUL"",""COMPLETED""]",1
auth_payer_vWc234241158lbqY15c67v195,445827,20189822,CYBERSOURCE,2024-08-15T11:58:34.195Z,ter_352f806f61114893b8ad32e5,05,Y,AUTHENTICATED,[],[],["Y"],["Y"],["0"],[],"[""PENDING_AUTHENTICATION"",""AUTHENTICATION_SUCCESSFUL"",""COMPLETED""]",1
auth_payer_7Yk256241158qDd915UI7z942,445827,20189822,CYBERSOURCE,2024-08-15T11:58:56.942Z,ter_352f806f61114893b8ad32e5,05,Y,AUTHENTICATED,[],[],["Y"],["Y"],["0"],[],"[""PENDING_AUTHENTICATION"",""AUTHENTICATION_SUCCESSFUL"",""COMPLETED""]",1
auth_payer_IWx932411591ob215k87J921,445827,20189822,CYBERSOURCE,2024-08-15T11:59:03.922Z,ter_352f806f61114893b8ad32e5,,,INITIATED,[],[],[],[],[],[],["COMPLETED"],1
auth_payer_2jyo35241159W6Uu15907F168,445827,20189822,CYBERSOURCE,2024-08-15T11:59:35.168Z,ter_352f806f61114893b8ad32e5,05,Y,AUTHENTICATED,[],[],["Y"],["Y"],["0"],[],"[""PENDING_AUTHENTICATION"",""AUTHENTICATION_SUCCESSFUL"",""COMPLETED""]",1
auth_payer_4OCM2241206HrA15zS7Q323,445827,20189822,CYBERSOURCE,2024-08-15T12:00:02.323Z,ter_352f806f61114893b8ad32e5,05,Y,AUTHENTICATED,[],[],["Y"],["Y"],["0"],[],"[""PENDING_AUTHENTICATION"",""AUTHENTICATION_SUCCESSFUL"",""COMPLETED""]",1
auth_payer_hpgx2924120b3XZ15Dz7f162,445827,20189822,CYBERSOURCE,2024-08-15T12:00:29.163Z,ter_352f806f61114893b8ad32e5,05,Y,AUTHENTICATED,[],[],["Y"],["Y"],["0"],[],"[""PENDING_AUTHENTICATION"",""AUTHENTICATION_SUCCESSFUL"",""COMPLETED""]",1
auth_payer_Uel835241205HYf15297t566,445827,20189822,CYBERSOURCE,2024-08-15T12:00:35.566Z,ter_352f806f61114893b8ad32e5,05,Y,AUTHENTICATED,[],[],["Y"],["Y"],["0"],[],"[""PENDING_AUTHENTICATION"",""AUTHENTICATION_SUCCESSFUL"",""COMPLETED""]",1
auth_payer_ZJxV224121eK5E15Si77222,445827,20189822,CYBERSOURCE,2024-08-15T12:01:02.222Z,ter_352f806f61114893b8ad32e5,05,Y,AUTHENTICATED,[],[],["Y"],["Y"],["0"],[],"[""PENDING_AUTHENTICATION"",""AUTHENTICATION_SUCCESSFUL"",""COMPLETED""]",1
auth_payer_Pkul4424121cXZz15le7e509,445827,20189822,CYBERSOURCE,2024-08-15T12:01:44.509Z,ter_352f806f61114893b8ad32e5,05,Y,AUTHENTICATED,[],[],["Y"],["Y"],["0"],[],"[""PENDING_AUTHENTICATION"",""AUTHENTICATION_SUCCESSFUL"",""COMPLETED""]",1
auth_payer_3zGr2424122v29U15BE7A234,445827,20189822,CYBERSOURCE,2024-08-15T12:02:24.234Z,ter_352f806f61114893b8ad32e5,05,Y,AUTHENTICATED,[],[],["Y"],["Y"],["0"],[],"[""PENDING_AUTHENTICATION"",""AUTHENTICATION_SUCCESSFUL"",""COMPLETED""]",1
auth_payer_cW0P5624122BH6H15Ie7N368,445827,20189822,CYBERSOURCE,2024-08-15T12:02:56.368Z,ter_352f806f61114893b8ad32e5,05,Y,AUTHENTICATED,[],[],["Y"],["Y"],["0"],[],"[""PENDING_AUTHENTICATION"",""AUTHENTICATION_SUCCESSFUL"",""COMPLETED""]",1
auth_payer_Ha5K024124TWfH153V7N886,445827,20189822,CYBERSOURCE,2024-08-15T12:04:00.886Z,ter_352f806f61114893b8ad32e5,05,Y,AUTHENTICATED,[],[],["Y"],["Y"],["0"],[],"[""PENDING_AUTHENTICATION"",""AUTHENTICATION_SUCCESSFUL"",""COMPLETED""]",1
auth_payer_Q0vL424124CsJH15Nb7R565,445827,20189822,CYBERSOURCE,2024-08-15T12:04:04.565Z,ter_352f806f61114893b8ad32e5,05,Y,AUTHENTICATED,[],[],["Y"],["Y"],["0"],[],"[""PENDING_AUTHENTICATION"",""AUTHENTICATION_SUCCESSFUL"",""COMPLETED""]",1
auth_payer_8MB81524124ff9m15a67M837,524646,20189822,CYBERSOURCE,2024-08-15T12:04:15.837Z,ter_352f806f61114893b8ad32e5,02,Y,AUTHENTICATED,[],[],["Y"],["Y"],["0"],[],"[""PENDING_AUTHENTICATION"",""AUTHENTICATION_SUCCESSFUL"",""COMPLETED""]",1
auth_payer_EiGH324125FAeE15U374228,445827,20189822,CYBERSOURCE,2024-08-15T12:05:03.228Z,ter_352f806f61114893b8ad32e5,05,Y,AUTHENTICATED,[],[],["Y"],["Y"],["0"],[],"[""PENDING_AUTHENTICATION"",""AUTHENTICATION_SUCCESSFUL"",""COMPLETED""]",1
auth_payer_Ghsj1124125tC2815pG7o136,405433,20189822,CYBERSOURCE,2024-08-15T12:05:11.136Z,ter_352f806f61114893b8ad32e5,05,Y,AUTHENTICATED,[],[],["Y"],["Y"],[],[],"[""AUTHENTICATION_SUCCESSFUL"",""COMPLETED""]",1
auth_payer_RhpC25241251HY715sb7g646,445827,20189822,CYBERSOURCE,2024-08-15T12:05:25.646Z,ter_352f806f61114893b8ad32e5,05,Y,AUTHENTICATED,[],[],["Y"],["Y"],["0"],[],"[""PENDING_AUTHENTICATION"",""AUTHENTICATION_SUCCESSFUL"",""COMPLETED""]",1
auth_payer_R2Nd33241252pa215ur7P192,445827,20189822,CYBERSOURCE,2024-08-15T12:05:33.192Z,ter_352f806f61114893b8ad32e5,05,Y,AUTHENTICATED,[],[],["Y"],["Y"],[],[],"[""AUTHENTICATION_SUCCESSFUL"",""COMPLETED""]",1
auth_payer_ak342024126n6d0151v74872,445827,20189822,CYBERSOURCE,2024-08-15T12:06:20.872Z,ter_352f806f61114893b8ad32e5,05,Y,AUTHENTICATED,[],[],["Y"],["Y"],["0"],[],"[""PENDING_AUTHENTICATION"",""AUTHENTICATION_SUCCESSFUL"",""COMPLETED""]",1
auth_payer_OXle2124126BqUH15mA72340,445827,20189822,CYBERSOURCE,2024-08-15T12:06:21.340Z,ter_352f806f61114893b8ad32e5,05,Y,AUTHENTICATED,[],[],["Y"],["Y"],["0"],[],"[""PENDING_AUTHENTICATION"",""AUTHENTICATION_SUCCESSFUL"",""COMPLETED""]",1
auth_payer_9yLc2724126GPPY159t7d51,445827,20189822,CYBERSOURCE,2024-08-15T12:06:27.051Z,ter_352f806f61114893b8ad32e5,05,Y,AUTHENTICATED,[],[],["Y"],["Y"],["0"],[],"[""PENDING_AUTHENTICATION"",""AUTHENTICATION_SUCCESSFUL"",""COMPLETED""]",1
auth_payer_RTZz4524127GgTx15C875665,445827,20189822,CYBERSOURCE,2024-08-15T12:07:45.666Z,ter_352f806f61114893b8ad32e5,05,Y,AUTHENTICATED,[],[],["Y"],["Y"],["0"],[],"[""PENDING_AUTHENTICATION"",""AUTHENTICATION_SUCCESSFUL"",""COMPLETED""]",1
auth_payer_jqLL5224127e9EV15Xv7n500,445827,20189822,CYBERSOURCE,2024-08-15T12:07:52.500Z,ter_352f806f61114893b8ad32e5,05,Y,AUTHENTICATED,[],[],["Y"],["Y"],["0"],[],"[""PENDING_AUTHENTICATION"",""AUTHENTICATION_SUCCESSFUL"",""COMPLETED""]",1
auth_payer_dxMj1424128a1e815u67W286,445827,20189822,CYBERSOURCE,2024-08-15T12:08:14.286Z,ter_352f806f61114893b8ad32e5,05,Y,AUTHENTICATED,[],[],["Y"],["Y"],["0"],[],"[""PENDING_AUTHENTICATION"",""AUTHENTICATION_SUCCESSFUL"",""COMPLETED""]",1
auth_payer_2YaA4024128vlqf15Yt76868,454887,20189822,CYBERSOURCE,2024-08-15T12:08:40.868Z,ter_352f806f61114893b8ad32e5,05,Y,AUTHENTICATED,[],[],["Y"],["Y"],["0"],[],"[""PENDING_AUTHENTICATION"",""AUTHENTICATION_SUCCESSFUL"",""COMPLETED""]",1
auth_payer_iy8v4224128KcFC15n47P265,445827,20189822,CYBERSOURCE,2024-08-15T12:08:42.265Z,ter_352f806f61114893b8ad32e5,05,Y,AUTHENTICATED,[],[],["Y"],["Y"],["0"],[],"[""PENDING_AUTHENTICATION"",""AUTHENTICATION_SUCCESSFUL"",""COMPLETED""]",1
auth_payer_Slqy2924129eEZ5156v7Q430,445827,20189822,CYBERSOURCE,2024-08-15T12:09:29.430Z,ter_352f806f61114893b8ad32e5,05,Y,AUTHENTICATED,[],[],["Y"],["Y"],["0"],[],"[""PENDING_AUTHENTICATION"",""AUTHENTICATION_SUCCESSFUL"",""COMPLETED""]",1
auth_payer_iJsZ472412907js15r371989,445827,20189822,CYBERSOURCE,2024-08-15T12:09:47.989Z,ter_352f806f61114893b8ad32e5,05,Y,AUTHENTICATED,[],[],["Y"],["Y"],["0"],[],"[""PENDING_AUTHENTICATION"",""AUTHENTICATION_SUCCESSFUL"",""COMPLETED""]",1
auth_payer_Vp7117241210u8Nf15Kx7y144,445827,20189822,CYBERSOURCE,2024-08-15T12:10:17.144Z,ter_352f806f61114893b8ad32e5,05,Y,AUTHENTICATED,[],[],["Y"],["Y"],["0"],[],"[""PENDING_AUTHENTICATION"",""AUTHENTICATION_SUCCESSFUL"",""COMPLETED""]",1
auth_payer_kvrk18241211bkJm152O7C19,445827,20189822,CYBERSOURCE,2024-08-15T12:11:18.019Z,ter_352f806f61114893b8ad32e5,05,Y,AUTHENTICATED,[],[],["Y"],["Y"],["0"],[],"[""PENDING_AUTHENTICATION"",""AUTHENTICATION_SUCCESSFUL"",""COMPLETED""]",1
auth_payer_PNXi28241211RVXz15pO7q599,457553,20189822,CYBERSOURCE,2024-08-15T12:11:28.600Z,ter_352f806f61114893b8ad32e5,05,Y,AUTHENTICATED,[],[],["Y"],["Y"],["0"],[],"[""PENDING_AUTHENTICATION"",""AUTHENTICATION_SUCCESSFUL"",""COMPLETED""]",1
auth_payer_akxj38241211NidA15cW7h520,445827,20189822,CYBERSOURCE,2024-08-15T12:11:38.520Z,ter_352f806f61114893b8ad32e5,05,Y,AUTHENTICATED,[],[],["Y"],["Y"],["0"],[],"[""PENDING_AUTHENTICATION"",""AUTHENTICATION_SUCCESSFUL"",""COMPLETED""]",1
auth_payer_mHZ023241212prDu15k27s163,445827,20189822,CYBERSOURCE,2024-08-15T12:12:23.163Z,ter_352f806f61114893b8ad32e5,05,Y,AUTHENTICATED,[],[],["Y"],["Y"],["0"],[],"[""PENDING_AUTHENTICATION"",""AUTHENTICATION_SUCCESSFUL"",""COMPLETED""]",1
auth_payer_lT4X41241212aPBh15AR7c970,445827,20189822,CYBERSOURCE,2024-08-15T12:12:41.970Z,ter_352f806f61114893b8ad32e5,05,Y,AUTHENTICATED,[],[],["Y"],["Y"],["0"],[],"[""PENDING_AUTHENTICATION"",""AUTHENTICATION_SUCCESSFUL"",""COMPLETED""]",1
auth_payer_azME25241213UczT15io7i664,445827,20189822,CYBERSOURCE,2024-08-15T12:13:25.664Z,ter_352f806f61114893b8ad32e5,05,Y,AUTHENTICATED,[],[],["Y"],["Y"],[],[],"[""AUTHENTICATION_SUCCESSFUL"",""COMPLETED""]",1
auth_payer_ROsZ27241213ZqY115Vc7x561,445827,20189822,CYBERSOURCE,2024-08-15T12:13:27.561Z,ter_352f806f61114893b8ad32e5,05,Y,AUTHENTICATED,[],[],["Y"],["Y"],["0"],[],"[""PENDING_AUTHENTICATION"",""AUTHENTICATION_SUCCESSFUL"",""COMPLETED""]",1
auth_payer_nrzY322412139W5815CP7b208,417323,20189822,CYBERSOURCE,2024-08-15T12:13:32.208Z,ter_352f806f61114893b8ad32e5,05,Y,AUTHENTICATED,[],[],["Y"],["Y"],[],[],"[""AUTHENTICATION_SUCCESSFUL"",""COMPLETED""]",1
auth_payer_Oir833241213Ytkx15Bf7U661,457553,20189822,CYBERSOURCE,2024-08-15T12:13:33.661Z,ter_352f806f61114893b8ad32e5,05,Y,AUTHENTICATED,[],[],["Y"],["Y"],["0"],[],"[""PENDING_AUTHENTICATION"",""AUTHENTICATION_SUCCESSFUL"",""COMPLETED""]",1
auth_payer_eo2x35241213rUSQ150h7l622,456891,20189822,CYBERSOURCE,2024-08-15T12:13:35.622Z,ter_352f806f61114893b8ad32e5,05,Y,AUTHENTICATED,[],[],["Y"],["Y"],["0"],[],"[""PENDING_AUTHENTICATION"",""AUTHENTICATION_SUCCESSFUL"",""COMPLETED""]",1
auth_payer_mj7C212412143JtD15Dj7s102,445827,20189822,CYBERSOURCE,2024-08-15T12:14:21.103Z,ter_352f806f61114893b8ad32e5,05,Y,AUTHENTICATED,[],[],["Y"],["Y"],[],[],"[""AUTHENTICATION_SUCCESSFUL"",""COMPLETED""]",1
auth_payer_WTv531241214yVkS15op74251,445827,20189822,CYBERSOURCE,2024-08-15T12:14:31.251Z,ter_352f806f61114893b8ad32e5,05,Y,AUTHENTICATED,[],[],["Y"],["Y"],["0"],[],"[""PENDING_AUTHENTICATION"",""AUTHENTICATION_SUCCESSFUL"",""COMPLETED""]",1
auth_payer_jPe239241214LC5Q15SB78715,445827,20189822,CYBERSOURCE,2024-08-15T12:14:39.715Z,ter_352f806f61114893b8ad32e5,05,Y,AUTHENTICATED,[],[],["Y"],["Y"],["0"],[],"[""PENDING_AUTHENTICATION"",""AUTHENTICATION_SUCCESSFUL"",""COMPLETED""]",1
auth_payer_lMqc57241215ybOd15TH7a141,445827,20189822,CYBERSOURCE,2024-08-15T12:15:57.141Z,ter_352f806f61114893b8ad32e5,05,Y,AUTHENTICATED,[],[],["Y"],["Y"],["0"],[],"[""PENDING_AUTHENTICATION"",""AUTHENTICATION_SUCCESSFUL"",""COMPLETED""]",1
auth_payer_z7ZS22241216GCdt15uN759,445827,20189822,CYBERSOURCE,2024-08-15T12:16:22.009Z,ter_352f806f61114893b8ad32e5,05,Y,AUTHENTICATED,[],[],["Y"],["Y"],["0"],[],"[""PENDING_AUTHENTICATION"",""AUTHENTICATION_SUCCESSFUL"",""COMPLETED""]",1
auth_payer_gLuF33241216ZLRZ15dh7T605,445827,20189822,CYBERSOURCE,2024-08-15T12:16:33.605Z,ter_352f806f61114893b8ad32e5,05,Y,AUTHENTICATED,[],[],["Y"],["Y"],["0"],[],"[""PENDING_AUTHENTICATION"",""AUTHENTICATION_SUCCESSFUL"",""COMPLETED""]",1
auth_payer_iMzM0241217xnA415zf7F904,445827,20189822,CYBERSOURCE,2024-08-15T12:17:00.904Z,ter_352f806f61114893b8ad32e5,05,Y,AUTHENTICATED,[],[],["Y"],["Y"],["0"],[],"[""PENDING_AUTHENTICATION"",""AUTHENTICATION_SUCCESSFUL"",""COMPLETED""]",1
auth_payer_4WGl21241217g79d15Sn7X982,445827,20189822,CYBERSOURCE,2024-08-15T12:17:21.982Z,ter_352f806f61114893b8ad32e5,05,Y,AUTHENTICATED,[],[],["Y"],["Y"],["0"],[],"[""PENDING_AUTHENTICATION"",""AUTHENTICATION_SUCCESSFUL"",""COMPLETED""]",1
auth_payer_s2FN3241218Zbke15GU7d223,445827,20189822,CYBERSOURCE,2024-08-15T12:18:03.223Z,ter_352f806f61114893b8ad32e5,05,Y,AUTHENTICATED,[],[],["Y"],["Y"],["0"],[],"[""PENDING_AUTHENTICATION"",""AUTHENTICATION_SUCCESSFUL"",""COMPLETED""]",1
auth_payer_g2aj26241218sHvx15LD7B107,445827,20189822,CYBERSOURCE,2024-08-15T12:18:26.107Z,ter_352f806f61114893b8ad32e5,05,Y,AUTHENTICATED,[],[],["Y"],["Y"],["0"],[],"[""PENDING_AUTHENTICATION"",""AUTHENTICATION_SUCCESSFUL"",""COMPLETED""]",1
auth_payer_8fTS3241219Xf3i15Q27d290,445827,20189822,CYBERSOURCE,2024-08-15T12:19:03.290Z,ter_352f806f61114893b8ad32e5,05,Y,AUTHENTICATED,[],[],["Y"],["Y"],["0"],[],"[""PENDING_AUTHENTICATION"",""AUTHENTICATION_SUCCESSFUL"",""COMPLETED""]",1
auth_payer_3adh47241219sl6e159y7h543,532448,20189822,CYBERSOURCE,2024-08-15T12:19:47.543Z,ter_352f806f61114893b8ad32e5,02,Y,AUTHENTICATED,[],[],["Y"],["Y"],["0"],[],"[""PENDING_AUTHENTICATION"",""AUTHENTICATION_SUCCESSFUL"",""COMPLETED""]",1
auth_payer_5jNk57241219ZYs615aZ78570,445827,20189822,CYBERSOURCE,2024-08-15T12:19:57.570Z,ter_352f806f61114893b8ad32e5,05,Y,AUTHENTICATED,[],[],["Y"],["Y"],["0"],[],"[""PENDING_AUTHENTICATION"",""AUTHENTICATION_SUCCESSFUL"",""COMPLETED""]",1
auth_payer_Cj9N5241220Gmj2157I7A735,445827,20189822,CYBERSOURCE,2024-08-15T12:20:05.735Z,ter_352f806f61114893b8ad32e5,07,R,FAILED,[],[],["Y"],["R"],[],[],"[""AUTHENTICATION_FAILED"",""COMPLETED""]",1
auth_payer_0SGZ53241220InrV15vn7P310,445827,20189822,CYBERSOURCE,2024-08-15T12:20:53.310Z,ter_352f806f61114893b8ad32e5,07,R,FAILED,[],[],["Y"],["R"],[],[],"[""AUTHENTICATION_FAILED"",""COMPLETED""]",1
auth_payer_Q3TA14241221TPN815jy7v62,445827,20189822,CYBERSOURCE,2024-08-15T12:21:14.062Z,ter_352f806f61114893b8ad32e5,,,INITIATED,[],[],[],[],[],[],["COMPLETED"],1
auth_payer_2Et855241221lPif15e27m833,445827,20189822,CYBERSOURCE,2024-08-15T12:21:55.833Z,ter_352f806f61114893b8ad32e5,07,R,FAILED,[],[],["Y"],["R"],[],[],"[""AUTHENTICATION_FAILED"",""COMPLETED""]",1
auth_payer_j27j17241223M4WG153q73929,445827,20189822,CYBERSOURCE,2024-08-15T12:23:17.929Z,ter_352f806f61114893b8ad32e5,05,Y,AUTHENTICATED,[],[],["Y"],["Y"],["0"],[],"[""PENDING_AUTHENTICATION"",""AUTHENTICATION_SUCCESSFUL"",""COMPLETED""]",1
auth_payer_sYMP7241224ruME15Ly73430,454887,20189822,CYBERSOURCE,2024-08-15T12:24:07.431Z,ter_352f806f61114893b8ad32e5,05,Y,AUTHENTICATED,[],[],["Y"],["Y"],["0"],[],"[""PENDING_AUTHENTICATION"",""AUTHENTICATION_SUCCESSFUL"",""COMPLETED""]",1
auth_payer_MARx21241224nxUd15oE7h18,445827,20189822,CYBERSOURCE,2024-08-15T12:24:21.018Z,ter_352f806f61114893b8ad32e5,,,INITIATED,[],[],[],[],[],[],["COMPLETED"],1
auth_payer_YpU751241224QtIK157Z7n70,445827,20189822,CYBERSOURCE,2024-08-15T12:24:51.070Z,ter_352f806f61114893b8ad32e5,05,Y,AUTHENTICATED,[],[],["Y"],["Y"],["0"],[],"[""PENDING_AUTHENTICATION"",""AUTHENTICATION_SUCCESSFUL"",""COMPLETED""]",1
auth_payer_ieVv7241227A3SB15jp7D473,445827,20189822,CYBERSOURCE,2024-08-15T12:27:07.474Z,ter_352f806f61114893b8ad32e5,,,INITIATED,[],[],[],[],[],[],["COMPLETED"],1
auth_payer_q8pp13241227j2vY15pz79877,445827,20189822,CYBERSOURCE,2024-08-15T12:27:13.877Z,ter_352f806f61114893b8ad32e5,05,Y,AUTHENTICATED,[],[],["Y"],["Y"],["0"],[],"[""PENDING_AUTHENTICATION"",""AUTHENTICATION_SUCCESSFUL"",""COMPLETED""]",1
auth_payer_i0Kf52241232m0jH15PG7m85,445827,20189822,CYBERSOURCE,2024-08-15T12:32:52.085Z,ter_352f806f61114893b8ad32e5,05,Y,AUTHENTICATED,[],[],["Y"],["Y"],["0"],[],"[""PENDING_AUTHENTICATION"",""AUTHENTICATION_SUCCESSFUL"",""COMPLETED""]",1
auth_payer_lGtR182412333Q6b15Ti7e886,445827,20189822,CYBERSOURCE,2024-08-15T12:33:18.886Z,ter_352f806f61114893b8ad32e5,05,Y,AUTHENTICATED,[],[],["Y"],["Y"],["0"],[],"[""PENDING_AUTHENTICATION"",""AUTHENTICATION_SUCCESSFUL"",""COMPLETED""]",1
auth_payer_TJLI44241233dd6i15mS7n346,456893,20189822,CYBERSOURCE,2024-08-15T12:33:44.346Z,ter_352f806f61114893b8ad32e5,05,Y,AUTHENTICATED,[],[],["Y"],["Y"],["0"],[],"[""PENDING_AUTHENTICATION"",""AUTHENTICATION_SUCCESSFUL"",""COMPLETED""]",1
auth_payer_kIOd33241235LlhS15kT7b917,445827,20189822,CYBERSOURCE,2024-08-15T12:35:33.917Z,ter_352f806f61114893b8ad32e5,05,Y,AUTHENTICATED,[],[],["Y"],["Y"],["0"],[],"[""PENDING_AUTHENTICATION"",""AUTHENTICATION_SUCCESSFUL"",""COMPLETED""]",1
auth_payer_sMSY2241236jXo615DH7V452,445827,20189822,CYBERSOURCE,2024-08-15T12:36:02.452Z,ter_352f806f61114893b8ad32e5,,,INITIATED,[],[],[],[],[],[],["COMPLETED"],1
auth_payer_5ntR20241237EC8E15uC7C747,445827,20189822,CYBERSOURCE,2024-08-15T12:37:20.747Z,ter_352f806f61114893b8ad32e5,,,INITIATED,[],[],[],[],[],[],["COMPLETED"],1
auth_payer_4I8e15241241t5u415bY7C44,445827,20189822,CYBERSOURCE,2024-08-15T12:41:15.044Z,ter_352f806f61114893b8ad32e5,05,Y,AUTHENTICATED,[],[],["Y"],["Y"],["0"],[],"[""PENDING_AUTHENTICATION"",""AUTHENTICATION_SUCCESSFUL"",""COMPLETED""]",1
auth_payer_Klf35241244vsnK15047m749,485932,20189822,CYBERSOURCE,2024-08-15T12:44:05.749Z,ter_352f806f61114893b8ad32e5,07,R,FAILED,[],[],["Y"],["R"],[],[],"[""AUTHENTICATION_FAILED"",""COMPLETED""]",1
auth_payer_90x033241244AxAN15RR7N491,445827,20189822,CYBERSOURCE,2024-08-15T12:44:33.491Z,ter_352f806f61114893b8ad32e5,05,Y,AUTHENTICATED,[],[],["Y"],["Y"],["0"],[],"[""PENDING_AUTHENTICATION"",""AUTHENTICATION_SUCCESSFUL"",""COMPLETED""]",1
auth_payer_N5Ur49241248IXCa15si7f23,445827,20189822,CYBERSOURCE,2024-08-15T12:48:49.023Z,ter_352f806f61114893b8ad32e5,05,Y,AUTHENTICATED,[],[],["Y"],["Y"],["0"],[],"[""PENDING_AUTHENTICATION"",""AUTHENTICATION_SUCCESSFUL"",""COMPLETED""]",1
auth_payer_U6jj22241250VQhi15Gt7s149,445827,20189822,CYBERSOURCE,2024-08-15T12:50:22.149Z,ter_352f806f61114893b8ad32e5,05,Y,AUTHENTICATED,[],[],["Y"],["Y"],["0"],[],"[""PENDING_AUTHENTICATION"",""AUTHENTICATION_SUCCESSFUL"",""COMPLETED""]",1
auth_payer_6pGE20241252EkXc15uZ70849,445827,20189822,CYBERSOURCE,2024-08-15T12:52:20.849Z,ter_352f806f61114893b8ad32e5,05,Y,AUTHENTICATED,[],[],["Y"],["Y"],["0"],[],"[""PENDING_AUTHENTICATION"",""AUTHENTICATION_SUCCESSFUL"",""COMPLETED""]",1
auth_payer_fhcY32241252WHLc15zF7i225,524646,20189822,CYBERSOURCE,2024-08-15T12:52:32.225Z,ter_352f806f61114893b8ad32e5,02,Y,AUTHENTICATED,[],[],["Y"],["Y"],["0"],[],"[""PENDING_AUTHENTICATION"",""AUTHENTICATION_SUCCESSFUL"",""COMPLETED""]",1
auth_payer_jENs47241252tFeN15nC7c544,457553,20189822,CYBERSOURCE,2024-08-15T12:52:47.544Z,ter_352f806f61114893b8ad32e5,05,Y,AUTHENTICATED,[],[],["Y"],["Y"],["0"],[],"[""PENDING_AUTHENTICATION"",""AUTHENTICATION_SUCCESSFUL"",""COMPLETED""]",1
auth_payer_Uv8o46241256y9zc15HZ7g562,417323,20189822,CYBERSOURCE,2024-08-15T12:56:46.562Z,ter_352f806f61114893b8ad32e5,05,Y,AUTHENTICATED,[],[],["Y"],["Y"],["0"],[],"[""PENDING_AUTHENTICATION"",""AUTHENTICATION_SUCCESSFUL"",""COMPLETED""]",1
auth_payer_vu8q51241259YgaC15PV7U995,405433,20189822,CYBERSOURCE,2024-08-15T12:59:51.995Z,ter_352f806f61114893b8ad32e5,05,Y,AUTHENTICATED,[],[],["Y"],["Y"],[],[],"[""AUTHENTICATION_SUCCESSFUL"",""COMPLETED""]",1
auth_payer_Assm1724130mJxi15Fx7C624,405433,20189822,CYBERSOURCE,2024-08-15T13:00:17.624Z,ter_352f806f61114893b8ad32e5,05,Y,AUTHENTICATED,[],[],["Y"],["Y"],[],[],"[""AUTHENTICATION_SUCCESSFUL"",""COMPLETED""]",1
auth_payer_Y7ZK4424130YcRQ15XX7X611,445827,20189822,CYBERSOURCE,2024-08-15T13:00:44.611Z,ter_352f806f61114893b8ad32e5,05,Y,AUTHENTICATED,[],[],["Y"],["Y"],[],[],"[""AUTHENTICATION_SUCCESSFUL"",""COMPLETED""]",1
auth_payer_KHbM4524130erMR158H73147,402667,20189822,CYBERSOURCE,2024-08-15T13:00:45.147Z,ter_352f806f61114893b8ad32e5,05,Y,AUTHENTICATED,[],[],["Y"],["Y"],["0"],[],"[""PENDING_AUTHENTICATION"",""AUTHENTICATION_SUCCESSFUL"",""COMPLETED""]",1
auth_payer_KRAo4724131KGT615ih7g184,445827,20189822,CYBERSOURCE,2024-08-15T13:01:47.184Z,ter_352f806f61114893b8ad32e5,,,INITIATED,[],[],[],[],[],[],["COMPLETED"],1
auth_payer_EZrJ4224133XYZ715j77D33,445827,20189822,CYBERSOURCE,2024-08-15T13:03:42.033Z,ter_352f806f61114893b8ad32e5,05,Y,AUTHENTICATED,[],[],["Y"],["Y"],["0"],[],"[""PENDING_AUTHENTICATION"",""AUTHENTICATION_SUCCESSFUL"",""COMPLETED""]",1
auth_payer_nJXD5824133zVEe15Ec78944,445827,20189822,CYBERSOURCE,2024-08-15T13:03:58.944Z,ter_352f806f61114893b8ad32e5,05,Y,AUTHENTICATED,[],[],["Y"],["Y"],["0"],[],"[""PENDING_AUTHENTICATION"",""AUTHENTICATION_SUCCESSFUL"",""COMPLETED""]",1
auth_payer_BJ0O4924136XhEb15n77P853,457553,20189822,CYBERSOURCE,2024-08-15T13:06:49.853Z,ter_352f806f61114893b8ad32e5,05,Y,AUTHENTICATED,[],[],["Y"],["Y"],["0"],[],"[""PENDING_AUTHENTICATION"",""AUTHENTICATION_SUCCESSFUL"",""COMPLETED""]",1
auth_payer_LWg53324137CnfQ150N7h833,422689,20189822,CYBERSOURCE,2024-08-15T13:07:33.833Z,ter_352f806f61114893b8ad32e5,05,Y,AUTHENTICATED,[],[],["Y"],["Y"],["0"],[],"[""PENDING_AUTHENTICATION"",""AUTHENTICATION_SUCCESSFUL"",""COMPLETED""]",1
auth_payer_bJXc3924137OITn15M57K771,445827,20189822,CYBERSOURCE,2024-08-15T13:07:39.772Z,ter_352f806f61114893b8ad32e5,05,Y,AUTHENTICATED,[],[],["Y"],["Y"],["0"],[],"[""PENDING_AUTHENTICATION"",""AUTHENTICATION_SUCCESSFUL"",""COMPLETED""]",1
auth_payer_BCbK9241385MXv15R17q610,445827,20189822,CYBERSOURCE,2024-08-15T13:08:09.610Z,ter_352f806f61114893b8ad32e5,,,INITIATED,[],[],[],[],[],[],["COMPLETED"],1
auth_payer_1QFu3424139qedA15eF7o715,531221,20189822,CYBERSOURCE,2024-08-15T13:09:34.715Z,ter_352f806f61114893b8ad32e5,,,INITIATED,[],[],[],[],[],[],["COMPLETED"],1
auth_payer_2adX47241310TxPe158B7c895,445827,20189822,CYBERSOURCE,2024-08-15T13:10:47.895Z,ter_352f806f61114893b8ad32e5,05,Y,AUTHENTICATED,[],[],["Y"],["Y"],["0"],[],"[""PENDING_AUTHENTICATION"",""AUTHENTICATION_SUCCESSFUL"",""COMPLETED""]",1
auth_payer_mmA320241313DPcd15Gk7c149,445827,20189822,CYBERSOURCE,2024-08-15T13:13:20.149Z,ter_352f806f61114893b8ad32e5,05,Y,AUTHENTICATED,[],[],["Y"],["Y"],["0"],[],"[""PENDING_AUTHENTICATION"",""AUTHENTICATION_SUCCESSFUL"",""COMPLETED""]",1
auth_payer_UktH442413168eyn15ux7P756,445827,20189822,CYBERSOURCE,2024-08-15T13:16:44.756Z,ter_352f806f61114893b8ad32e5,05,Y,AUTHENTICATED,[],[],["Y"],["Y"],["0"],[],"[""PENDING_AUTHENTICATION"",""AUTHENTICATION_SUCCESSFUL"",""COMPLETED""]",1
auth_payer_Y88a31241320G9PF153s74630,445827,20189822,CYBERSOURCE,2024-08-15T13:20:31.630Z,ter_352f806f61114893b8ad32e5,05,Y,AUTHENTICATED,[],[],["Y"],["Y"],["0"],[],"[""PENDING_AUTHENTICATION"",""AUTHENTICATION_SUCCESSFUL"",""COMPLETED""]",1
auth_payer_P3r634241320KQfa15XK7Q498,405433,20189822,CYBERSOURCE,2024-08-15T13:20:34.498Z,ter_352f806f61114893b8ad32e5,05,Y,AUTHENTICATED,[],[],["Y"],["Y"],[],[],"[""AUTHENTICATION_SUCCESSFUL"",""COMPLETED""]",1
auth_payer_F48u462413228Xnz15Hg72726,445827,20189822,CYBERSOURCE,2024-08-15T13:22:46.726Z,ter_352f806f61114893b8ad32e5,05,Y,AUTHENTICATED,[],[],["Y"],["Y"],["0"],[],"[""PENDING_AUTHENTICATION"",""AUTHENTICATION_SUCCESSFUL"",""COMPLETED""]",1
auth_payer_SR3x4241323O5y5157m7K586,445827,20189822,CYBERSOURCE,2024-08-15T13:23:04.586Z,ter_352f806f61114893b8ad32e5,05,Y,AUTHENTICATED,[],[],["Y"],["Y"],[],[],"[""AUTHENTICATION_SUCCESSFUL"",""COMPLETED""]",1
auth_payer_s99a25241323ha1815ti7y54,405433,20189822,CYBERSOURCE,2024-08-15T13:23:25.054Z,ter_352f806f61114893b8ad32e5,05,Y,AUTHENTICATED,[],[],["Y"],["Y"],[],[],"[""AUTHENTICATION_SUCCESSFUL"",""COMPLETED""]",1
auth_payer_qLvt6241324Rs1H15bv7K411,445827,20189822,CYBERSOURCE,2024-08-15T13:24:06.411Z,ter_352f806f61114893b8ad32e5,05,Y,AUTHENTICATED,[],[],["Y"],["Y"],["0"],[],"[""PENDING_AUTHENTICATION"",""AUTHENTICATION_SUCCESSFUL"",""COMPLETED""]",1
auth_payer_cMqK8241326caOa15ek7Z721,445827,20189822,CYBERSOURCE,2024-08-15T13:26:08.721Z,ter_352f806f61114893b8ad32e5,05,Y,AUTHENTICATED,[],[],["Y"],["Y"],[],[],"[""AUTHENTICATION_SUCCESSFUL"",""COMPLETED""]",1
auth_payer_LnZp302413265kYh151z7D964,445827,20189822,CYBERSOURCE,2024-08-15T13:26:30.964Z,ter_352f806f61114893b8ad32e5,05,Y,AUTHENTICATED,[],[],["Y"],["Y"],["0"],[],"[""PENDING_AUTHENTICATION"",""AUTHENTICATION_SUCCESSFUL"",""COMPLETED""]",1
auth_payer_sqt647241329tjYE15Ij7A931,457553,20189822,CYBERSOURCE,2024-08-15T13:29:47.931Z,ter_352f806f61114893b8ad32e5,05,Y,AUTHENTICATED,[],[],["Y"],["Y"],["0"],[],"[""PENDING_AUTHENTICATION"",""AUTHENTICATION_SUCCESSFUL"",""COMPLETED""]",1
auth_payer_efTc52241329fm0g15Z57U206,445827,20189822,CYBERSOURCE,2024-08-15T13:29:52.206Z,ter_352f806f61114893b8ad32e5,05,Y,AUTHENTICATED,[],[],["Y"],["Y"],[],[],"[""AUTHENTICATION_SUCCESSFUL"",""COMPLETED""]",1
auth_payer_z4om8241330Ycsa15sU7k121,445827,20189822,CYBERSOURCE,2024-08-15T13:30:08.122Z,ter_352f806f61114893b8ad32e5,05,Y,AUTHENTICATED,[],[],["Y"],["Y"],["0"],[],"[""PENDING_AUTHENTICATION"",""AUTHENTICATION_SUCCESSFUL"",""COMPLETED""]",1
auth_payer_Dy1Q48241330PHoO15yI7U619,445827,20189822,CYBERSOURCE,2024-08-15T13:30:48.619Z,ter_352f806f61114893b8ad32e5,05,Y,AUTHENTICATED,[],[],["Y"],["Y"],["0"],[],"[""PENDING_AUTHENTICATION"",""AUTHENTICATION_SUCCESSFUL"",""COMPLETED""]",1
auth_payer_Fiyv242413315E6m15vz7S553,445827,20189822,CYBERSOURCE,2024-08-15T13:31:24.554Z,ter_352f806f61114893b8ad32e5,05,Y,AUTHENTICATED,[],[],["Y"],["Y"],[],[],"[""AUTHENTICATION_SUCCESSFUL"",""COMPLETED""]",1
auth_payer_jqd924241332Nn4I15Rh7H375,445827,20189822,CYBERSOURCE,2024-08-15T13:32:24.375Z,ter_352f806f61114893b8ad32e5,05,Y,AUTHENTICATED,[],[],["Y"],["Y"],["0"],[],"[""PENDING_AUTHENTICATION"",""AUTHENTICATION_SUCCESSFUL"",""COMPLETED""]",1
auth_payer_lqId162413333MJf15os77754,414627,20189822,CYBERSOURCE,2024-08-15T13:33:16.754Z,ter_352f806f61114893b8ad32e5,05,Y,AUTHENTICATED,[],[],["Y"],["Y"],[],[],"[""AUTHENTICATION_SUCCESSFUL"",""COMPLETED""]",1
auth_payer_TLGH11241334c4yv15un72949,445827,20189822,CYBERSOURCE,2024-08-15T13:34:11.949Z,ter_352f806f61114893b8ad32e5,05,Y,AUTHENTICATED,[],[],["Y"],["Y"],["0"],[],"[""PENDING_AUTHENTICATION"",""AUTHENTICATION_SUCCESSFUL"",""COMPLETED""]",1
auth_payer_h4lr41241336117X155V7d246,445827,20189822,CYBERSOURCE,2024-08-15T13:36:41.246Z,ter_352f806f61114893b8ad32e5,05,Y,AUTHENTICATED,[],[],["Y"],["Y"],["0"],[],"[""PENDING_AUTHENTICATION"",""AUTHENTICATION_SUCCESSFUL"",""COMPLETED""]",1
auth_payer_HT5g02413403Mtb15Sv7X629,545205,20189822,CYBERSOURCE,2024-08-15T13:40:00.629Z,ter_352f806f61114893b8ad32e5,02,Y,AUTHENTICATED,[],[],["Y"],["Y"],["0"],[],"[""PENDING_AUTHENTICATION"",""AUTHENTICATION_SUCCESSFUL"",""COMPLETED""]",1
auth_payer_22oO9241340kqQb15FZ7K460,445827,20189822,CYBERSOURCE,2024-08-15T13:40:09.460Z,ter_352f806f61114893b8ad32e5,05,Y,AUTHENTICATED,[],[],["Y"],["Y"],["0"],[],"[""PENDING_AUTHENTICATION"",""AUTHENTICATION_SUCCESSFUL"",""COMPLETED""]",1
auth_payer_ILt948241340fTtQ15Ij7C85,445827,20189822,CYBERSOURCE,2024-08-15T13:40:48.085Z,ter_352f806f61114893b8ad32e5,05,Y,AUTHENTICATED,[],[],["Y"],["Y"],[],[],"[""AUTHENTICATION_SUCCESSFUL"",""COMPLETED""]",1
auth_payer_5oyC22241341xWS415ln7V911,445827,20189822,CYBERSOURCE,2024-08-15T13:41:22.911Z,ter_352f806f61114893b8ad32e5,05,Y,AUTHENTICATED,[],[],["Y"],["Y"],["0"],[],"[""PENDING_AUTHENTICATION"",""AUTHENTICATION_SUCCESSFUL"",""COMPLETED""]",1
auth_payer_8e1F48241342ABKl15Gi7m238,445827,20189822,CYBERSOURCE,2024-08-15T13:42:48.238Z,ter_352f806f61114893b8ad32e5,05,Y,AUTHENTICATED,[],[],["Y"],["Y"],["0"],[],"[""PENDING_AUTHENTICATION"",""AUTHENTICATION_SUCCESSFUL"",""COMPLETED""]",1
auth_payer_BaWO55241342efU015KA7a838,445827,20189822,CYBERSOURCE,2024-08-15T13:42:55.838Z,ter_352f806f61114893b8ad32e5,05,Y,AUTHENTICATED,[],[],["Y"],["Y"],["0"],[],"[""PENDING_AUTHENTICATION"",""AUTHENTICATION_SUCCESSFUL"",""COMPLETED""]",1
auth_payer_k0fN31241343qEMP15Ob7h28,445827,20189822,CYBERSOURCE,2024-08-15T13:43:31.028Z,ter_352f806f61114893b8ad32e5,05,Y,AUTHENTICATED,[],[],["Y"],["Y"],["0"],[],"[""PENDING_AUTHENTICATION"",""AUTHENTICATION_SUCCESSFUL"",""COMPLETED""]",1
auth_payer_oAZU4241344dxPA15pb7u760,445827,20189822,CYBERSOURCE,2024-08-15T13:44:04.761Z,ter_352f806f61114893b8ad32e5,05,Y,AUTHENTICATED,[],[],["Y"],["Y"],["0"],[],"[""PENDING_AUTHENTICATION"",""AUTHENTICATION_SUCCESSFUL"",""COMPLETED""]",1
auth_payer_pAtL6241344zEcu152E70141,445827,20189822,CYBERSOURCE,2024-08-15T13:44:06.141Z,ter_352f806f61114893b8ad32e5,05,Y,AUTHENTICATED,[],[],["Y"],["Y"],["0"],[],"[""PENDING_AUTHENTICATION"",""AUTHENTICATION_SUCCESSFUL"",""COMPLETED""]",1
auth_payer_OVpR26241345PZAy15E97V193,445827,20189822,CYBERSOURCE,2024-08-15T13:45:26.193Z,ter_352f806f61114893b8ad32e5,05,Y,AUTHENTICATED,[],[],["Y"],["Y"],["0"],[],"[""PENDING_AUTHENTICATION"",""AUTHENTICATION_SUCCESSFUL"",""COMPLETED""]",1
auth_payer_NH3F19241346q6RR15hJ7v152,445827,20189822,CYBERSOURCE,2024-08-15T13:46:19.152Z,ter_352f806f61114893b8ad32e5,05,Y,AUTHENTICATED,[],[],["Y"],["Y"],["0"],[],"[""PENDING_AUTHENTICATION"",""AUTHENTICATION_SUCCESSFUL"",""COMPLETED""]",1
auth_payer_nR2G42241346ebKE15OL7R746,445827,20189822,CYBERSOURCE,2024-08-15T13:46:42.746Z,ter_352f806f61114893b8ad32e5,05,Y,AUTHENTICATED,[],[],["Y"],["Y"],["0"],[],"[""PENDING_AUTHENTICATION"",""AUTHENTICATION_SUCCESSFUL"",""COMPLETED""]",1
auth_payer_qCsn52241347LW2015sC7O557,445827,20189822,CYBERSOURCE,2024-08-15T13:47:52.557Z,ter_352f806f61114893b8ad32e5,05,Y,AUTHENTICATED,[],[],["Y"],["Y"],["0"],[],"[""PENDING_AUTHENTICATION"",""AUTHENTICATION_SUCCESSFUL"",""COMPLETED""]",1
auth_payer_9O2859241347Yn7z15Ic77492,445827,20189822,CYBERSOURCE,2024-08-15T13:47:59.492Z,ter_352f806f61114893b8ad32e5,05,Y,AUTHENTICATED,[],[],["Y"],["Y"],["0"],[],"[""PENDING_AUTHENTICATION"",""AUTHENTICATION_SUCCESSFUL"",""COMPLETED""]",1
auth_payer_JHY235241348jg7o15vp7Z334,445827,20189822,CYBERSOURCE,2024-08-15T13:48:35.334Z,ter_352f806f61114893b8ad32e5,05,Y,AUTHENTICATED,[],[],["Y"],["Y"],["0"],[],"[""PENDING_AUTHENTICATION"",""AUTHENTICATION_SUCCESSFUL"",""COMPLETED""]",1
auth_payer_6HSq3241349Bxpm15ok7J775,445827,20189822,CYBERSOURCE,2024-08-15T13:49:03.776Z,ter_352f806f61114893b8ad32e5,,,PENDING,[],[],["Y"],[],[],[],"[""PENDING_AUTHENTICATION"",""COMPLETED""]",1
auth_payer_iNa426241349N2DT159N7T179,428335,20189822,CYBERSOURCE,2024-08-15T13:49:26.179Z,ter_352f806f61114893b8ad32e5,05,Y,AUTHENTICATED,[],[],["Y"],["Y"],["0"],[],"[""PENDING_AUTHENTICATION"",""AUTHENTICATION_SUCCESSFUL"",""COMPLETED""]",1
auth_payer_LREI25241351mPRW15jS7c736,445827,20189822,CYBERSOURCE,2024-08-15T13:51:25.736Z,ter_352f806f61114893b8ad32e5,05,Y,AUTHENTICATED,[],[],["Y"],["Y"],["0"],[],"[""PENDING_AUTHENTICATION"",""AUTHENTICATION_SUCCESSFUL"",""COMPLETED""]",1
auth_payer_TlaC44241351Z6FZ15eT7d922,445827,20189822,CYBERSOURCE,2024-08-15T13:51:44.922Z,ter_352f806f61114893b8ad32e5,05,Y,AUTHENTICATED,[],[],["Y"],["Y"],["0"],[],"[""PENDING_AUTHENTICATION"",""AUTHENTICATION_SUCCESSFUL"",""COMPLETED""]",1
auth_payer_H9W926241352uR34150k7D396,545205,20189822,CYBERSOURCE,2024-08-15T13:52:26.396Z,ter_352f806f61114893b8ad32e5,02,Y,AUTHENTICATED,[],[],["Y"],["Y"],["0"],[],"[""PENDING_AUTHENTICATION"",""AUTHENTICATION_SUCCESSFUL"",""COMPLETED""]",1
auth_payer_uj3F6241353QjDY15im78488,485932,20189822,CYBERSOURCE,2024-08-15T13:53:06.488Z,ter_352f806f61114893b8ad32e5,07,R,FAILED,[],[],["Y"],["R"],[],[],"[""AUTHENTICATION_FAILED"",""COMPLETED""]",1
auth_payer_ebRs16241353aPkI15np7C823,445827,20189822,CYBERSOURCE,2024-08-15T13:53:16.823Z,ter_352f806f61114893b8ad32e5,05,Y,AUTHENTICATED,[],[],["Y"],["Y"],["0"],[],"[""PENDING_AUTHENTICATION"",""AUTHENTICATION_SUCCESSFUL"",""COMPLETED""]",1
auth_payer_8IDB32241353KLDf15Ui78392,445827,20189822,CYBERSOURCE,2024-08-15T13:53:32.392Z,ter_352f806f61114893b8ad32e5,05,Y,AUTHENTICATED,[],[],["Y"],["Y"],["0"],[],"[""PENDING_AUTHENTICATION"",""AUTHENTICATION_SUCCESSFUL"",""COMPLETED""]",1
auth_payer_Mi2d5241354p7YA15cr7h311,445827,20189822,CYBERSOURCE,2024-08-15T13:54:05.311Z,ter_352f806f61114893b8ad32e5,05,Y,AUTHENTICATED,[],[],["Y"],["Y"],["0"],[],"[""PENDING_AUTHENTICATION"",""AUTHENTICATION_SUCCESSFUL"",""COMPLETED""]",1
auth_payer_WO2Z37241354V5Af15hY7185,445827,20189822,CYBERSOURCE,2024-08-15T13:54:37.086Z,ter_352f806f61114893b8ad32e5,05,Y,AUTHENTICATED,[],[],["Y"],["Y"],["0"],[],"[""PENDING_AUTHENTICATION"",""AUTHENTICATION_SUCCESSFUL"",""COMPLETED""]",1
auth_payer_PdPS54241355LgVI15Re7m112,445827,20189822,CYBERSOURCE,2024-08-15T13:55:54.112Z,ter_352f806f61114893b8ad32e5,05,Y,AUTHENTICATED,[],[],["Y"],["Y"],["0"],[],"[""PENDING_AUTHENTICATION"",""AUTHENTICATION_SUCCESSFUL"",""COMPLETED""]",1
auth_payer_hyM5512413565qiF15cE79125,457553,20189822,CYBERSOURCE,2024-08-15T13:56:51.125Z,ter_352f806f61114893b8ad32e5,05,Y,AUTHENTICATED,[],[],["Y"],["Y"],["0"],[],"[""PENDING_AUTHENTICATION"",""AUTHENTICATION_SUCCESSFUL"",""COMPLETED""]",1
auth_payer_U8AY16241358QaUB152M74298,445827,20189822,CYBERSOURCE,2024-08-15T13:58:16.299Z,ter_352f806f61114893b8ad32e5,05,Y,AUTHENTICATED,[],[],["Y"],["Y"],["0"],[],"[""PENDING_AUTHENTICATION"",""AUTHENTICATION_SUCCESSFUL"",""COMPLETED""]",1
auth_payer_rzYU17241358GcRz15So7J867,445827,20189822,CYBERSOURCE,2024-08-15T13:58:17.867Z,ter_352f806f61114893b8ad32e5,05,Y,AUTHENTICATED,[],[],["Y"],["Y"],["0"],[],"[""PENDING_AUTHENTICATION"",""AUTHENTICATION_SUCCESSFUL"",""COMPLETED""]",1
auth_payer_IAtB41241358Sv8v15UU7e709,454887,20189822,CYBERSOURCE,2024-08-15T13:58:41.709Z,ter_352f806f61114893b8ad32e5,05,Y,AUTHENTICATED,[],[],["Y"],["Y"],["0"],[],"[""PENDING_AUTHENTICATION"",""AUTHENTICATION_SUCCESSFUL"",""COMPLETED""]",1
auth_payer_vMm352241359GxNt151I7U970,457553,20189822,CYBERSOURCE,2024-08-15T13:59:52.970Z,ter_352f806f61114893b8ad32e5,05,Y,AUTHENTICATED,[],[],["Y"],["Y"],["0"],[],"[""PENDING_AUTHENTICATION"",""AUTHENTICATION_SUCCESSFUL"",""COMPLETED""]",1
auth_payer_MhRX524140dnWQ15sb7D17,445827,20189822,CYBERSOURCE,2024-08-15T14:00:05.017Z,ter_352f806f61114893b8ad32e5,05,Y,AUTHENTICATED,[],[],["Y"],["Y"],["0"],[],"[""PENDING_AUTHENTICATION"",""AUTHENTICATION_SUCCESSFUL"",""COMPLETED""]",1
auth_payer_HS4S1124140Y9GD15Jk7K435,457553,20189822,CYBERSOURCE,2024-08-15T14:00:11.435Z,ter_352f806f61114893b8ad32e5,05,Y,AUTHENTICATED,[],[],["Y"],["Y"],["0"],[],"[""PENDING_AUTHENTICATION"",""AUTHENTICATION_SUCCESSFUL"",""COMPLETED""]",1
auth_payer_lt8F2724140z4vG15pl7G847,445827,20189822,CYBERSOURCE,2024-08-15T14:00:27.847Z,ter_352f806f61114893b8ad32e5,,,INITIATED,[],[],[],[],[],[],["COMPLETED"],1
auth_payer_cptq11241426iNH15A875184,457927,20189822,CYBERSOURCE,2024-08-15T14:02:11.184Z,ter_352f806f61114893b8ad32e5,05,Y,AUTHENTICATED,[],[],["Y"],["Y"],["0"],[],"[""PENDING_AUTHENTICATION"",""AUTHENTICATION_SUCCESSFUL"",""COMPLETED""]",1
auth_payer_4ivm5924142NHXi15To7L474,454887,20189822,CYBERSOURCE,2024-08-15T14:02:59.474Z,ter_352f806f61114893b8ad32e5,05,Y,AUTHENTICATED,[],[],["Y"],["Y"],["0"],[],"[""PENDING_AUTHENTICATION"",""AUTHENTICATION_SUCCESSFUL"",""COMPLETED""]",1
auth_payer_u59f5924143Mlha15FH76695,483432,20189822,CYBERSOURCE,2024-08-15T14:03:59.695Z,ter_352f806f61114893b8ad32e5,05,Y,AUTHENTICATED,[],[],["Y"],["Y"],["0"],[],"[""PENDING_AUTHENTICATION"",""AUTHENTICATION_SUCCESSFUL"",""COMPLETED""]",1
auth_payer_ucfN1024144OTNj15VL77434,445827,20189822,CYBERSOURCE,2024-08-15T14:04:10.435Z,ter_352f806f61114893b8ad32e5,05,Y,AUTHENTICATED,[],[],["Y"],["Y"],["0"],[],"[""PENDING_AUTHENTICATION"",""AUTHENTICATION_SUCCESSFUL"",""COMPLETED""]",1
auth_payer_mttZ3124146yTyA15Bg76405,445827,20189822,CYBERSOURCE,2024-08-15T14:06:31.405Z,ter_352f806f61114893b8ad32e5,,,PENDING,[],[],["Y"],[],[],[],"[""PENDING_AUTHENTICATION"",""COMPLETED""]",1
auth_payer_izA02524147qb6o156Q74648,454887,20189822,CYBERSOURCE,2024-08-15T14:07:25.648Z,ter_352f806f61114893b8ad32e5,05,Y,AUTHENTICATED,[],[],["Y"],["Y"],["0"],[],"[""PENDING_AUTHENTICATION"",""AUTHENTICATION_SUCCESSFUL"",""COMPLETED""]",1
auth_payer_ZUBR5724147yZRo15z97B697,445827,20189822,CYBERSOURCE,2024-08-15T14:07:57.697Z,ter_352f806f61114893b8ad32e5,05,Y,AUTHENTICATED,[],[],["Y"],["Y"],["0"],[],"[""PENDING_AUTHENTICATION"",""AUTHENTICATION_SUCCESSFUL"",""COMPLETED""]",1
auth_payer_nXqv22241489yNq15yn7V436,445827,20189822,CYBERSOURCE,2024-08-15T14:08:22.436Z,ter_352f806f61114893b8ad32e5,05,Y,AUTHENTICATED,[],[],["Y"],["Y"],["0"],[],"[""PENDING_AUTHENTICATION"",""AUTHENTICATION_SUCCESSFUL"",""COMPLETED""]",1
auth_payer_pj851424149gsDZ15EB7N597,457927,20189822,CYBERSOURCE,2024-08-15T14:09:14.597Z,ter_352f806f61114893b8ad32e5,05,Y,AUTHENTICATED,[],[],["Y"],["Y"],["0"],[],"[""PENDING_AUTHENTICATION"",""AUTHENTICATION_SUCCESSFUL"",""COMPLETED""]",1
auth_payer_qIsg5424149DxA315yB7i81,445827,20189822,CYBERSOURCE,2024-08-15T14:09:54.081Z,ter_352f806f61114893b8ad32e5,05,Y,AUTHENTICATED,[],[],["Y"],["Y"],["0"],[],"[""PENDING_AUTHENTICATION"",""AUTHENTICATION_SUCCESSFUL"",""COMPLETED""]",1
auth_payer_24Hb92414118mSE154X7r818,445827,20189822,CYBERSOURCE,2024-08-15T14:11:09.818Z,ter_352f806f61114893b8ad32e5,05,Y,AUTHENTICATED,[],[],["Y"],["Y"],["0"],[],"[""PENDING_AUTHENTICATION"",""AUTHENTICATION_SUCCESSFUL"",""COMPLETED""]",1
auth_payer_99K314241411g0nV15Hq7P126,445827,20189822,CYBERSOURCE,2024-08-15T14:11:14.126Z,ter_352f806f61114893b8ad32e5,05,Y,AUTHENTICATED,[],[],["Y"],["Y"],[],[],"[""AUTHENTICATION_SUCCESSFUL"",""COMPLETED""]",1
auth_payer_9YyS38241411cWRy150d7O19,473827,20189822,CYBERSOURCE,2024-08-15T14:11:38.019Z,ter_352f806f61114893b8ad32e5,,,INITIATED,[],[],[],[],[],[],["COMPLETED"],1
auth_payer_dAWn56241411z9ox15vD7g216,445827,20189822,CYBERSOURCE,2024-08-15T14:11:56.216Z,ter_352f806f61114893b8ad32e5,05,Y,AUTHENTICATED,[],[],["Y"],["Y"],["0"],[],"[""PENDING_AUTHENTICATION"",""AUTHENTICATION_SUCCESSFUL"",""COMPLETED""]",1
auth_payer_RevX4241412EDON15B376125,405433,20189822,CYBERSOURCE,2024-08-15T14:12:04.125Z,ter_352f806f61114893b8ad32e5,05,Y,AUTHENTICATED,[],[],["Y"],["Y"],[],[],"[""AUTHENTICATION_SUCCESSFUL"",""COMPLETED""]",1
auth_payer_oGr331241412ANts15X872426,445827,20189822,CYBERSOURCE,2024-08-15T14:12:31.426Z,ter_352f806f61114893b8ad32e5,05,Y,AUTHENTICATED,[],[],["Y"],["Y"],["0"],[],"[""PENDING_AUTHENTICATION"",""AUTHENTICATION_SUCCESSFUL"",""COMPLETED""]",1
auth_payer_apYp36241413ggxB15R373302,445827,20189822,CYBERSOURCE,2024-08-15T14:13:36.302Z,ter_352f806f61114893b8ad32e5,05,Y,AUTHENTICATED,[],[],["Y"],["Y"],["0"],[],"[""PENDING_AUTHENTICATION"",""AUTHENTICATION_SUCCESSFUL"",""COMPLETED""]",1
auth_payer_HMZz41241413n5Fz15Sq7g506,445827,20189822,CYBERSOURCE,2024-08-15T14:13:41.506Z,ter_352f806f61114893b8ad32e5,05,Y,AUTHENTICATED,[],[],["Y"],["Y"],["0"],[],"[""PENDING_AUTHENTICATION"",""AUTHENTICATION_SUCCESSFUL"",""COMPLETED""]",1
auth_payer_0IG049241413DFVg15o87R938,445827,20189822,CYBERSOURCE,2024-08-15T14:13:49.938Z,ter_352f806f61114893b8ad32e5,,,INITIATED,[],[],[],[],[],[],["COMPLETED"],1
auth_payer_VMF1282414154DuG15Du7r292,445827,20189822,CYBERSOURCE,2024-08-15T14:15:28.292Z,ter_352f806f61114893b8ad32e5,05,Y,AUTHENTICATED,[],[],["Y"],["Y"],["0"],[],"[""PENDING_AUTHENTICATION"",""AUTHENTICATION_SUCCESSFUL"",""COMPLETED""]",1
auth_payer_F4kg33241415R7ed15VN7B743,445827,20189822,CYBERSOURCE,2024-08-15T14:15:33.744Z,ter_352f806f61114893b8ad32e5,,,INITIATED,[],[],[],[],[],[],["COMPLETED"],1
auth_payer_JohU50241415CjyY15Lp7T462,445827,20189822,CYBERSOURCE,2024-08-15T14:15:50.462Z,ter_352f806f61114893b8ad32e5,05,Y,AUTHENTICATED,[],[],["Y"],["Y"],["0"],[],"[""PENDING_AUTHENTICATION"",""AUTHENTICATION_SUCCESSFUL"",""COMPLETED""]",1
auth_payer_8kGu57241416nDnB15Ei7b381,473827,20189822,CYBERSOURCE,2024-08-15T14:16:57.381Z,ter_352f806f61114893b8ad32e5,,,INITIATED,[],[],[],[],[],[],["COMPLETED"],1
auth_payer_T5lt10241417T9Lo15RW7j617,445827,20189822,CYBERSOURCE,2024-08-15T14:17:10.617Z,ter_352f806f61114893b8ad32e5,05,Y,AUTHENTICATED,[],[],["Y"],["Y"],["0"],[],"[""PENDING_AUTHENTICATION"",""AUTHENTICATION_SUCCESSFUL"",""COMPLETED""]",1
auth_payer_hQhP49241417vym815ki7f80,445827,20189822,CYBERSOURCE,2024-08-15T14:17:49.080Z,ter_352f806f61114893b8ad32e5,,,INITIATED,[],[],[],[],[],[],["COMPLETED"],1
auth_payer_2sZx49241418BBIJ15kz7F479,445827,20189822,CYBERSOURCE,2024-08-15T14:18:49.479Z,ter_352f806f61114893b8ad32e5,05,Y,AUTHENTICATED,[],[],["Y"],["Y"],["0"],[],"[""PENDING_AUTHENTICATION"",""AUTHENTICATION_SUCCESSFUL"",""COMPLETED""]",1
auth_payer_m7k110241419dEob15lh7t473,483432,20189822,CYBERSOURCE,2024-08-15T14:19:10.473Z,ter_352f806f61114893b8ad32e5,05,Y,AUTHENTICATED,[],[],["Y"],["Y"],["0"],[],"[""PENDING_AUTHENTICATION"",""AUTHENTICATION_SUCCESSFUL"",""COMPLETED""]",1
auth_payer_u7AM19241419VyoK15jv7q140,445827,20189822,CYBERSOURCE,2024-08-15T14:19:19.140Z,ter_352f806f61114893b8ad32e5,05,Y,AUTHENTICATED,[],[],["Y"],["Y"],["0"],[],"[""PENDING_AUTHENTICATION"",""AUTHENTICATION_SUCCESSFUL"",""COMPLETED""]",1
auth_payer_hqOO49241419NmVZ15Pl7k118,445827,20189822,CYBERSOURCE,2024-08-15T14:19:49.119Z,ter_352f806f61114893b8ad32e5,,,INITIATED,[],[],[],[],[],[],["COMPLETED"],1
auth_payer_lCAg48241420OWxe15rl7f809,445827,20189822,CYBERSOURCE,2024-08-15T14:20:48.809Z,ter_352f806f61114893b8ad32e5,,,INITIATED,[],[],[],[],[],[],["COMPLETED"],1
auth_payer_dufW33241422X6Hf15Nq7k960,473827,20189822,CYBERSOURCE,2024-08-15T14:22:33.960Z,ter_352f806f61114893b8ad32e5,,,PENDING,[],[],["Y"],[],[],[],"[""PENDING_AUTHENTICATION"",""COMPLETED""]",1
auth_payer_3UYj27241423SAe015c57v781,405433,20189822,CYBERSOURCE,2024-08-15T14:23:27.781Z,ter_352f806f61114893b8ad32e5,05,Y,AUTHENTICATED,[],[],["Y"],["Y"],[],[],"[""AUTHENTICATION_SUCCESSFUL"",""COMPLETED""]",1
auth_payer_HQGv39241424vxPA15vf7a296,445827,20189822,CYBERSOURCE,2024-08-15T14:24:39.296Z,ter_352f806f61114893b8ad32e5,,,INITIATED,[],[],[],[],[],[],["COMPLETED"],1
auth_payer_IEn919241425BcP015Iv7G981,445827,20189822,CYBERSOURCE,2024-08-15T14:25:19.981Z,ter_352f806f61114893b8ad32e5,05,Y,AUTHENTICATED,[],[],["Y"],["Y"],["0"],[],"[""PENDING_AUTHENTICATION"",""AUTHENTICATION_SUCCESSFUL"",""COMPLETED""]",1
auth_payer_tz0b3241428NxkL15Ss71937,445827,20189822,CYBERSOURCE,2024-08-15T14:28:03.938Z,ter_352f806f61114893b8ad32e5,05,Y,AUTHENTICATED,[],[],["Y"],["Y"],["0"],[],"[""PENDING_AUTHENTICATION"",""AUTHENTICATION_SUCCESSFUL"",""COMPLETED""]",1
auth_payer_QJOR54241428Vmpk15ik7C525,445827,20189822,CYBERSOURCE,2024-08-15T14:28:54.525Z,ter_352f806f61114893b8ad32e5,05,Y,AUTHENTICATED,[],[],["Y"],["Y"],["0"],[],"[""PENDING_AUTHENTICATION"",""AUTHENTICATION_SUCCESSFUL"",""COMPLETED""]",1
auth_payer_tbre3241429Lj6k15Rf7L928,417391,20189822,CYBERSOURCE,2024-08-15T14:29:03.928Z,ter_352f806f61114893b8ad32e5,05,Y,AUTHENTICATED,[],[],["Y"],["Y"],["0"],[],"[""PENDING_AUTHENTICATION"",""AUTHENTICATION_SUCCESSFUL"",""COMPLETED""]",1
auth_payer_UrMN56241429otmS15rf7i244,445827,20189822,CYBERSOURCE,2024-08-15T14:29:56.244Z,ter_352f806f61114893b8ad32e5,,,INITIATED,[],[],[],[],[],[],["COMPLETED"],1
auth_payer_ETTd53241430dedy157R7f869,457553,20189822,CYBERSOURCE,2024-08-15T14:30:53.869Z,ter_352f806f61114893b8ad32e5,05,Y,AUTHENTICATED,[],[],["Y"],["Y"],["0"],[],"[""PENDING_AUTHENTICATION"",""AUTHENTICATION_SUCCESSFUL"",""COMPLETED""]",1
auth_payer_4YQP34241431ZUgN15JP7E224,445827,20189822,CYBERSOURCE,2024-08-15T14:31:34.224Z,ter_352f806f61114893b8ad32e5,05,Y,AUTHENTICATED,[],[],["Y"],["Y"],["0"],[],"[""PENDING_AUTHENTICATION"",""AUTHENTICATION_SUCCESSFUL"",""COMPLETED""]",1
auth_payer_K3GM44241432NMCS152t71247,445827,20189822,CYBERSOURCE,2024-08-15T14:32:44.248Z,ter_352f806f61114893b8ad32e5,,,INITIATED,[],[],[],[],[],[],["COMPLETED"],1
auth_payer_KZ4t52414339uv4150g7u350,454887,20189822,CYBERSOURCE,2024-08-15T14:33:05.350Z,ter_352f806f61114893b8ad32e5,05,Y,AUTHENTICATED,[],[],["Y"],["Y"],["0"],[],"[""PENDING_AUTHENTICATION"",""AUTHENTICATION_SUCCESSFUL"",""COMPLETED""]",1
auth_payer_iyIi59241433gnMk15rR73408,518694,20189822,CYBERSOURCE,2024-08-15T14:33:59.408Z,ter_352f806f61114893b8ad32e5,02,Y,AUTHENTICATED,[],[],["Y"],["Y"],["0"],[],"[""PENDING_AUTHENTICATION"",""AUTHENTICATION_SUCCESSFUL"",""COMPLETED""]",1
auth_payer_U3U128241438EVX215157m936,405433,20189822,CYBERSOURCE,2024-08-15T14:38:28.936Z,ter_352f806f61114893b8ad32e5,05,Y,AUTHENTICATED,[],[],["Y"],["Y"],[],[],"[""AUTHENTICATION_SUCCESSFUL"",""COMPLETED""]",1
auth_payer_iuJn53241440tG8e15zW7e245,445827,20189822,CYBERSOURCE,2024-08-15T14:40:53.245Z,ter_352f806f61114893b8ad32e5,05,Y,AUTHENTICATED,[],[],["Y"],["Y"],["0"],[],"[""PENDING_AUTHENTICATION"",""AUTHENTICATION_SUCCESSFUL"",""COMPLETED""]",1
auth_payer_cQOR47241442JMyd15H373567,401978,20189822,CYBERSOURCE,2024-08-15T14:42:47.567Z,ter_352f806f61114893b8ad32e5,06,A,AUTHENTICATED,[],[],["Y"],["A"],[],[],"[""AUTHENTICATION_SUCCESSFUL"",""COMPLETED""]",1
auth_payer_FygA15241443Ysyg15977B289,457927,20189822,CYBERSOURCE,2024-08-15T14:43:15.289Z,ter_352f806f61114893b8ad32e5,05,Y,AUTHENTICATED,[],[],["Y"],["Y"],["0"],[],"[""PENDING_AUTHENTICATION"",""AUTHENTICATION_SUCCESSFUL"",""COMPLETED""]",1
auth_payer_Zt7u26241444QW9415EU7O916,445827,20189822,CYBERSOURCE,2024-08-15T14:44:26.916Z,ter_352f806f61114893b8ad32e5,05,Y,AUTHENTICATED,[],[],["Y"],["Y"],["0"],[],"[""PENDING_AUTHENTICATION"",""AUTHENTICATION_SUCCESSFUL"",""COMPLETED""]",1
auth_payer_HLh143241445DhRH15bU7S288,401978,20189822,CYBERSOURCE,2024-08-15T14:45:43.288Z,ter_352f806f61114893b8ad32e5,06,A,AUTHENTICATED,[],[],["Y"],["A"],[],[],"[""AUTHENTICATION_SUCCESSFUL"",""COMPLETED""]",1
auth_payer_EdLx13241446L35H15Zi79368,552075,20189822,CYBERSOURCE,2024-08-15T14:46:13.368Z,ter_352f806f61114893b8ad32e5,02,Y,AUTHENTICATED,[],[],["Y"],["Y"],["0"],[],"[""PENDING_AUTHENTICATION"",""AUTHENTICATION_SUCCESSFUL"",""COMPLETED""]",1
auth_payer_RjRf6241447lYWM15Jq7K378,445827,20189822,CYBERSOURCE,2024-08-15T14:47:06.378Z,ter_352f806f61114893b8ad32e5,,,INITIATED,[],[],[],[],[],[],["COMPLETED"],1
auth_payer_icmd242414500e4b15cp7x903,401978,20189822,CYBERSOURCE,2024-08-15T14:50:24.903Z,ter_352f806f61114893b8ad32e5,05,Y,AUTHENTICATED,[],[],["Y"],["Y"],["0"],[],"[""PENDING_AUTHENTICATION"",""AUTHENTICATION_SUCCESSFUL"",""COMPLETED""]",1
auth_payer_x30k3241451ysT115KW7q0,445827,20189822,CYBERSOURCE,2024-08-15T14:51:03.000Z,ter_352f806f61114893b8ad32e5,05,Y,AUTHENTICATED,[],[],["Y"],["Y"],["0"],[],"[""PENDING_AUTHENTICATION"",""AUTHENTICATION_SUCCESSFUL"",""COMPLETED""]",1
auth_payer_gLTQ1241452HBYe15Z67Q902,445827,20189822,CYBERSOURCE,2024-08-15T14:52:01.902Z,ter_352f806f61114893b8ad32e5,05,Y,AUTHENTICATED,[],[],["Y"],["Y"],["0"],[],"[""PENDING_AUTHENTICATION"",""AUTHENTICATION_SUCCESSFUL"",""COMPLETED""]",1
auth_payer_1NYu26241457k0MD15AP7I201,546757,28055731,CYBERSOURCE,2024-08-15T14:57:26.201Z,ter_a2f0ed2d064248a8bdabc6a2,02,Y,AUTHENTICATED,[],[],["Y"],["Y"],["0"],[],"[""PENDING_AUTHENTICATION"",""AUTHENTICATION_SUCCESSFUL"",""COMPLETED""]",1
auth_payer_eDrA432414597sOC15xe7K959,445827,20189822,CYBERSOURCE,2024-08-15T14:59:43.959Z,ter_352f806f61114893b8ad32e5,05,Y,AUTHENTICATED,[],[],["Y"],["Y"],["0"],[],"[""PENDING_AUTHENTICATION"",""AUTHENTICATION_SUCCESSFUL"",""COMPLETED""]",1
auth_payer_0O2K4924150qSqv15Lo7Q998,445827,20189822,CYBERSOURCE,2024-08-15T15:00:49.998Z,ter_352f806f61114893b8ad32e5,05,Y,AUTHENTICATED,[],[],["Y"],["Y"],["0"],[],"[""PENDING_AUTHENTICATION"",""AUTHENTICATION_SUCCESSFUL"",""COMPLETED""]",1
auth_payer_RMq51724151AKjk15Zy7T477,445827,20189822,CYBERSOURCE,2024-08-15T15:01:17.477Z,ter_352f806f61114893b8ad32e5,05,Y,AUTHENTICATED,[],[],["Y"],["Y"],["0"],[],"[""PENDING_AUTHENTICATION"",""AUTHENTICATION_SUCCESSFUL"",""COMPLETED""]",1
auth_payer_lLbV024153hsfc15yD7V419,457998,20189822,CYBERSOURCE,2024-08-15T15:03:00.419Z,ter_352f806f61114893b8ad32e5,,,PENDING,[],[],["Y"],[],[],[],"[""PENDING_AUTHENTICATION"",""COMPLETED""]",1
